Category,Brand_Name,Program_Name,Direct_Sign-up_URL
Fine Jewelry & Luxury Timepieces,Tiffany & Co.,Client Account & Care,https://www.tiffany.com
Fine Jewelry & Luxury Timepieces,Cartier,My Cartier Account,https://www.cartier.com
Fine Jewelry & Luxury Timepieces,Van Cleef & Arpels,Client Profile,https://www.vancleefarpels.com
Fine Jewelry & Luxury Timepieces,Bulgari,Bulgari Account,https://www.bulgari.com
Fine Jewelry & Luxury Timepieces,Harry Winston,Client Portal,https://www.harrywinston.com
Fine Jewelry & Luxury Timepieces,Chopard,Client Account,https://www.chopard.com
Fine Jewelry & Luxury Timepieces,Boucheron,Client Portal,https://www.boucheron.com
Fine Jewelry & Luxury Timepieces,Graff,Client Registration,https://www.graff.com
Fine Jewelry & Luxury Timepieces,Piaget,Client Account,https://www.piaget.com
Fine Jewelry & Luxury Timepieces,Chaumet,Client Account,https://www.chaumet.com
Fine Jewelry & Luxury Timepieces,Mikimoto,Client Profile,https://www.mikimotoamerica.com
Fine Jewelry & Luxury Timepieces,Buccellati,Client Portal,https://www.buccellati.com
Fine Jewelry & Luxury Timepieces,David Yurman,Account & Concierge,https://www.davidyurman.com
Fine Jewelry & Luxury Timepieces,John Hardy,Client Account,https://www.johnhardy.com
Fine Jewelry & Luxury Timepieces,Messika,Client Portal,https://www.messika.com
Fine Jewelry & Luxury Timepieces,Pomellato,Client Account,https://www.pomellato.com
Fine Jewelry & Luxury Timepieces,Rolex,Official Retailer Locator Portal,https://www.rolex.com
Fine Jewelry & Luxury Timepieces,Patek Philippe,Register Your Timepiece,https://www.patek.com
Fine Jewelry & Luxury Timepieces,Audemars Piguet,AP Coverage & Account,https://www.audemarspiguet.com
Fine Jewelry & Luxury Timepieces,Vacheron Constantin,The Hour Club,https://www.vacheron-constantin.com
Fine Jewelry & Luxury Timepieces,A. Lange & Söhne,My Account,https://www.alange-soehne.com
Fine Jewelry & Luxury Timepieces,Jaeger-LeCoultre,Care Program & Warranty,https://www.jaeger-lecoultre.com
Fine Jewelry & Luxury Timepieces,Omega,My OMEGA Account,https://www.omegawatches.com
Fine Jewelry & Luxury Timepieces,IWC Schaffhausen,My IWC Warranty Extension,https://www.iwc.com
Fine Jewelry & Luxury Timepieces,Breitling,Breitling Club & NFT Passport,https://www.breitling.com
Fine Jewelry & Luxury Timepieces,TAG Heuer,My TAG Heuer Account,https://www.tagheuer.com
Fine Jewelry & Luxury Timepieces,Panerai,Pam.Guard Extended Warranty,https://www.panerai.com
Fine Jewelry & Luxury Timepieces,Hublot,Hublotista Community,https://www.hublot.com
Fine Jewelry & Luxury Timepieces,Tudor,Tudor Client Account,https://www.tudorwatch.com
Fine Jewelry & Luxury Timepieces,Zenith,Zenith Care Account,https://www.zenith-watches.com
Fine Jewelry & Luxury Timepieces,Grand Seiko,GS9 Club,https://www.grand-seiko.com
Fine Jewelry & Luxury Timepieces,Blancpain,Blancpain Account,https://www.blancpain.com
Fine Jewelry & Luxury Timepieces,Breguet,Register a Breguet Watch,https://www.breguet.com
Fine Jewelry & Luxury Timepieces,Ulysse Nardin,Extended 5-Year Warranty,https://www.ulysse-nardin.com
Fine Jewelry & Luxury Timepieces,Girard-Perregaux,Client Account,https://www.girard-perregaux.com
Fine Jewelry & Luxury Timepieces,Glashütte Original,Client Portal,https://www.glashuette-original.com
Fine Jewelry & Luxury Timepieces,Longines,My Longines Account,https://www.longines.com
Fine Jewelry & Luxury Timepieces,Bell & Ross,Club Bell & Ross,https://www.bellross.com
Fine Jewelry & Luxury Timepieces,Oris,MyOris Extended Warranty,https://www.oris.ch
Fine Jewelry & Luxury Timepieces,Montblanc,Montblanc Club,https://www.montblanc.com
Fine Jewelry & Luxury Timepieces,Kay Jewelers,Kay Vault Rewards,https://www.kay.com
Fine Jewelry & Luxury Timepieces,Zales,The Diamond Card & VIP,https://www.zales.com
Fine Jewelry & Luxury Timepieces,Jared,Jared Gold VIP Rewards,https://www.jared.com
Fine Jewelry & Luxury Timepieces,Blue Nile,Blue Nile Account,https://www.bluenile.com
Fine Jewelry & Luxury Timepieces,James Allen,Customer Account,https://www.jamesallen.com
Fine Jewelry & Luxury Timepieces,Helzberg Diamonds,I Am Loved Rewards,https://www.helzberg.com
"Fintech, Digital Banking & BNPL",Chime,Digital Banking Account,https://www.chime.com
"Fintech, Digital Banking & BNPL",Current,Banking & Build Card,https://current.com
"Fintech, Digital Banking & BNPL",Varo Bank,Varo Bank Account,https://www.varomoney.com
"Fintech, Digital Banking & BNPL",SoFi,"Checking, Savings & Invest",https://www.sofi.com
"Fintech, Digital Banking & BNPL",Upgrade,Card & Personal Credit Line,https://www.upgrade.com
"Fintech, Digital Banking & BNPL",Klarna,Pay in 4 & Rewards Club,https://www.klarna.com
"Fintech, Digital Banking & BNPL",Afterpay,Pulse Rewards,https://www.afterpay.com
"Fintech, Digital Banking & BNPL",Affirm,Financing & Savings,https://www.affirm.com
"Fintech, Digital Banking & BNPL",Zip (Quadpay),Zip App & Financing,https://zip.co
"Fintech, Digital Banking & BNPL",Sezzle,Sezzle Up & Financing,https://sezzle.com
"Fintech, Digital Banking & BNPL",PayPal,PayPal Balance Account,https://www.paypal.com
"Fintech, Digital Banking & BNPL",Venmo,Venmo Account & Card,https://venmo.com
"Fintech, Digital Banking & BNPL",Cash App,Cash App & Cash Card,https://cash.app
"Fintech, Digital Banking & BNPL",Revolut,Revolut Account,https://www.revolut.com
"Fintech, Digital Banking & BNPL",Wise,Multi-Currency Account,https://wise.com
"Fintech, Digital Banking & BNPL",Acorns,Invest & Early,https://www.acorns.com
"Fintech, Digital Banking & BNPL",Stash,Stash Banking & Invest,https://www.stash.com
"Fintech, Digital Banking & BNPL",Robinhood,Robinhood Gold & Cash,https://robinhood.com
"Fintech, Digital Banking & BNPL",Public.com,Investing Account,https://public.com
"Fintech, Digital Banking & BNPL",M1 Finance,M1 Smart Money Account,https://m1.com
"Fintech, Digital Banking & BNPL",Betterment,Cash Reserve & Invest,https://www.betterment.com
"Fintech, Digital Banking & BNPL",Wealthfront,Cash Account & Portfolio,https://www.wealthfront.com
"Fintech, Digital Banking & BNPL",Albert,Smart Savings & Genius,https://albert.com
"Fintech, Digital Banking & BNPL",Dave,ExtraCash & Banking,https://dave.com
"Fintech, Digital Banking & BNPL",Brigit,Credit Builder & Cash,https://www.hellobrigit.com
"Fintech, Digital Banking & BNPL",EarnIn,Cash Out Platform,https://www.earnin.com
"Fintech, Digital Banking & BNPL",MoneyLion,RoarMoney & Instacash,https://www.moneylion.com
"Fintech, Digital Banking & BNPL",Step,Teen & Young Adult Banking,https://step.com
"Fintech, Digital Banking & BNPL",Greenlight,Family Finance Card,https://greenlight.com
"Fintech, Digital Banking & BNPL",Copper,Banking Platform,https://www.getcopper.com
"Fintech, Digital Banking & BNPL",Aspiration,Aspiration Spend & Save,https://www.aspiration.com
"Fintech, Digital Banking & BNPL",One Finance,One Card & High-Yield,https://www.one.app
"Fintech, Digital Banking & BNPL",Oxygen,Business & Personal Fintech,https://oxygen.us
"Fintech, Digital Banking & BNPL",LendingClub,Checking & Personal Loans,https://www.lendingclub.com
"Fintech, Digital Banking & BNPL",Discover Bank,Cashback Debit & Online,https://www.discover.com
"Fintech, Digital Banking & BNPL",Marcus by Goldman Sachs,Online Savings Portal,https://www.marcus.com
"Fintech, Digital Banking & BNPL",Barclays US Savings,Online Savings Account,https://www.banking.barclaysus.com
"Fintech, Digital Banking & BNPL",Synchrony Bank,High Yield Savings,https://www.synchronybank.com
"Fintech, Digital Banking & BNPL",American Express National Bank,Personal Savings Portal,https://www.americanexpress.com
"Fintech, Digital Banking & BNPL",CIT Bank,Platinum & Savings Connect,https://www.cit.com
"Fintech, Digital Banking & BNPL",Capital One 360,360 Checking & Savings,https://www.capitalone.com
"Fintech, Digital Banking & BNPL",Bread Financial,Bread Savings Portal,https://www.breadfinancial.com
Soft-Pull Credit Pre-Approval & Credit Unions,Navy Federal Credit Union,Membership Portal,https://www.navyfederal.org
Soft-Pull Credit Pre-Approval & Credit Unions,PenFed Credit Union,Membership & Pre-Approval,https://www.penfed.org
Soft-Pull Credit Pre-Approval & Credit Unions,Alliant Credit Union,High-Rate Savings & Card,https://www.alliantcreditunion.org
Soft-Pull Credit Pre-Approval & Credit Unions,First Tech Federal CU,Tech Industry Membership,https://www.firsttechfed.com
Soft-Pull Credit Pre-Approval & Credit Unions,Consumers Credit Union,High-Yield Rewards Member,https://www.myconsumers.org
Soft-Pull Credit Pre-Approval & Credit Unions,Service Credit Union,Global Military/Civilian,https://servicecu.org
Soft-Pull Credit Pre-Approval & Credit Unions,Security Service FCU,Texas/Colorado Member,https://www.ssfcu.org
Soft-Pull Credit Pre-Approval & Credit Unions,Randolph-Brooks FCU,RBFCU Membership,https://www.rbfcu.org
Soft-Pull Credit Pre-Approval & Credit Unions,Golden 1 Credit Union,California Statewide Access,https://www.golden1.com
Soft-Pull Credit Pre-Approval & Credit Unions,SchoolsFirst FCU,Educator Community Access,https://www.schoolsfirstfcu.org
Soft-Pull Credit Pre-Approval & Credit Unions,Suncoast Credit Union,Florida Member Portal,https://www.suncoastcreditunion.com
Soft-Pull Credit Pre-Approval & Credit Unions,America First Credit Union,Utah/Nevada Membership,https://www.americafirst.com
Soft-Pull Credit Pre-Approval & Credit Unions,Mountain America CU,Mountain West Member,https://www.macu.com
Soft-Pull Credit Pre-Approval & Credit Unions,Bethpage Federal Credit Union,Open-Access Membership,https://www.bethpagefcu.com
Soft-Pull Credit Pre-Approval & Credit Unions,State Employees' CU (NC),North Carolina Public Staff,https://www.sekcu.org
Soft-Pull Credit Pre-Approval & Credit Unions,Connexus Credit Union,National Affinity Access,https://www.connexuscu.org
Soft-Pull Credit Pre-Approval & Credit Unions,USAA,Military Family Membership,https://www.usaa.com
Soft-Pull Credit Pre-Approval & Credit Unions,Discover Card,Credit Card Pre-Approval,https://www.discovercard.com
Soft-Pull Credit Pre-Approval & Credit Unions,Apple Card / Goldman Sachs,Apple Card Soft-Pull Pre-Approval,https://www.apple.com/apple-card/
Soft-Pull Credit Pre-Approval & Credit Unions,Wells Fargo,Wells Fargo Card Pre-Screen,https://www.wellsfargo.com
Soft-Pull Credit Pre-Approval & Credit Unions,Mission Lane,Mission Lane Visa Pre-Qual,https://www.missionlane.com
Soft-Pull Credit Pre-Approval & Credit Unions,OpenSky Secured Visa,No Credit Check Pre-Screen,https://www.openskycc.com
Soft-Pull Credit Pre-Approval & Credit Unions,Credit One Bank,Credit Card Pre-Qual Check,https://www.creditonebank.com
Soft-Pull Credit Pre-Approval & Credit Unions,Milestone Mastercard,Genesis Financial Pre-Qual,https://www.milestonegoldmastercard.com
Soft-Pull Credit Pre-Approval & Credit Unions,Destiny Mastercard,First Electronic Bank Pre-Qual,https://www.destinycard.com
Soft-Pull Credit Pre-Approval & Credit Unions,Indigo Mastercard,Celtic Bank Pre-Qual Portal,https://www.indigocard.com
Soft-Pull Credit Pre-Approval & Credit Unions,Avant Personal Loans,Loan Soft-Pull Rate Quote,https://www.avant.com
Soft-Pull Credit Pre-Approval & Credit Unions,Upstart,Upstart AI Loan Pre-Qual,https://www.upstart.com
Soft-Pull Credit Pre-Approval & Credit Unions,Best Egg,Personal Loan Pre-Qual Portal,https://www.bestegg.com
Soft-Pull Credit Pre-Approval & Credit Unions,OneMain Financial,Loan Pre-Qualification Portal,https://www.onemainfinancial.com
Soft-Pull Credit Pre-Approval & Credit Unions,LendingPoint,Near-Prime Loan Pre-Qual,https://www.lendingpoint.com
Soft-Pull Credit Pre-Approval & Credit Unions,Nav,Business Credit & Financing Match,https://www.nav.com
Soft-Pull Credit Pre-Approval & Credit Unions,Lendio,Small Business Loan Marketplace,https://www.lendio.com
Soft-Pull Credit Pre-Approval & Credit Unions,Funding Circle,Small Business Term Pre-Qual,https://www.fundingcircle.com
Soft-Pull Credit Pre-Approval & Credit Unions,Bluevine,Business Line of Credit,https://www.bluevine.com
Soft-Pull Credit Pre-Approval & Credit Unions,Fundbox,Working Capital Line of Credit,https://fundbox.com
Soft-Pull Credit Pre-Approval & Credit Unions,OnDeck,Term Loans & Lines of Credit,https://www.ondeck.com
"Streaming, Digital Media & Free Entertainment",Tubi TV,Free Streaming Account,https://tubitv.com
"Streaming, Digital Media & Free Entertainment",Pluto TV,Paramount Free Streaming,https://pluto.tv
"Streaming, Digital Media & Free Entertainment",Freevee,Amazon Free Streaming,https://www.amazon.com/freevee
"Streaming, Digital Media & Free Entertainment",The Roku Channel,Free Live & On-Demand TV,https://therokuchannel.roku.com
"Streaming, Digital Media & Free Entertainment",Crackle,Free Movies & Original Shows,https://www.crackle.com
"Streaming, Digital Media & Free Entertainment",Plex,Free Movies & Live TV Portal,https://www.plex.tv
"Streaming, Digital Media & Free Entertainment",Vudu / Fandango at Home,Free Movies with Ads,https://www.vudu.com
"Streaming, Digital Media & Free Entertainment",Kanopy,Library Streaming Platform,https://www.kanopy.com
"Streaming, Digital Media & Free Entertainment",Hoopla Digital,Library Media & TV Streaming,https://www.hoopladigital.com
"Streaming, Digital Media & Free Entertainment",Sling Freestream,Free Live Channels Streaming,https://www.sling.com/freestream
"Streaming, Digital Media & Free Entertainment",Xumo Play,Comcast Free Streaming TV,https://www.xumo.com
"Streaming, Digital Media & Free Entertainment",Redbox Free Live TV,Free Streaming Channels,https://www.redbox.com
"Streaming, Digital Media & Free Entertainment",PBS Video,Free Public Broadcasting Stream,https://www.pbs.org
"Streaming, Digital Media & Free Entertainment",Internet Archive,Free Public Domain Movies,https://archive.org
"Streaming, Digital Media & Free Entertainment",Vimeo,Creator Community & Streams,https://vimeo.com
"Streaming, Digital Media & Free Entertainment",Dailymotion,Video Sharing & Streams,https://www.dailymotion.com
"Streaming, Digital Media & Free Entertainment",Twitch,Live Game & Music Streaming,https://www.twitch.tv
"Streaming, Digital Media & Free Entertainment",Kick,Creator Live Streaming,https://kick.com
"Streaming, Digital Media & Free Entertainment",Spotify Free,Free Ad-Supported Music,https://www.spotify.com
"Streaming, Digital Media & Free Entertainment",Pandora,Free Radio & Music Streaming,https://www.pandora.com
"Streaming, Digital Media & Free Entertainment",iHeartRadio,Free Radio & Podcast Platform,https://www.iheart.com
Movie Theatres & Cinema Loyalty,AMC Theatres,AMC Stubs Insider / A-List,https://www.amctheatres.com
Movie Theatres & Cinema Loyalty,Regal Cinemas,Regal Crown Club & Unlimited,https://www.regmovies.com
Movie Theatres & Cinema Loyalty,Cinemark Theatres,Cinemark Movie Rewards & Club,https://www.cinemark.com
Movie Theatres & Cinema Loyalty,Alamo Drafthouse Cinema,Alamo Victory Club & Season Pass,https://drafthouse.com
Movie Theatres & Cinema Loyalty,Marcus Theatres,Magical Movie Rewards,https://www.marcustheatres.com
Movie Theatres & Cinema Loyalty,Harkins Theatres,My Harkins Awards,https://www.harkins.com
Movie Theatres & Cinema Loyalty,B&B Theatres,Backstage Pass Rewards,https://www.bbtheatres.com
Movie Theatres & Cinema Loyalty,Showcase Cinemas,Starpass Rewards Program,https://www.showcasecinemas.com
Movie Theatres & Cinema Loyalty,Megaplex Theatres,MegaPass Loyalty Portal,https://www.megaplextheatres.com
Movie Theatres & Cinema Loyalty,Landmark Theatres,Landmark Film Club,https://www.landmarktheatres.com
Movie Theatres & Cinema Loyalty,Studio Movie Grill,SMG Access Rewards,https://www.studiomoviegrill.com
Movie Theatres & Cinema Loyalty,IPIC Theatres,IPIC Access Membership,https://www.ipic.com
Movie Theatres & Cinema Loyalty,Cineplex (Canada),Scene+ Rewards Program,https://www.cineplex.com
Movie Theatres & Cinema Loyalty,Look Dine-In Cinemas,Look Diamond Rewards,https://www.lookcinemas.com
Movie Theatres & Cinema Loyalty,Flix Brewhouse,The Circle Loyalty Club,https://www.flixbrewhouse.com
Movie Theatres & Cinema Loyalty,EVO Entertainment,EVO Elite Rewards,https://www.evocinemas.com
Movie Theatres & Cinema Loyalty,Emagine Theatres,Emagine Rewards Program,https://www.emagine-entertainment.com
Movie Theatres & Cinema Loyalty,Santikos Entertainment,Santikos Loyalty Rewards,https://www.santikos.com
Movie Theatres & Cinema Loyalty,Celebration! Cinema,Celebration C-Rewards,https://www.celebrationcinema.com
Movie Theatres & Cinema Loyalty,Malco Theatres,Malco Marquee Rewards,https://www.malco.com
"Health, Fitness & Connected Wellness",Planet Fitness,PF Black Card & Classic,https://www.planetfitness.com
"Health, Fitness & Connected Wellness",LA Fitness / Esporta,Club Membership Portal,https://www.lafitness.com
"Health, Fitness & Connected Wellness",Anytime Fitness,24/7 Global Member Access,https://www.anytimefitness.com
"Health, Fitness & Connected Wellness",Crunch Fitness,Crunch Peak & Base Membership,https://www.crunch.com
"Health, Fitness & Connected Wellness",Equinox,Luxury Club Membership,https://www.equinox.com
"Health, Fitness & Connected Wellness",Gold's Gym,Gold's Gym Member Portal,https://www.goldsgym.com
"Health, Fitness & Connected Wellness",24 Hour Fitness,24GO National Membership,https://www.24hourfitness.com
"Health, Fitness & Connected Wellness",YMCA of the USA,Community Branch Join Portal,https://www.ymca.org
"Health, Fitness & Connected Wellness",Snap Fitness,Snap 24/7 Global Member,https://www.snapfitness.com
"Health, Fitness & Connected Wellness",Orangetheory Fitness,Heart-Rate Interval Training,https://www.orangetheory.com
"Health, Fitness & Connected Wellness",F45 Training,Functional Team Training Pass,https://f45training.com
"Health, Fitness & Connected Wellness",Barry's Bootcamp,The Academy Class Booking,https://www.barrys.com
"Health, Fitness & Connected Wellness",Peloton Interactive,Peloton App & Equipment Pass,https://www.onepeloton.com
"Health, Fitness & Connected Wellness",iFIT,Connected Fitness Membership,https://www.ifit.com
"Health, Fitness & Connected Wellness",Tonal,Intelligent Strength Member,https://www.tonal.com
"Health, Fitness & Connected Wellness",WHOOP,WHOOP Biometric Membership,https://www.whoop.com
"Health, Fitness & Connected Wellness",Oura Ring,Oura Health Ring Membership,https://ouraring.com
"Health, Fitness & Connected Wellness",Strava,Strava Summit & Athlete Club,https://www.strava.com
"Health, Fitness & Connected Wellness",Fitbit (Google),Fitbit Premium Platform,https://www.fitbit.com
"Health, Fitness & Connected Wellness",Garmin Connect,Garmin Connect Athlete Portal,https://connect.garmin.com
"Health, Fitness & Connected Wellness",Nike Training Club,NTC Mobile Training Account,https://www.nike.com
"Health, Fitness & Connected Wellness",Under Armour MapMyRun,MVP Athlete Subscription,https://www.mapmyrun.com
"Health, Fitness & Connected Wellness",MyFitnessPal,MyFitnessPal Premium Calorie,https://www.myfitnesspal.com
"Health, Fitness & Connected Wellness",Noom,Psychology Weight Care Portal,https://www.noom.com
"Health, Fitness & Connected Wellness",WeightWatchers,WW Points Program Portal,https://www.weightwatchers.com
"Health, Fitness & Connected Wellness",ClassPass,Global Fitness Studio Credits,https://classpass.com
"Health, Fitness & Connected Wellness",Mindbody,Fitness & Wellness Booking,https://www.mindbodyonline.com
"Health, Fitness & Connected Wellness",Gympass / Wellhub,Corporate Fitness Network,https://wellhub.com
"Health, Fitness & Connected Wellness",Active&Fit Direct,Standard Fitness Network,https://www.activeandfitdirect.com
"Automotive Service, Parts & Ownership",AutoZone,AutoZone Rewards Program,https://www.autozone.com
"Automotive Service, Parts & Ownership",Advance Auto Parts,Speed Perks Loyalty Program,https://shop.advanceautoparts.com
"Automotive Service, Parts & Ownership",O'Reilly Auto Parts,O'Rewards Loyalty Program,https://www.oreillyauto.com
"Automotive Service, Parts & Ownership",NAPA Auto Parts,NAPA Rewards Loyalty Club,https://www.napaonline.com
"Automotive Service, Parts & Ownership",Discount Tire / America's Tire,Tire Customer Account Portal,https://www.discounttire.com
"Automotive Service, Parts & Ownership",Firestone Complete Auto Care,Firestone Rewards Account,https://www.firestonecompleteautocare.com
"Automotive Service, Parts & Ownership",Jiffy Lube,Jiffy Lube Rewards Portal,https://www.jiffylube.com
"Automotive Service, Parts & Ownership",Valvoline Instant Oil Change,Team Valvoline Member Portal,https://www.vioc.com
"Automotive Service, Parts & Ownership",Take 5 Oil Change,Take 5 Customer Rewards,https://www.take5.com
"Automotive Service, Parts & Ownership",Midas,Midas DriveSaver Maintenance,https://www.midas.com
"Automotive Service, Parts & Ownership",Meineke Car Care Center,Meineke Rewards Program,https://www.meineke.com
"Automotive Service, Parts & Ownership",Pep Boys,Pep Boys Rewards Program,https://www.pepboys.com
"Automotive Service, Parts & Ownership",Safelite AutoGlass,Glass Repair & Calibration,https://www.safelite.com
"Automotive Service, Parts & Ownership",Goodyear Auto Service,Goodyear Tire Credit & Portal,https://www.goodyear.com
"Automotive Service, Parts & Ownership",Tire Kingdom / Mavis Discount Tire,Mavis Rewards & Tire Care,https://www.mavis.com
"Automotive Service, Parts & Ownership",Tire Rack,Tire & Wheel Customer Portal,https://www.tirerack.com
"Automotive Service, Parts & Ownership",Mister Car Wash,Unlimited Wash Club Portal,https://mistercarwash.com
"Automotive Service, Parts & Ownership",Zips Car Wash,ZIPS Unlimited Wash Club,https://www.zipscarwash.com
"Automotive Service, Parts & Ownership",Whistle Express Car Wash,Whistle Unlimited Wash Club,https://whistleexpresscarwash.com
"Automotive Service, Parts & Ownership",AAA (American Auto Assoc),AAA Roadside Assistance,https://www.aaa.com
"Automotive Service, Parts & Ownership",Tesla,Tesla Vehicle Account & App,https://www.tesla.com
"Automotive Service, Parts & Ownership",Ford Motor Company,FordPass Rewards Program,https://www.ford.com
"Automotive Service, Parts & Ownership",General Motors,My GM Rewards Program,https://www.gm.com
"Automotive Service, Parts & Ownership",Toyota Motor North America,Toyota Owners Portal,https://www.toyota.com
"Automotive Service, Parts & Ownership",American Honda Motor Co.,Honda Owners Customer Account,https://owners.honda.com
"Automotive Service, Parts & Ownership",BMW of North America,My BMW ConnectedDrive Portal,https://www.bmwusa.com
"Automotive Service, Parts & Ownership",Mercedes-Benz USA,Mercedes me connect Portal,https://www.mbusa.com
"Automotive Service, Parts & Ownership",Hyundai Motor America,MyHyundai Blue Link Portal,https://www.myhyundai.com
"Automotive Service, Parts & Ownership",Kia America,Kia Access & Owner Portal,https://owners.kia.com
"Automotive Service, Parts & Ownership",Subaru of America,MySubaru Connected Services,https://www.mysubaru.com
"Automotive Service, Parts & Ownership",Carvana,Carvana Car Buying & Finance,https://www.carvana.com
"Ferries, Cruise Lines & Regional Rail",Carnival Cruise Line,VIFP Club Loyalty Program,https://www.carnival.com
"Ferries, Cruise Lines & Regional Rail",Royal Caribbean International,Crown & Anchor Society,https://www.royalcaribbean.com
"Ferries, Cruise Lines & Regional Rail",Norwegian Cruise Line,Latitudes Rewards Program,https://www.ncl.com
"Ferries, Cruise Lines & Regional Rail",MSC Cruises,MSC Voyagers Club Program,https://www.msccruisesusa.com
"Ferries, Cruise Lines & Regional Rail",Celebrity Cruises,Captain's Club Loyalty Program,https://www.celebritycruises.com
"Ferries, Cruise Lines & Regional Rail",Princess Cruises,Captain's Circle Loyalty Club,https://www.princess.com
"Ferries, Cruise Lines & Regional Rail",Holland America Line,Mariner Society Loyalty Club,https://www.hollandamerica.com
"Ferries, Cruise Lines & Regional Rail",Disney Cruise Line,Castaway Club Loyalty Program,https://disneycruise.disney.go.com
"Ferries, Cruise Lines & Regional Rail",Viking Cruises,Viking Explorer Society,https://www.vikingcruises.com
"Ferries, Cruise Lines & Regional Rail",Virgin Voyages,Sailing Club Loyalty Program,https://www.virginvoyages.com
"Ferries, Cruise Lines & Regional Rail",Cunard Line,Cunard World Club Loyalty,https://www.cunard.com
"Ferries, Cruise Lines & Regional Rail",Seabourn Cruise Line,Seabourn Club Luxury Loyalty,https://www.seabourn.com
"Ferries, Cruise Lines & Regional Rail",Silversea Cruises,Venetian Society Loyalty Club,https://www.silversea.com
"Ferries, Cruise Lines & Regional Rail",Regent Seven Seas Cruises,Seven Seas Society Program,https://www.rssc.com
"Ferries, Cruise Lines & Regional Rail",Oceania Cruises,Oceania Club Loyalty Program,https://www.oceaniacruises.com
"Ferries, Cruise Lines & Regional Rail",Washington State Ferries,Wave2Go & Terminal Fares,https://wsdot.wa.gov/ferries
"Ferries, Cruise Lines & Regional Rail",NYC Ferry,Hornblower NYC Ferry Portal,https://www.ferry.nyc
"Ferries, Cruise Lines & Regional Rail",Staten Island Ferry,NYC DOT Ferry Operations,https://www.siferry.com
"Ferries, Cruise Lines & Regional Rail",Golden Gate Ferry,San Francisco Bay Ferry Fares,https://www.goldengate.org
"Ferries, Cruise Lines & Regional Rail",San Francisco Bay Ferry,WETA Bay Ferry Ticketing,https://sanfranciscobayferry.com
"Ferries, Cruise Lines & Regional Rail",Boston Harbor City Cruises,Commuter Ferry Service,https://www.cityexperiences.com
"Ferries, Cruise Lines & Regional Rail",Cape May-Lewes Ferry,DRBA Mid-Atlantic Ferry Club,https://www.cmlf.com
"Ferries, Cruise Lines & Regional Rail",The Steamship Authority,Nantucket/Martha's Vineyard,https://www.steamshipauthority.com
"Ferries, Cruise Lines & Regional Rail",Hy-Line Cruises,Cape Cod & Islands Ferry Club,https://hylinecruises.com
"Ferries, Cruise Lines & Regional Rail",Catalina Express,Catalina Express Club Castaway,https://www.catalinaexpress.com
"Ferries, Cruise Lines & Regional Rail",BC Ferries (Canada),My BC Ferries Account Portal,https://www.bcferries.com
"Ferries, Cruise Lines & Regional Rail",Amtrak,Amtrak Guest Rewards Program,https://www.amtrak.com
"Ferries, Cruise Lines & Regional Rail",Brightline Florida,Brightline High-Speed Train,https://www.gobrightline.com
"Ferries, Cruise Lines & Regional Rail",VIA Rail Canada,VIA Préférence Loyalty Club,https://www.viarail.ca
"Ferries, Cruise Lines & Regional Rail",Eurostar,Club Eurostar Loyalty Program,https://www.eurostar.com
"Ferries, Cruise Lines & Regional Rail",Rocky Mountaineer,Luxury Train Tour Portal,https://www.rockymountaineer.com
"Digital Reading, E-Books & Audio Platforms",Kindle / Amazon Books,Kindle Direct & Unlimited,https://www.amazon.com
"Digital Reading, E-Books & Audio Platforms",Audible,Amazon Premium Audiobooks,https://www.audible.com
"Digital Reading, E-Books & Audio Platforms",Barnes & Noble Nook,Nook E-Books & Audiobooks,https://www.barnesandnoble.com
"Digital Reading, E-Books & Audio Platforms",Rakuten Kobo,Kobo Super Points Program,https://www.kobo.com
"Digital Reading, E-Books & Audio Platforms",Scribd / Everand,Subscription Books & Audio,https://www.everand.com
"Digital Reading, E-Books & Audio Platforms",Libby by OverDrive,Public Library Digital Books,https://libbyapp.com
"Digital Reading, E-Books & Audio Platforms",Project Gutenberg,Free Public Domain E-Books,https://www.gutenberg.org
"Digital Reading, E-Books & Audio Platforms",Standard Ebooks,Free Clean E-Book Editions,https://standardebooks.org
"Digital Reading, E-Books & Audio Platforms",BookBub,Free & Discount E-Book Alerts,https://www.bookbub.com
"Digital Reading, E-Books & Audio Platforms",Chirp Audiobooks,No-Subscription Audiobooks,https://www.chirpbooks.com
"Digital Reading, E-Books & Audio Platforms",LibriVox,Free Public Audiobooks,https://librivox.org
"Digital Reading, E-Books & Audio Platforms",Storytel,Global Audio & E-Book Club,https://www.storytel.com
"Digital Reading, E-Books & Audio Platforms",Bookshop.org,Independent Bookseller Portal,https://bookshop.org
"Digital Reading, E-Books & Audio Platforms",ThriftBooks,ReadingRewards Loyalty Club,https://www.thriftbooks.com
"Digital Reading, E-Books & Audio Platforms",Powell's Books,Independent Book Purchasing,https://www.powells.com
"Cash Back, Rebates & Sweepstakes",Rakuten (Ebates),Cash Back Shopping Network,https://www.rakuten.com
"Cash Back, Rebates & Sweepstakes",Ibotta,Cash Back Grocery Rebates,https://ibotta.com
"Cash Back, Rebates & Sweepstakes",Fetch Rewards,Receipt Scanning Rewards App,https://fetch.com
"Cash Back, Rebates & Sweepstakes",TopCashback,100% Cash Back Rebate Site,https://www.topcashback.com
"Cash Back, Rebates & Sweepstakes",Swagbucks,SB Points & Gift Card Portal,https://www.swagbucks.com
"Cash Back, Rebates & Sweepstakes",MyPoints,Points for Online Shopping,https://www.mypoints.com
"Cash Back, Rebates & Sweepstakes",InboxDollars,Cash Paid Surveys & Games,https://www.inboxdollars.com
"Cash Back, Rebates & Sweepstakes",Upromise,College Savings Cash Back,https://www.upromise.com
"Cash Back, Rebates & Sweepstakes",Drop,Automated Card-Link Rewards,https://www.joindrop.com
"Cash Back, Rebates & Sweepstakes",Dosh,Card-Linked Automatic Rebates,https://www.dosh.com
"Cash Back, Rebates & Sweepstakes",Receipt Hog,Receipt Scanning Reward App,https://receipthog.com
"Cash Back, Rebates & Sweepstakes",ReceiptPal,Receipt Photo Point Earnings,https://www.receiptpalapp.com
"Cash Back, Rebates & Sweepstakes",Checkout 51,Grocery Cash Back Savings,https://www.checkout51.com
"Cash Back, Rebates & Sweepstakes",Upside,Cash Back Gas & Convenience,https://www.upside.com
"Cash Back, Rebates & Sweepstakes",Honey (PayPal),Automatic Coupon & Honey Gold,https://www.joinhoney.com
"Cash Back, Rebates & Sweepstakes",Capital One Shopping,Automatic Coupon Codes & Cash,https://capitaloneshopping.com
"Cash Back, Rebates & Sweepstakes",RetailMeNot,Coupons & Cash Back Rebates,https://www.retailmenot.com
"Cash Back, Rebates & Sweepstakes",Coupons.com,Digital Manufacturer Coupons,https://www.coupons.com
"Cash Back, Rebates & Sweepstakes",Slickdeals,Crowdsourced Deal Community,https://slickdeals.net
"Cash Back, Rebates & Sweepstakes",Krazy Coupon Lady,Extreme Couponing Portal,https://thekrazycouponlady.com
"Cash Back, Rebates & Sweepstakes",PinchMe,Free Brand Samples Box,https://www.pinchme.com
"Cash Back, Rebates & Sweepstakes",Daily Goodie Box,Free Food & Home Samples,https://dailygoodiebox.com
"Cash Back, Rebates & Sweepstakes",BzzAgent,Brand Advocate Free Products,https://www.bzzagent.com
"Cash Back, Rebates & Sweepstakes",Smiley360,Brand Testing & Free Samples,https://smiley.socialmoms.com
"Cash Back, Rebates & Sweepstakes",Influenster (VoxBox),Beauty & Product VoxBox Hub,https://www.influenster.com
"Cash Back, Rebates & Sweepstakes",Sweepstakes Advantage,Online Sweepstakes Directory,https://www.sweepsadvantage.com
"Animal Welfare, Adoption & Rescue (US)",ASPCA,Cruelty Prevention & Gifts,https://www.aspca.org
"Animal Welfare, Adoption & Rescue (US)",Humane Society of the US,Animal Protection Charity,https://www.humanesociety.org
"Animal Welfare, Adoption & Rescue (US)",Best Friends Animal Society,No-Kill Animal Sanctuary,https://bestfriends.org
"Animal Welfare, Adoption & Rescue (US)",Petfinder,Nationwide Pet Adoption Search,https://www.petfinder.com
"Animal Welfare, Adoption & Rescue (US)",Adopt-a-Pet,North America Adoption Search,https://www.adoptapet.com
"Animal Welfare, Adoption & Rescue (US)",Alley Cat Allies,Feline Protection Advocate,https://www.alleycat.org
"Animal Welfare, Adoption & Rescue (US)",North Shore Animal League,No-Kill Rescue & Adoption,https://www.animalleague.org
"Animal Welfare, Adoption & Rescue (US)",Bissell Pet Foundation,Empty the Shelters Initiative,https://www.bissellpetfoundation.org
"Animal Welfare, Adoption & Rescue (US)",Muttville Senior Dog Rescue,Senior Canine Rehabilitation,https://muttville.org
"Animal Welfare, Adoption & Rescue (US)",Guide Dogs for the Blind,Service Dog Training School,https://www.guidedogs.com
"Animal Welfare, Adoption & Rescue (US)",Canine Companions,Assistance Dogs for Veterans,https://canine.org
"Animal Welfare, Adoption & Rescue (US)",Paws With A Cause,Custom Assistance Dog School,https://www.pawswithacause.org
"Animal Welfare, Adoption & Rescue (US)",Morris Animal Foundation,Veterinary Science Research,https://www.morrisanimalfoundation.org
"Animal Welfare, Adoption & Rescue (US)",RedRover,Crisis Relief for Animals,https://redrover.org
"Animal Welfare, Adoption & Rescue (US)",Hope for Paws,Emergency Animal Rescue Squad,https://www.hopeforpaws.org
"Animal Welfare, Adoption & Rescue (US)",Animal Rescue League Boston,Humane Care Organization,https://www.arlboston.org
"Animal Welfare, Adoption & Rescue (US)",St. Louis Stray Rescue,Urban Rescues & Rehabilitation,https://www.strayrescue.org
"Animal Welfare, Adoption & Rescue (US)",Dallas Animal Services,City Pet Adoption & Care,https://www.bedallas90.org
"Social, Dating & Professional Networks",LinkedIn,Professional Network & Careers,https://www.linkedin.com
"Social, Dating & Professional Networks",X (Formerly Twitter),Real-Time Global Social Feed,https://x.com
"Social, Dating & Professional Networks",Facebook / Meta,Meta Social Graph Network,https://www.facebook.com
"Social, Dating & Professional Networks",Instagram,Visual Media Sharing Platform,https://www.instagram.com
"Social, Dating & Professional Networks",Threads,Text Conversation Social App,https://www.threads.net
"Social, Dating & Professional Networks",Pinterest,Visual Inspiration Boards,https://www.pinterest.com
"Social, Dating & Professional Networks",Reddit,Online Forums & Communities,https://www.reddit.com
"Social, Dating & Professional Networks",Discord,Community Chat & Voice Servers,https://discord.com
"Social, Dating & Professional Networks",Telegram,Encrypted Messaging Platform,https://telegram.org
"Social, Dating & Professional Networks",Signal,Private Encrypted Messaging,https://signal.org
"Social, Dating & Professional Networks",Snapchat,Visual Messaging & Stories,https://www.snapchat.com
"Social, Dating & Professional Networks",TikTok,Short-Form Video Community,https://www.tiktok.com
"Social, Dating & Professional Networks",Meetup,Local Community Event Groups,https://www.meetup.com
"Social, Dating & Professional Networks",Nextdoor,Neighborhood Community Network,https://nextdoor.com
"Social, Dating & Professional Networks",Bumble,"Dating, BFF & Business Connect",https://bumble.com
"Social, Dating & Professional Networks",Tinder,Dating & Matchmaking Network,https://tinder.com
"Social, Dating & Professional Networks",Hinge,Relationship-Focused Dating,https://hinge.co
"Social, Dating & Professional Networks",Match.com,Online Dating & Relationships,https://www.match.com
"Social, Dating & Professional Networks",eHarmony,Compatibility Matching Portal,https://www.eharmony.com
Specialty & International Grocers,H Mart,Asian Supermarket Loyalty Club,https://www.hmart.com
Specialty & International Grocers,99 Ranch Market,Asian Grocer Super Rewards,https://www.99ranch.com
Specialty & International Grocers,Mitsuwa Marketplace,Japanese Gourmet Member Club,https://mitsuwa.com
Specialty & International Grocers,Patel Brothers,Indian Grocery & Spices Club,https://www.patelbros.com
Specialty & International Grocers,Vallarta Supermarkets,Hispanic Community Fresh Foods,https://vallartasupermarkets.com
Specialty & International Grocers,Northgate Gonzalez Market,Viva Rewards Hispanic Club,https://www.northgatemarket.com
Specialty & International Grocers,Superior Grocers,Southern California Community,https://superiorgrocers.com
Specialty & International Grocers,Sedano's Supermarkets,Florida Hispanic Grocer Club,https://sedanos.com
Specialty & International Grocers,Fiesta Mart,Texas Hispanic & World Market,https://www.fiestamart.com
Specialty & International Grocers,Cardenas Markets,Authentic Mexican Food Club,https://cardenasmarkets.com
Specialty & International Grocers,Tony's Fresh Market,Chicago International Grocer,https://www.tonysfreshmarket.com
Specialty & International Grocers,Weee!,Online Asian & Hispanic Foods,https://www.sayweee.com
Specialty & International Grocers,Ranch 99 / Great Wall,Specialty Asian Food Centers,https://www.gw-supermarket.com
Specialty & International Grocers,Lotte Plaza Market,Korean & Asian Specialty Foods,https://www.lotteplaza.com
Specialty & International Grocers,Seafood City Supermarket,Filipino Food & Asian Market,https://www.seafoodcity.com
Specialty & International Grocers,Kam Man Food,East Coast Asian Supermarket,https://kamman.com
Specialty & International Grocers,Bravo Supermarkets,Neighborhood Hispanic Grocer,https://www.bravosupermarkets.com
Specialty & International Grocers,El Rancho Supermercado,Texas Fresh Mexican Grocery,https://elranchoinc.com
Specialty & International Grocers,Supermercados Teloloapan,Texas Hispanic Meat Market,https://supermercadosteloloapan.com
Specialty & International Grocers,Carnival Supermarket,San Diego Specialty Grocery,https://carnivalsupermarket.com
Specialty & International Grocers,Zupan's Markets,Pacific NW Gourmet Grocery,https://www.zupans.com
Specialty & International Grocers,Bristol Farms,Southern California Gourmet,https://www.bristolfarms.com
Career Platforms & Specialized Job Boards,Indeed,Employment Search Engine,https://www.indeed.com
Career Platforms & Specialized Job Boards,Glassdoor,Salary & Company Reviews,https://www.glassdoor.com
Career Platforms & Specialized Job Boards,Monster,Online Career Opportunities,https://www.monster.com
Career Platforms & Specialized Job Boards,CareerBuilder,Job Postings & Career Tools,https://www.careerbuilder.com
Career Platforms & Specialized Job Boards,ZipRecruiter,AI-Powered Job Match Engine,https://www.ziprecruiter.com
Career Platforms & Specialized Job Boards,Snagajob,Hourly Work & Shift Staffing,https://www.snagajob.com
Career Platforms & Specialized Job Boards,SimplyHired,Job Listings & Wage Tools,https://www.simplyhired.com
Career Platforms & Specialized Job Boards,USAJOBS,US Federal Government Jobs,https://www.usajobs.gov
Career Platforms & Specialized Job Boards,GovernmentJobs,State & Local Municipal Jobs,https://www.governmentjobs.com
Career Platforms & Specialized Job Boards,Dice,Tech & Software Engineering,https://www.dice.com
Career Platforms & Specialized Job Boards,Wellfound (AngelList),Startup Jobs & Tech Equity,https://wellfound.com
Career Platforms & Specialized Job Boards,Built In,Tech Hub & Startup Hiring,https://builtin.com
Career Platforms & Specialized Job Boards,Hired,Pre-Screened Tech Job Offers,https://hired.com
Career Platforms & Specialized Job Boards,Lensa,Job Search Engine & Insights,https://lensa.com
Career Platforms & Specialized Job Boards,The Muse,Company Culture & Jobs Portal,https://www.themuse.com
Career Platforms & Specialized Job Boards,Idealist,Non-Profit & Social Work Jobs,https://www.idealist.org
Career Platforms & Specialized Job Boards,FlexJobs,Screened Remote & Hybrid Work,https://www.flexjobs.com
Career Platforms & Specialized Job Boards,Remote.co,Remote Jobs & Distributed Work,https://remote.co
Career Platforms & Specialized Job Boards,We Work Remotely,Remote Tech & Creative Jobs,https://weworkremotely.com
Career Platforms & Specialized Job Boards,Working Nomads,Remote Career Opportunities,https://www.workingnomads.com
Career Platforms & Specialized Job Boards,Virtual Vocations,Hand-Screened Telecommute,https://www.virtualvocations.com
Career Platforms & Specialized Job Boards,Upwork,Freelance Talent Marketplace,https://www.upwork.com
Career Platforms & Specialized Job Boards,Fiverr,Digital Freelance Gig Network,https://www.fiverr.com
Career Platforms & Specialized Job Boards,Freelancer.com,Global Freelance Marketplace,https://www.freelancer.com
Career Platforms & Specialized Job Boards,Toptal,Top 3% Freelance Developers,https://www.toptal.com
Career Platforms & Specialized Job Boards,Guru.com,Professional Freelance Work,https://www.guru.com
Career Platforms & Specialized Job Boards,PeoplePerHour,European & Global Freelance,https://www.peopleperhour.com
Career Platforms & Specialized Job Boards,TaskRabbit,Local Home & Skilled Handyman,https://www.taskrabbit.com
Career Platforms & Specialized Job Boards,Thumbtack,Local Service Professional Hub,https://www.thumbtack.com
Career Platforms & Specialized Job Boards,Handshake,College Student Career Network,https://joinhandshake.com
Career Platforms & Specialized Job Boards,WayUp,Internships & Early Careers,https://www.wayup.com
Career Platforms & Specialized Job Boards,Mediabistro,"Media, PR & Journalism Jobs",https://www.mediabistro.com
Career Platforms & Specialized Job Boards,Behance Jobs,Design & Creative Opportunities,https://www.behance.net/joblist
Career Platforms & Specialized Job Boards,Dribbble Jobs,UX/UI & Visual Design Hiring,https://dribbble.com/jobs
Career Platforms & Specialized Job Boards,Coroflot,Industrial & Product Design,https://www.coroflot.com
Career Platforms & Specialized Job Boards,eFinancialCareers,Wall Street & Banking Careers,https://www.efinancialcareers.com
Career Platforms & Specialized Job Boards,ClearanceJobs,Security-Cleared Defense Jobs,https://www.clearancejobs.com
Career Platforms & Specialized Job Boards,LawCrossing,Legal Industry Job Board,https://www.lawcrossing.com
Career Platforms & Specialized Job Boards,Health eCareers,Physician & Nursing Careers,https://www.healthecareers.com
Career Platforms & Specialized Job Boards,Nurse.com,Nursing Jobs & Continuing Ed,https://www.nurse.com
Career Platforms & Specialized Job Boards,EdSurge Jobs,EdTech & Education Staffing,https://www.edsurge.com/jobs
Career Platforms & Specialized Job Boards,SchoolSpring,K-12 Teaching & Educator Jobs,https://www.schoolspring.com
Career Platforms & Specialized Job Boards,Poached Jobs,Hospitality & Culinary Jobs,https://poachedjobs.com
Career Platforms & Specialized Job Boards,Culinary Agents,Fine Dining & Chef Careers,https://culinaryagents.com
Career Platforms & Specialized Job Boards,Hcareers,Hotel & Resort Management Jobs,https://www.hcareers.com
Career Platforms & Specialized Job Boards,Greenhouse Job Board Hub,Enterprise Applicant Portal,https://www.greenhouse.io
Career Platforms & Specialized Job Boards,Lever Job Board Hub,Talent Acquisition Portal,https://www.lever.co
Fast Casual & Dining Loyalty,McDonald's,MyMcDonald's Rewards,https://www.mcdonalds.com
Fast Casual & Dining Loyalty,Chick-fil-A,Chick-fil-A One,https://www.chick-fil-a.com
Fast Casual & Dining Loyalty,Starbucks,Starbucks Rewards,https://www.starbucks.com
Fast Casual & Dining Loyalty,Chipotle Mexican Grill,Chipotle Rewards,https://www.chipotle.com
Fast Casual & Dining Loyalty,Panera Bread,MyPanera,https://www.panerabread.com
Fast Casual & Dining Loyalty,Wendy's,Wendy's Rewards,https://www.wendys.com
Fast Casual & Dining Loyalty,Dunkin',Dunkin' Rewards,https://www.dunkindonuts.com
Fast Casual & Dining Loyalty,Subway,Subway MVP Rewards,https://www.subway.com
Fast Casual & Dining Loyalty,Burger King,Royal Perks,https://www.bk.com
Fast Casual & Dining Loyalty,Taco Bell,Taco Bell Rewards,https://www.tacobell.com
Fast Casual & Dining Loyalty,Popeyes Louisiana Kitchen,Popeyes Rewards,https://www.popeyes.com
Fast Casual & Dining Loyalty,Whataburger,Whataburger Rewards,https://www.whataburger.com
Fast Casual & Dining Loyalty,Wingstop,Wingstop Account,https://www.wingstop.com
Fast Casual & Dining Loyalty,Arby's,Arby's Rewards,https://www.arbys.com
Fast Casual & Dining Loyalty,Jack in the Box,The Jack Pack,https://www.jackinthebox.com
Fast Casual & Dining Loyalty,Sonic Drive-In,Sonic Rewards,https://www.sonicdrivein.com
Fast Casual & Dining Loyalty,Culver's,MyCulver's,https://www.culvers.com
Fast Casual & Dining Loyalty,Freddy's Frozen Custard,Freddy's Rewards,https://www.freddys.com
Fast Casual & Dining Loyalty,Hardee's,My Rewards,https://www.hardees.com
Fast Casual & Dining Loyalty,Carl's Jr.,My Rewards,https://www.carlsjr.com
Fast Casual & Dining Loyalty,White Castle,Craver Nation,https://www.whitecastle.com
Fast Casual & Dining Loyalty,In-N-Out Burger,Customer Portal,https://www.in-n-out.com
Fast Casual & Dining Loyalty,Five Guys,Online Ordering Account,https://www.fiveguys.com
Fast Casual & Dining Loyalty,Shake Shack,Shack App Account,https://shakeshack.com
Fast Casual & Dining Loyalty,Smashburger,SmashRewards,https://smashburger.com
Fast Casual & Dining Loyalty,The Habit Burger Grill,The CharClub,https://www.habitburger.com
Fast Casual & Dining Loyalty,Raising Cane's,Caniac Club,https://www.raisingcanes.com
Fast Casual & Dining Loyalty,Zaxby's,Zax Rewardz,https://www.zaxbys.com
Fast Casual & Dining Loyalty,Bojangles,Bojangles Rewards,https://www.bojangles.com
Fast Casual & Dining Loyalty,Church's Texas Chicken,Church's Rewards,https://www.churchs.com
Fast Casual & Dining Loyalty,KFC,KFC Rewards,https://www.kfc.com
Fast Casual & Dining Loyalty,Jersey Mike's Subs,MyMike's / Shore Points,https://www.jerseymikes.com
Fast Casual & Dining Loyalty,Firehouse Subs,Firehouse Rewards,https://www.firehousesubs.com
Fast Casual & Dining Loyalty,Jimmy John's,Freaky Fast Rewards,https://www.jimmyjohns.com
Fast Casual & Dining Loyalty,Potbelly Sandwich Shop,Potbelly Perks,https://www.potbelly.com
Fast Casual & Dining Loyalty,Which Wich,Vibe Club Rewards,https://www.whichwich.com
Fast Casual & Dining Loyalty,Jason's Deli,Deli Dollars,https://www.jasonsdeli.com
Fast Casual & Dining Loyalty,McAlister's Deli,McAlister's Rewards,https://www.mcalistersdeli.com
Fast Casual & Dining Loyalty,Schlotzsky's,Schlotzsky's Rewards,https://www.schlotzskys.com
Fast Casual & Dining Loyalty,Cava,Cava Rewards,https://cava.com
Fast Casual & Dining Loyalty,Sweetgreen,Sweetpass,https://www.sweetgreen.com
Fast Casual & Dining Loyalty,Qdoba Mexican Eats,Qdoba Rewards,https://www.qdoba.com
Fast Casual & Dining Loyalty,Moe's Southwest Grill,Moe Rewards,https://www.moes.com
Fast Casual & Dining Loyalty,Del Taco,Del Yeah! Rewards,https://www.deltaco.com
Fast Casual & Dining Loyalty,El Pollo Loco,Loco Rewards,https://www.elpolloloco.com
Fast Casual & Dining Loyalty,Taco Cabana,MY TC! Loyalty,https://www.tacocabana.com
Fast Casual & Dining Loyalty,Taco Bueno,Buenoheads,https://www.tacobueno.com
Fast Casual & Dining Loyalty,Torchy's Tacos,Taco Junkies Rewards,https://torchystacos.com
Fast Casual & Dining Loyalty,Velvet Taco,The Velvet Room,https://www.velvettaco.com
Fast Casual & Dining Loyalty,Freebirds World Burrito,Freebirds Rewards,https://freebirds.com
Fast Casual & Dining Loyalty,Chuy's,Chuy's App Account,https://www.chuys.com
Fast Casual & Dining Loyalty,Domino's Pizza,Piece of the Pie Rewards,https://www.dominos.com
Fast Casual & Dining Loyalty,Pizza Hut,Hut Rewards,https://www.pizzahut.com
Fast Casual & Dining Loyalty,Papa Johns,Papa Rewards,https://www.papajohns.com
Fast Casual & Dining Loyalty,Little Caesars,Custom Portal,https://littlecaesars.com
Fast Casual & Dining Loyalty,Marco's Pizza,Marco's Rewards,https://www.marcos.com
Fast Casual & Dining Loyalty,MOD Pizza,MOD Rewards,https://modpizza.com
Fast Casual & Dining Loyalty,Blaze Pizza,Blaze Rewards,https://blazepizza.com
Fast Casual & Dining Loyalty,Mellow Mushroom,Mellow Rewards,https://mellowmushroom.com
Fast Casual & Dining Loyalty,Jet's Pizza,Crunch Crust Rewards,https://www.jetspizza.com
Fast Casual & Dining Loyalty,Hungry Howie's,Howie Rewards,https://www.hungryhowies.com
Fast Casual & Dining Loyalty,Round Table Pizza,Round Table Rewards,https://www.roundtablepizza.com
Fast Casual & Dining Loyalty,Godfather's Pizza,Godfather's Club,https://www.godfathers.com
Fast Casual & Dining Loyalty,Sbarro,Slice Society,https://sbarro.com
Fast Casual & Dining Loyalty,Fazoli's,Fazoli's Rewards,https://fazolis.com
Fast Casual & Dining Loyalty,Olive Garden,eClub / Rewards,https://www.olivegarden.com
Fast Casual & Dining Loyalty,Carrabba's Italian Grill,Dine Rewards,https://www.carrabbas.com
Fast Casual & Dining Loyalty,Maggiano's Little Italy,eClub,https://www.maggianos.com
Fast Casual & Dining Loyalty,Buca di Beppo,Buca eClub,https://www.bucadibeppo.com
Fast Casual & Dining Loyalty,The Cheesecake Factory,Cheesecake Rewards,https://www.thecheesecakefactory.com
Fast Casual & Dining Loyalty,Texas Roadhouse,VIP Club,https://www.texasroadhouse.com
Fast Casual & Dining Loyalty,Outback Steakhouse,Dine Rewards,https://www.outback.com
Fast Casual & Dining Loyalty,LongHorn Steakhouse,Darden Rewards,https://www.longhornsteakhouse.com
Fast Casual & Dining Loyalty,Chili's Grill & Bar,My Chili's Rewards,https://www.chilis.com
Fast Casual & Dining Loyalty,Applebee's,Club Applebee's,https://www.applebees.com
Fast Casual & Dining Loyalty,TGI Fridays,Fridays Rewards,https://tgifridays.com
Fast Casual & Dining Loyalty,Buffalo Wild Wings,Blazin' Rewards,https://www.buffalowildwings.com
Fast Casual & Dining Loyalty,Red Robin,Red Robin Royalty,https://www.redrobin.com
Fast Casual & Dining Loyalty,Red Lobster,My Red Lobster Rewards,https://www.redlobster.com
Fast Casual & Dining Loyalty,P.F. Chang's,P.F. Chang's Rewards,https://www.pfchangs.com
Fast Casual & Dining Loyalty,Benihana,The Chef's Table,https://www.benihana.com
Fast Casual & Dining Loyalty,The Melting Pot,Club Fondue,https://www.meltingpot.com
Fast Casual & Dining Loyalty,Ruth's Chris Steak House,Ruth's Regulars,https://www.ruthschris.com
Fast Casual & Dining Loyalty,Morton's The Steakhouse,Landry's Select Club,https://www.mortons.com
Fast Casual & Dining Loyalty,The Capital Grille,Insider Program,https://www.thecapitalgrille.com
Fast Casual & Dining Loyalty,Fogo de Chão,Fogo eClub,https://fogodechao.com
Fast Casual & Dining Loyalty,Texas de Brazil,eClub,https://texasdebrazil.com
Fast Casual & Dining Loyalty,Saltgrass Steak House,Landry's Select,https://www.saltgrass.com
Fast Casual & Dining Loyalty,Cracker Barrel,Cracker Barrel Rewards,https://www.crackerbarrel.com
Fast Casual & Dining Loyalty,Bob Evans,Bob Evans Rewards,https://www.bobevans.com
Fast Casual & Dining Loyalty,Perkins Restaurant & Bakery,Perkins eClub,https://www.perkinsrestaurants.com
Fast Casual & Dining Loyalty,Waffle House,Regulars Club,https://www.wafflehouse.com
Fast Casual & Dining Loyalty,Denny's,Denny's Rewards,https://www.dennys.com
Fast Casual & Dining Loyalty,IHOP,International Bank of Pancakes,https://www.ihop.com
Fast Casual & Dining Loyalty,First Watch,Sun eClub,https://www.firstwatch.com
Fast Casual & Dining Loyalty,"Snooze, an A.M. Eatery",My Snooze Benefits,https://snoozeeatery.com
Fast Casual & Dining Loyalty,Black Bear Diner,Bear Lovers eClub,https://blackbeardiner.com
Fast Casual & Dining Loyalty,Golden Corral,Good as Gold Club,https://www.goldencorral.com
Fast Casual & Dining Loyalty,Twin Peaks,Friends of the Peaks,https://twinpeaksrestaurant.com
Fast Casual & Dining Loyalty,Hooters,HootClub Rewards,https://www.hooters.com
Fast Casual & Dining Loyalty,Dave & Buster's,D&B Rewards,https://www.daveandbusters.com
Fast Casual & Dining Loyalty,Main Event Entertainment,Main Event Rewards,https://www.mainevent.com
Fast Casual & Dining Loyalty,Bowlero,Bowlero Rewards,https://www.bowlero.com
Fast Casual & Dining Loyalty,Dutch Bros Coffee,Dutch Rewards,https://www.dutchbros.com
Fast Casual & Dining Loyalty,Peet's Coffee,Peetnik Rewards,https://www.peets.com
Fast Casual & Dining Loyalty,Caribou Coffee,Caribou Perks,https://www.cariboucoffee.com
Fast Casual & Dining Loyalty,Biggby Coffee,Biggby Nation,https://www.biggby.com
Fast Casual & Dining Loyalty,Scooter's Coffee,Scooter's Rewards,https://www.scooterscoffee.com
Fast Casual & Dining Loyalty,The Human Bean,Rewards Portal,https://thehumanbean.com
Fast Casual & Dining Loyalty,PJ's Coffee,PJ's Stars,https://www.pjscoffee.com
Fast Casual & Dining Loyalty,Tim Hortons,Tims Rewards,https://www.timhortons.com
Fast Casual & Dining Loyalty,Smoothie King,Healthy Rewards,https://www.smoothieking.com
Fast Casual & Dining Loyalty,Jamba,Jamba Rewards,https://www.jamba.com
Fast Casual & Dining Loyalty,Tropical Smoothie Cafe,Tropic Rewards,https://www.tropicalsmoothiecafe.com
Fast Casual & Dining Loyalty,Auntie Anne's,Pretzel Perks,https://www.auntieannes.com
Fast Casual & Dining Loyalty,Cinnabon,Cinnabon Rewards,https://www.cinnabon.com
Fast Casual & Dining Loyalty,Wetzel's Pretzels,Wetzel's Rewards,https://www.wetzels.com
Fast Casual & Dining Loyalty,Krispy Kreme,Krispy Kreme Rewards,https://www.krispykreme.com
Fast Casual & Dining Loyalty,Crumbl Cookies,Crumbl Rewards,https://crumblcookies.com
Fast Casual & Dining Loyalty,Insomnia Cookies,Cookie Magic / Loyalty,https://insomniacookies.com
Fast Casual & Dining Loyalty,Nothing Bundt Cakes,eClub,https://www.nothingbundtcakes.com
Fast Casual & Dining Loyalty,Dairy Queen,DQ Rewards,https://www.dairyqueen.com
Fast Casual & Dining Loyalty,Baskin-Robbins,BR App Rewards,https://www.baskinrobbins.com
Fast Casual & Dining Loyalty,Cold Stone Creamery,My Cold Stone Club,https://www.coldstonecreamery.com
Fast Casual & Dining Loyalty,Jeni's Splendid Ice Creams,Jeni's Splendid Rewards,https://jenis.com
Fast Casual & Dining Loyalty,Rita's Italian Ice,Rita's Rewards,https://www.ritasice.com
Fast Casual & Dining Loyalty,Yogurtland,Real Rewards,https://www.yogurtland.com
Fast Casual & Dining Loyalty,Menchie's Frozen Yogurt,mySmileage,https://www.menchies.com
"Fuel, Plazas & Convenience",Shell,Fuel Rewards / Shell Go+,https://www.fuelrewards.com
"Fuel, Plazas & Convenience",ExxonMobil,Exxon Mobil Rewards+,https://www.exxon.com
"Fuel, Plazas & Convenience",Chevron,Chevron Rewards / Techron Advantage,https://www.chevronwithtechron.com
"Fuel, Plazas & Convenience",Texaco,Texaco Rewards,https://www.texaco.com
"Fuel, Plazas & Convenience",BP / Amoco,BPme Rewards / earnify,https://www.bp.com
"Fuel, Plazas & Convenience",Speedway,Speedy Rewards,https://www.speedway.com
"Fuel, Plazas & Convenience",Circle K,Inner Circle,https://www.circlek.com
"Fuel, Plazas & Convenience",7-Eleven,7REWARDS,https://www.7-eleven.com
"Fuel, Plazas & Convenience",ampm,ampm Rewards,https://www.ampm.com
"Fuel, Plazas & Convenience",Phillips 66,My Phillips 66 App,https://www.phillips66gas.com
"Fuel, Plazas & Convenience",Conoco,My Conoco App,https://www.conoco.com
"Fuel, Plazas & Convenience",76,My 76 App,https://www.76.com
"Fuel, Plazas & Convenience",Valero,Valero Pay+,https://www.valero.com
"Fuel, Plazas & Convenience",Marathon,Marathon Rewards,https://www.marathonbrand.com
"Fuel, Plazas & Convenience",Sunoco,Sunoco Go Rewards,https://www.sunoco.com
"Fuel, Plazas & Convenience",Sinclair Oil,DINOPAY,https://www.sinclairoil.com
"Fuel, Plazas & Convenience",Buc-ee's,Customer Portal,https://buc-ees.com
"Fuel, Plazas & Convenience",Wawa,Wawa Rewards,https://www.wawa.com
"Fuel, Plazas & Convenience",Sheetz,My Sheetz Rewardz,https://www.sheetz.com
"Fuel, Plazas & Convenience",QuikTrip,QT Rewards,https://www.quiktrip.com
"Fuel, Plazas & Convenience",RaceTrac,RaceTrac Rewards,https://www.racetrac.com
"Fuel, Plazas & Convenience",Kwik Trip / Kwik Star,Kwik Rewards,https://www.kwiktrip.com
"Fuel, Plazas & Convenience",Love's Travel Stops,My Love Rewards,https://www.loves.com
"Fuel, Plazas & Convenience",Pilot Flying J,myRewards Plus,https://pilotflyingj.com
"Fuel, Plazas & Convenience",TravelCenters of America,UltraONE / TA Petro,https://www.ta-petro.com
"Fuel, Plazas & Convenience",Casey's General Stores,Casey's Rewards,https://www.caseys.com
"Fuel, Plazas & Convenience",Cumberland Farms,SmartPay Rewards,https://www.cumberlandfarms.com
"Fuel, Plazas & Convenience",Royal Farms,RoFo Rewards,https://www.royalfarms.com
"Fuel, Plazas & Convenience",Rutter's,Rutter's VIP Club,https://www.rutters.com
"Fuel, Plazas & Convenience",Thorntons,Refreshing Rewards,https://www.mythorntons.com
"Fuel, Plazas & Convenience",MAPCO,MY Reward$,https://www.mapcorewards.com
"Fuel, Plazas & Convenience",Maverik,Adventure Club,https://www.maverik.com
"Fuel, Plazas & Convenience",Kum & Go,&Rewards,https://www.kumandgo.com
"Fuel, Plazas & Convenience",Murphy USA,Murphy Drive Rewards,https://www.murphyusa.com
"Fuel, Plazas & Convenience",GetGo,Advantage Card / myPerks,https://www.getgocafe.com
"Fuel, Plazas & Convenience",Holiday Stationstores,Holiday Rewards,https://www.holidaystationstores.com
"Fuel, Plazas & Convenience",QuickChek,QuickChek Rewards,https://quickchek.com
"Fuel, Plazas & Convenience",Fastrac,Fastrac Rewards,https://fastraccafe.com
"Fuel, Plazas & Convenience",Spinx,Spinx Xtras,https://www.spinx.com
"Fuel, Plazas & Convenience",Twice Daily,Twice Daily Rewards,https://twicedaily.com
"Fuel, Plazas & Convenience",CEFCO,CEFCO Rewards,https://cefcostores.com
"Fuel, Plazas & Convenience",Stripes Convenience Stores,Stripes Rewards,https://stripesstores.com
"Fuel, Plazas & Convenience",Yesway,Yesway Rewards,https://yesway.com
"Fuel, Plazas & Convenience",Allsup's,Allsup's Rewards,https://allsups.com
"Fuel, Plazas & Convenience",Parker's Kitchen,Parker's Rewards,https://parkerskitchen.com
"Fuel, Plazas & Convenience",Enmarket,Enjoy Rewards,https://enmarket.com
"Fuel, Plazas & Convenience",Daily's,Daily's Rewards,https://dailys.com
"Fuel, Plazas & Convenience",Kwik Fill,Kwik Fill Rewards,https://www.kwikfill.com
"Fuel, Plazas & Convenience",Country Fair,PumpPerks,https://www.countryfair.com
"Fuel, Plazas & Convenience",Byrne Dairy,Byrne Dairy Rewards,https://byrnedairy.com
"Fuel, Plazas & Convenience",Stewart's Shops,Stewart's Club,https://www.stewartsshops.com
"Fuel, Plazas & Convenience",Weigel's,MyWeigel's Rewards,https://weigels.com
"Fuel, Plazas & Convenience",Dash In,Dash In Rewards,https://dashin.com
"Fuel, Plazas & Convenience",High's,High's Rewards,https://www.highs.com
"Fuel, Plazas & Convenience",Gate Petroleum,GATE Rewards,https://mygaterewards.com
"Fuel, Plazas & Convenience",OnCue,OnCue Rewards,https://oncueexpress.com
"Fuel, Plazas & Convenience",Terrible Herbst,Terrible's Social Club,https://terribles.com
"Fuel, Plazas & Convenience",Rebel Convenience,REBEL Rewards,https://rebelstores.com
Supermarkets & Regional Grocery,Kroger,Kroger Plus Card,https://www.kroger.com
Supermarkets & Regional Grocery,H-E-B,H-E-B Points & Digital Deals,https://www.heb.com
Supermarkets & Regional Grocery,Albertsons,Albertsons for U,https://www.albertsons.com
Supermarkets & Regional Grocery,Safeway,Safeway for U,https://www.safeway.com
Supermarkets & Regional Grocery,Publix,Club Publix,https://www.publix.com
Supermarkets & Regional Grocery,Whole Foods Market,Prime Grocery Integration,https://www.amazon.com/wholefoods
Supermarkets & Regional Grocery,Meijer,mPerks,https://www.meijer.com
Supermarkets & Regional Grocery,Food Lion,Food Lion MVP Rewards,https://www.foodlion.com
Supermarkets & Regional Grocery,Stop & Shop,GO Rewards,https://stopandshop.com
Supermarkets & Regional Grocery,Giant Food,Flexible Rewards,https://giantfood.com
Supermarkets & Regional Grocery,Giant Eagle,myPerks,https://www.gianteagle.com
Supermarkets & Regional Grocery,Harris Teeter,VIC Card,https://www.harristeeter.com
Supermarkets & Regional Grocery,Wegmans,Wegmans Shoppers Club,https://www.wegmans.com
Supermarkets & Regional Grocery,Hy-Vee,Hy-Vee PERKS,https://www.hy-vee.com
Supermarkets & Regional Grocery,Jewel-Osco,Jewel-Osco for U,https://www.jewelosco.com
Supermarkets & Regional Grocery,Winn-Dixie,SE Grocers Rewards,https://www.winndixie.com
Supermarkets & Regional Grocery,Harveys Supermarkets,SE Grocers Rewards,https://www.harveyssupermarkets.com
Supermarkets & Regional Grocery,Lowes Foods,Fresh Rewards,https://www.lowesfoods.com
Supermarkets & Regional Grocery,ShopRite,Price Plus Club,https://www.shoprite.com
Supermarkets & Regional Grocery,Hannaford,My Hannaford Rewards,https://www.hannaford.com
Supermarkets & Regional Grocery,Price Chopper / Market 32,AdvantEdge Rewards,https://www.pricechopper.com
Supermarkets & Regional Grocery,Tops Friendly Markets,Tops BonusPlus,https://www.topsmarkets.com
Supermarkets & Regional Grocery,Big Y,myBigY,https://www.bigy.com
Supermarkets & Regional Grocery,Shaw's,Shaw's for U,https://www.shaws.com
Supermarkets & Regional Grocery,Star Market,Star Market for U,https://www.starmarket.com
Supermarkets & Regional Grocery,ACME Markets,ACME for U,https://www.acmemarkets.com
Supermarkets & Regional Grocery,Vons,Vons for U,https://www.vons.com
Supermarkets & Regional Grocery,Pavilions,Pavilions for U,https://www.pavilions.com
Supermarkets & Regional Grocery,Tom Thumb,Tom Thumb for U,https://www.tomthumb.com
Supermarkets & Regional Grocery,Randalls,Randalls for U,https://www.randalls.com
Supermarkets & Regional Grocery,King Soopers,Soopers Rewards,https://www.kingsoopers.com
Supermarkets & Regional Grocery,City Market,City Market Value Card,https://www.citymarket.com
Supermarkets & Regional Grocery,Fry's Food Stores,Fry's V.I.P. Card,https://www.frysfood.com
Supermarkets & Regional Grocery,Fred Meyer,Fred Meyer Rewards,https://www.fredmeyer.com
Supermarkets & Regional Grocery,QFC (Quality Food Centers),QFC Card,https://www.qfc.com
Supermarkets & Regional Grocery,Ralphs,Ralphs Rewards,https://www.ralphs.com
Supermarkets & Regional Grocery,Smith's Food and Drug,Smith's Rewards,https://www.smithsfoodanddrug.com
Supermarkets & Regional Grocery,Dillons,Dillons Plus Card,https://www.dillons.com
Supermarkets & Regional Grocery,Baker's,Baker's Plus Card,https://www.bakersplus.com
Supermarkets & Regional Grocery,Gerbes,Gerbes Plus Card,https://www.gerbes.com
Supermarkets & Regional Grocery,Pay Less Super Markets,Pay Less Rewards,https://www.pay-less.com
Supermarkets & Regional Grocery,Jay C Food Stores,Jay C Rewards,https://www.jaycfoods.com
Supermarkets & Regional Grocery,Pick 'n Save,Fresh Perks,https://www.picknsave.com
Supermarkets & Regional Grocery,Metro Market,Fresh Perks,https://www.metromarket.net
Supermarkets & Regional Grocery,Mariano's,Mariano's Rewards,https://www.marianos.com
Supermarkets & Regional Grocery,Ruler Foods,Customer Portal,https://www.rulerfoods.com
Supermarkets & Regional Grocery,Brookshire's,Thank You Card,https://www.brookshires.com
Supermarkets & Regional Grocery,Brookshire Brothers,Celebrate Rewards,https://www.brookshirebrothers.com
Supermarkets & Regional Grocery,Super 1 Foods,Super 1 Rewards,https://www.super1foods.com
Supermarkets & Regional Grocery,Rouses Markets,My Rouses Rewards,https://www.rouses.com
Supermarkets & Regional Grocery,Weis Markets,Weis Rewards,https://www.weismarkets.com
Supermarkets & Regional Grocery,Martin's Super Markets,Martin's Advantage Card,https://martins-groceries.com
Supermarkets & Regional Grocery,Family Fare,yes Rewards,https://www.shopfamilyfare.com
Supermarkets & Regional Grocery,D&W Fresh Market,yes Rewards,https://www.shopdwfreshmarket.com
Supermarkets & Regional Grocery,Woodman's Markets,Woodman's App,https://www.woodmans-food.com
Supermarkets & Regional Grocery,Festival Foods,Festival Foods Rewards,https://www.festfoods.com
Supermarkets & Regional Grocery,Schnucks,Schnucks Rewards,https://nourish.schnucks.com
Supermarkets & Regional Grocery,Dierbergs Markets,Dierbergs Rewards,https://www.dierbergs.com
Supermarkets & Regional Grocery,Heinen's Grocery Store,Tasteful Rewards,https://www.heinens.com
Supermarkets & Regional Grocery,Piggly Wiggly,Pig Point Rewards,https://www.pigglywiggly.com
Supermarkets & Regional Grocery,Save Mart,Save Smart Rewards,https://www.savemart.com
Supermarkets & Regional Grocery,Lucky Supermarkets,Lucky You Rewards,https://luckysupermarkets.com
Supermarkets & Regional Grocery,Stater Bros. Markets,Digital Deals,https://www.staterbros.com
Supermarkets & Regional Grocery,WinCo Foods,Customer Portal,https://www.wincofoods.com
Supermarkets & Regional Grocery,Market Basket,Demoulas Market Basket,https://www.shopmarketbasket.com
Supermarkets & Regional Grocery,Fareway Meat & Grocery,Fareway Deals,https://www.fareway.com
Supermarkets & Regional Grocery,Coborn's,MORE Rewards,https://www.coborns.com
Supermarkets & Regional Grocery,Cash Wise,MORE Rewards,https://www.cashwise.com
Supermarkets & Regional Grocery,Hornbacher's,Hornbacher's Rewards,https://www.hornbachers.com
Supermarkets & Regional Grocery,Lunds & Byerlys,L&B Extras,https://lundsandbyerlys.com
Supermarkets & Regional Grocery,Harmons Grocery,Foodie Club,https://www.harmonsgrocery.com
Supermarkets & Regional Grocery,Macey's,Macey's Perks,https://www.maceys.com
Supermarkets & Regional Grocery,Harps Food Stores,Harps Rewards,https://www.harpsfood.com
Supermarkets & Regional Grocery,Homeland Stores,ONE Rewards,https://www.homelandstores.com
Supermarkets & Regional Grocery,Reasor's,Reasor's Rewards,https://www.reasors.com
Supermarkets & Regional Grocery,Smart & Final,SmartAdvantage,https://www.smartandfinal.com
Supermarkets & Regional Grocery,Grocery Outlet,WOW Alerts,https://www.groceryoutlet.com
Supermarkets & Regional Grocery,Save A Lot,Smart Shopper Club,https://savealot.com
Supermarkets & Regional Grocery,Aldi,Weekly Circular & Account,https://www.aldi.us
Supermarkets & Regional Grocery,Lidl,myLidl Rewards,https://www.lidl.com
Supermarkets & Regional Grocery,Trader Joe's,Fearless Flyer Portal,https://www.traderjoes.com
Supermarkets & Regional Grocery,Sprouts Farmers Market,Sprouts App & Rewards,https://www.sprouts.com
Supermarkets & Regional Grocery,Natural Grocers,{N}power Rewards,https://www.naturalgrocers.com
Supermarkets & Regional Grocery,Earth Fare,Earth Fare Healthy Rewards,https://www.earthfare.com
Supermarkets & Regional Grocery,Fresh Thyme Market,Fresh Thyme Rewards,https://www.freshthyme.com
Supermarkets & Regional Grocery,The Fresh Market,Ultimate Loyalty Experience,https://www.thefreshmarket.com
"Dept Stores, Big Box & Catalogs",Target,Target Circle,https://www.target.com
"Dept Stores, Big Box & Catalogs",Walmart,Walmart Rewards / Walmart+,https://www.walmart.com
"Dept Stores, Big Box & Catalogs",Kohl's,Kohl's Rewards,https://www.kohls.com
"Dept Stores, Big Box & Catalogs",Macy's,Star Rewards,https://www.macys.com
"Dept Stores, Big Box & Catalogs",Nordstrom,The Nordy Club,https://www.nordstrom.com
"Dept Stores, Big Box & Catalogs",Nordstrom Rack,The Nordy Club,https://www.nordstromrack.com
"Dept Stores, Big Box & Catalogs",Bloomingdale's,Loyallist,https://www.bloomingdales.com
"Dept Stores, Big Box & Catalogs",Saks Fifth Avenue,SaksFirst,https://www.saksfifthavenue.com
"Dept Stores, Big Box & Catalogs",Saks OFF 5TH,OFF 5TH Rewards,https://www.saksoff5th.com
"Dept Stores, Big Box & Catalogs",Neiman Marcus,InCircle,https://www.neimanmarcus.com
"Dept Stores, Big Box & Catalogs",Bergdorf Goodman,BG Account / InCircle,https://www.bergdorfgoodman.com
"Dept Stores, Big Box & Catalogs",Dillard's,Dillard's Rewards,https://www.dillards.com
"Dept Stores, Big Box & Catalogs",Belk,Belk Rewards+,https://www.belk.com
"Dept Stores, Big Box & Catalogs",Boscov's,Boscov's Rewards,https://www.boscovs.com
"Dept Stores, Big Box & Catalogs",Von Maur,Von Maur Rewards,https://www.vonmaur.com
"Dept Stores, Big Box & Catalogs",JCPenney,JCPenney Rewards,https://www.jcpenney.com
"Dept Stores, Big Box & Catalogs",Costco Wholesale,Executive Membership Portal,https://www.costco.com
"Dept Stores, Big Box & Catalogs",Sam's Club,Sam's Cash Portal,https://www.samsclub.com
"Dept Stores, Big Box & Catalogs",BJ's Wholesale Club,BJ's Perks Rewards,https://www.bjs.com
"Dept Stores, Big Box & Catalogs",TJ Maxx,TJX Rewards,https://www.tjmaxx.com
"Dept Stores, Big Box & Catalogs",Marshalls,TJX Rewards,https://www.marshalls.com
"Dept Stores, Big Box & Catalogs",HomeGoods,TJX Rewards,https://www.homegoods.com
"Dept Stores, Big Box & Catalogs",Homesense,TJX Rewards,https://www.homesense.com
"Dept Stores, Big Box & Catalogs",Sierra,TJX Rewards,https://www.sierra.com
"Dept Stores, Big Box & Catalogs",Ross Dress for Less,Customer Portal,https://www.rossstores.com
"Dept Stores, Big Box & Catalogs",dd's Discounts,Customer Portal,https://www.ddsdiscounts.com
"Dept Stores, Big Box & Catalogs",Burlington,Burlington Loyalty,https://www.burlington.com
"Dept Stores, Big Box & Catalogs",Big Lots,BIG Rewards,https://www.biglots.com
"Dept Stores, Big Box & Catalogs",Ollie's Bargain Outlet,Ollie's Army,https://www.ollies.us
"Dept Stores, Big Box & Catalogs",Dollar General,myDG Rewards,https://www.dollargeneral.com
"Dept Stores, Big Box & Catalogs",Dollar Tree,Dollar Tree Plus / Value Club,https://www.dollartree.com
"Dept Stores, Big Box & Catalogs",Family Dollar,Smart Coupons,https://www.familydollar.com
"Dept Stores, Big Box & Catalogs",Five Below,Five Below Account,https://www.fivebelow.com
"Dept Stores, Big Box & Catalogs",The Home Depot,Pro Xtra / Home Depot Account,https://www.homedepot.com
"Dept Stores, Big Box & Catalogs",Lowe's,MyLowe's Rewards,https://www.lowes.com
"Dept Stores, Big Box & Catalogs",Menards,Menards Big Card & Rebates,https://www.menards.com
"Dept Stores, Big Box & Catalogs",Ace Hardware,Ace Rewards,https://www.acehardware.com
"Dept Stores, Big Box & Catalogs",True Value,True Value Rewards,https://www.truevalue.com
"Dept Stores, Big Box & Catalogs",Do it Best,Best Rewards,https://www.doitbest.com
"Dept Stores, Big Box & Catalogs",Harbor Freight Tools,Inside Track Club,https://www.harborfreight.com
"Dept Stores, Big Box & Catalogs",Northern Tool + Equipment,Advantage Rewards,https://www.northerntool.com
"Dept Stores, Big Box & Catalogs",Tractor Supply Co.,Neighbor's Club,https://www.tractorsupply.com
"Dept Stores, Big Box & Catalogs",Rural King,Rural King Rewards,https://www.ruralking.com
"Dept Stores, Big Box & Catalogs",Atwoods Ranch and Home,Atwoods Rewards,https://www.atwoods.com
"Dept Stores, Big Box & Catalogs",Bomgaars,Bomgaars Rewards,https://www.bomgaars.com
"Dept Stores, Big Box & Catalogs",Runnings,Runnings Rewards,https://www.runnings.com
"Dept Stores, Big Box & Catalogs",Fleet Farm,Fleet Farm Rewards,https://www.fleetfarm.com
"Dept Stores, Big Box & Catalogs",Blain's Farm & Fleet,Rewards Program,https://www.farmandfleet.com
"Dept Stores, Big Box & Catalogs",IKEA,IKEA Family,https://www.ikea.com
"Dept Stores, Big Box & Catalogs",Wayfair,Wayfair Rewards,https://www.wayfair.com
"Dept Stores, Big Box & Catalogs",Crate & Barrel,Crate & Barrel Rewards,https://www.crateandbarrel.com
"Dept Stores, Big Box & Catalogs",CB2,CB2 Rewards,https://www.cb2.com
"Dept Stores, Big Box & Catalogs",Pottery Barn,The Key Rewards,https://www.potterybarn.com
"Dept Stores, Big Box & Catalogs",West Elm,The Key Rewards,https://www.westelm.com
"Dept Stores, Big Box & Catalogs",Williams Sonoma,The Key Rewards,https://www.williams-sonoma.com
"Dept Stores, Big Box & Catalogs",Restoration Hardware (RH),RH Members Program,https://rh.com
"Dept Stores, Big Box & Catalogs",Frontgate,Email Club / Frontgate Rewards,https://www.frontgate.com
"Dept Stores, Big Box & Catalogs",Grandin Road,Email Club,https://www.grandinroad.com
"Dept Stores, Big Box & Catalogs",Ballard Designs,Ballard Rewards,https://www.ballarddesigns.com
"Dept Stores, Big Box & Catalogs",Plow & Hearth,Plow & Hearth Club,https://www.plowhearth.com
"Dept Stores, Big Box & Catalogs",The Company Store,Company Store Rewards,https://www.thecompanystore.com
"Dept Stores, Big Box & Catalogs",Sur La Table,SLT Perks,https://www.surlatable.com
"Dept Stores, Big Box & Catalogs",Ethan Allen,Ethan Allen Member Portal,https://www.ethanallen.com
"Dept Stores, Big Box & Catalogs",Ashley Furniture,Ashley Advantage,https://www.ashleyfurniture.com
"Dept Stores, Big Box & Catalogs",La-Z-Boy,La-Z-Boy Account,https://www.la-z-boy.com
"Dept Stores, Big Box & Catalogs",Havertys Furniture,Havertys Rewards,https://www.havertys.com
"Dept Stores, Big Box & Catalogs",Rooms To Go,Rooms To Go Rewards,https://www.roomstogo.com
"Dept Stores, Big Box & Catalogs",Bob's Discount Furniture,Bob's Insider,https://www.mybobs.com
"Dept Stores, Big Box & Catalogs",Room & Board,Customer Portal,https://www.roomandboard.com
"Dept Stores, Big Box & Catalogs",Joybird,Joybird Account,https://joybird.com
"Dept Stores, Big Box & Catalogs",Sharper Image,Sharper Image Email Club,https://www.sharperimage.com
"Dept Stores, Big Box & Catalogs",Brookstone,Brookstone Member Portal,https://www.brookstone.com
"Dept Stores, Big Box & Catalogs",Hammacher Schlemmer,Email Newsletter Club,https://www.hammacher.com
"Dept Stores, Big Box & Catalogs",Fingerhut,Fingerhut Advantage Credit,https://www.fingerhut.com
"Dept Stores, Big Box & Catalogs",The Swiss Colony,Swiss Colony Credit,https://www.swisscolony.com
"Dept Stores, Big Box & Catalogs",Country Door,Country Door Credit,https://www.countrydoor.com
"Dept Stores, Big Box & Catalogs",Midnight Velvet,Midnight Velvet Credit,https://www.midnightvelvet.com
"Dept Stores, Big Box & Catalogs",Seventh Avenue,Seventh Avenue Credit,https://www.seventhavenue.com
"Dept Stores, Big Box & Catalogs",Montgomery Ward,Wards Credit,https://www.wards.com
"Dept Stores, Big Box & Catalogs",Monroe & Main,Monroe & Main Credit,https://www.monroeandmain.com
"Dept Stores, Big Box & Catalogs",Blair,Blair Rewards & Credit,https://www.blair.com
"Dept Stores, Big Box & Catalogs",Haband,Haband Credit,https://www.haband.com
"Dept Stores, Big Box & Catalogs",Appleseed's,Appleseed's Credit,https://www.appleseeds.com
"Dept Stores, Big Box & Catalogs",Draper's & Damon's,Draper's Credit,https://www.drapers.com
"Dept Stores, Big Box & Catalogs",Stoneberry,Stoneberry Credit,https://www.stoneberry.com
"Dept Stores, Big Box & Catalogs",Masseys,Masseys Credit,https://www.masseys.com
"Dept Stores, Big Box & Catalogs",Mason Easy-Pay,Mason Easy-Pay Credit,https://www.masoneasypay.com
"Dept Stores, Big Box & Catalogs",K. Jordan,K. Jordan Credit,https://www.kjordan.com
"Dept Stores, Big Box & Catalogs",Ginny's,Ginny's Credit,https://www.ginnys.com
"Dept Stores, Big Box & Catalogs",Lillian Vernon,Email Club,https://www.lillianvernon.com
"Dept Stores, Big Box & Catalogs",Dr. Leonard's,Email Club,https://www.drleonards.com
"Dept Stores, Big Box & Catalogs",Carol Wright Gifts,Email Club,https://www.carolwrightgifts.com
"Dept Stores, Big Box & Catalogs",Oriental Trading,Fun Rewards,https://www.orientaltrading.com
"Dept Stores, Big Box & Catalogs",Uline,Uline Account Portal,https://www.uline.com
"Dept Stores, Big Box & Catalogs",Grainger,Grainger Rewards Portal,https://www.grainger.com
"Dept Stores, Big Box & Catalogs",McMaster-Carr,Customer Portal,https://www.mcmaster.com
Pharmacies & Healthcare Products,CVS Pharmacy,ExtraCare,https://www.cvs.com
Pharmacies & Healthcare Products,Walgreens,myWalgreens / Walgreens Cash,https://www.walgreens.com
Pharmacies & Healthcare Products,Rite Aid,Rite Aid Rewards,https://www.riteaid.com
Pharmacies & Healthcare Products,GoodRx,GoodRx Free & Gold,https://www.goodrx.com
Pharmacies & Healthcare Products,SingleCare,SingleCare Member Rewards,https://www.singlecare.com
Pharmacies & Healthcare Products,Blink Health,Blink Savings Account,https://www.blinkhealth.com
Pharmacies & Healthcare Products,Optum Perks,Discount Drug Card Portal,https://perks.optum.com
Pharmacies & Healthcare Products,CVS Caremark,Mail-Order Pharmacy Portal,https://www.caremark.com
Pharmacies & Healthcare Products,Express Scripts,Express Scripts Account,https://www.express-scripts.com
Pharmacies & Healthcare Products,Amazon Pharmacy / PillPack,Prime Rx Savings,https://pharmacy.amazon.com
Pharmacies & Healthcare Products,Thrifty White Pharmacy,Rx Rewards,https://www.thriftywhite.com
Pharmacies & Healthcare Products,Lewis Drug,Lewis Rx Rewards,https://www.lewisdrug.com
Pharmacies & Healthcare Products,Kinney Drugs,tNt Rewards,https://kinneydrugs.com
Pharmacies & Healthcare Products,Discount Drug Mart,Courtesy Card,https://discount-drugmart.com
Pharmacies & Healthcare Products,Boots UK,Boots Advantage Card,https://www.boots.com
Pharmacies & Healthcare Products,Superdrug UK,Health & Beautycard,https://www.superdrug.com
Pharmacies & Healthcare Products,Shoppers Drug Mart,PC Optimum,https://www.shoppersdrugmart.ca
Pharmacies & Healthcare Products,Rexall Canada,Be Well Rewards,https://www.rexall.ca
Pharmacies & Healthcare Products,Chemist Warehouse,Club Member Portal,https://www.chemistwarehouse.com.au
Pharmacies & Healthcare Products,Priceline Pharmacy,Sister Club,https://www.priceline.com.au
Pharmacies & Healthcare Products,Watsons,Watsons Club Rewards,https://www.watsons.com
Pharmacies & Healthcare Products,London Drugs,LDExtras,https://www.londondrugs.com
Pharmacies & Healthcare Products,Jean Coutu,Moi Rewards,https://www.jeancoutu.com
"Airlines, Hotels & Car Rental",American Airlines,AAdvantage,https://www.aa.com
"Airlines, Hotels & Car Rental",Delta Air Lines,SkyMiles,https://www.delta.com
"Airlines, Hotels & Car Rental",United Airlines,MileagePlus,https://www.united.com
"Airlines, Hotels & Car Rental",Southwest Airlines,Rapid Rewards,https://www.southwest.com
"Airlines, Hotels & Car Rental",Alaska Airlines,Mileage Plan,https://www.alaskaair.com
"Airlines, Hotels & Car Rental",JetBlue Airways,TrueBlue,https://www.jetblue.com
"Airlines, Hotels & Car Rental",Spirit Airlines,Free Spirit,https://www.spirit.com
"Airlines, Hotels & Car Rental",Frontier Airlines,FRONTIER Miles,https://www.flyfrontier.com
"Airlines, Hotels & Car Rental",Hawaiian Airlines,HawaiianMiles,https://www.hawaiianairlines.com
"Airlines, Hotels & Car Rental",Allegiant Air,Allways Rewards,https://www.allegiantair.com
"Airlines, Hotels & Car Rental",Sun Country Airlines,Sun Country Rewards,https://www.suncountry.com
"Airlines, Hotels & Car Rental",Breeze Airways,Breezy Rewards,https://www.flybreeze.com
"Airlines, Hotels & Car Rental",Air Canada,Aeroplan,https://www.aircanada.com
"Airlines, Hotels & Car Rental",WestJet,WestJet Rewards,https://www.westjet.com
"Airlines, Hotels & Car Rental",British Airways,Executive Club,https://www.britishairways.com
"Airlines, Hotels & Car Rental",Virgin Atlantic,Flying Club,https://www.virginatlantic.com
"Airlines, Hotels & Car Rental",Air France / KLM,Flying Blue,https://www.airfrance.com
"Airlines, Hotels & Car Rental",Lufthansa,Miles & More,https://www.lufthansa.com
"Airlines, Hotels & Car Rental",Emirates,Skywards,https://www.emirates.com
"Airlines, Hotels & Car Rental",Qatar Airways,Privilege Club,https://www.qatarairways.com
"Airlines, Hotels & Car Rental",Singapore Airlines,KrisFlyer,https://www.singaporeair.com
"Airlines, Hotels & Car Rental",Cathay Pacific,Asia Miles,https://www.cathaypacific.com
"Airlines, Hotels & Car Rental",Qantas,Qantas Frequent Flyer,https://www.qantas.com
"Airlines, Hotels & Car Rental",Air New Zealand,Airpoints,https://www.airnewzealand.com
"Airlines, Hotels & Car Rental",ANA (All Nippon Airways),ANA Mileage Club,https://www.ana.co.jp
"Airlines, Hotels & Car Rental",Japan Airlines (JAL),JAL Mileage Bank,https://www.jal.com
"Airlines, Hotels & Car Rental",Korean Air,SKYPASS,https://www.koreanair.com
"Airlines, Hotels & Car Rental",Iberia,Iberia Plus,https://www.iberia.com
"Airlines, Hotels & Car Rental",Aer Lingus,AerClub,https://www.aerlingus.com
"Airlines, Hotels & Car Rental",TAP Air Portugal,Miles&Go,https://www.flytap.com
"Airlines, Hotels & Car Rental",Scandinavian Airlines (SAS),EuroBonus,https://www.flysas.com
"Airlines, Hotels & Car Rental",Finnair,Finnair Plus,https://www.finnair.com
"Airlines, Hotels & Car Rental",Icelandair,Saga Club,https://www.icelandair.com
"Airlines, Hotels & Car Rental",Avianca,LifeMiles,https://www.lifemiles.com
"Airlines, Hotels & Car Rental",LATAM Airlines,LATAM Pass,https://www.latamairlines.com
"Airlines, Hotels & Car Rental",Aeromexico,Aeromexico Rewards,https://www.aeromexico.com
"Airlines, Hotels & Car Rental",Copa Airlines,ConnectMiles,https://www.copaair.com
"Airlines, Hotels & Car Rental",Marriott International,Marriott Bonvoy,https://www.marriott.com
"Airlines, Hotels & Car Rental",Hilton Hotels,Hilton Honors,https://www.hilton.com
"Airlines, Hotels & Car Rental",Hyatt Hotels,World of Hyatt,https://www.hyatt.com
"Airlines, Hotels & Car Rental",IHG Hotels & Resorts,IHG One Rewards,https://www.ihg.com
"Airlines, Hotels & Car Rental",Wyndham Hotels & Resorts,Wyndham Rewards,https://www.wyndhamhotels.com
"Airlines, Hotels & Car Rental",Choice Hotels,Choice Privileges,https://www.choicehotels.com
"Airlines, Hotels & Car Rental",Best Western,Best Western Rewards,https://www.bestwestern.com
"Airlines, Hotels & Car Rental",Radisson Hotel Group,Radisson Rewards,https://www.radissonhotels.com
"Airlines, Hotels & Car Rental",GHA DISCOVERY,Global Hotel Alliance,https://www.ghadiscovery.com
"Airlines, Hotels & Car Rental",Four Seasons Hotels,Guest Portal,https://www.fourseasons.com
"Airlines, Hotels & Car Rental",Rosewood Hotels & Resorts,Rosewood Portal,https://www.rosewoodhotels.com
"Airlines, Hotels & Car Rental",Aman Resorts,Guest Portal,https://www.aman.com
"Airlines, Hotels & Car Rental",Belmond,The Bellini Club Portal,https://www.belmond.com
"Airlines, Hotels & Car Rental",Mandarin Oriental,Fans of M.O.,https://www.mandarinoriental.com
"Airlines, Hotels & Car Rental",The Peninsula Hotels,Peninsula Access,https://www.peninsula.com
"Airlines, Hotels & Car Rental",Shangri-La Hotels,Shangri-La Circle,https://www.shangri-la.com
"Airlines, Hotels & Car Rental",Hertz,Hertz Gold Plus Rewards,https://www.hertz.com
"Airlines, Hotels & Car Rental",Enterprise Rent-A-Car,Enterprise Plus,https://www.enterprise.com
"Airlines, Hotels & Car Rental",National Car Rental,Emerald Club,https://www.nationalcar.com
"Airlines, Hotels & Car Rental",Avis Car Rental,Avis Preferred,https://www.avis.com
"Airlines, Hotels & Car Rental",Budget Rent a Car,Fastbreak,https://www.budget.com
"Airlines, Hotels & Car Rental",Alamo Rent A Car,Alamo Insiders,https://www.alamo.com
"Airlines, Hotels & Car Rental",Dollar Rent A Car,Dollar Express Rewards,https://www.dollar.com
"Airlines, Hotels & Car Rental",Thrifty Car Rental,Blue Chip Rewards,https://www.thrifty.com
"Airlines, Hotels & Car Rental",Sixt Rent a Car,SIXT Advantage Circle,https://www.sixt.com
"Apparel, Denim & Fashion",Zara,Customer Account & Newsletter,https://www.zara.com
"Apparel, Denim & Fashion",H&M,H&M Membership,https://www2.hm.com
"Apparel, Denim & Fashion",Levi's,Levi's Red Tab Rewards,https://www.levi.com
"Apparel, Denim & Fashion",American Eagle / Aerie,Real Rewards,https://www.ae.com
"Apparel, Denim & Fashion",Hollister Co.,Hollister House / Club Cali,https://www.hollisterco.com
"Apparel, Denim & Fashion",Abercrombie & Fitch,A&F Club,https://www.abercrombie.com
"Apparel, Denim & Fashion",Express,Express Insider,https://www.express.com
"Apparel, Denim & Fashion",Gap,Gap Good Rewards,https://www.gap.com
"Apparel, Denim & Fashion",Old Navy,Navyist Rewards,https://oldnavy.gap.com
"Apparel, Denim & Fashion",Banana Republic,BR Rewards,https://bananarepublic.gap.com
"Apparel, Denim & Fashion",Athleta,Athleta Rewards,https://athleta.gap.com
"Apparel, Denim & Fashion",J.Crew,J.Crew Passport,https://www.jcrew.com
"Apparel, Denim & Fashion",J.Crew Factory,Factory Rewards,https://factory.jcrew.com
"Apparel, Denim & Fashion",Madewell,Madewell Insider,https://www.madewell.com
"Apparel, Denim & Fashion",Anthropologie,AnthroPerks,https://www.anthropologie.com
"Apparel, Denim & Fashion",Free People,FP Community,https://www.freepeople.com
"Apparel, Denim & Fashion",Urban Outfitters,UO Rewards,https://www.urbanoutfitters.com
"Apparel, Denim & Fashion",Reformation,Reformation Account,https://www.thereformation.com
"Apparel, Denim & Fashion",Everlane,Everlane Account,https://www.everlane.com
"Apparel, Denim & Fashion",Uniqlo,Uniqlo App Rewards,https://www.uniqlo.com
"Apparel, Denim & Fashion",COS,COS Community,https://www.cos.com
"Apparel, Denim & Fashion",& Other Stories,Stories Account,https://www.stories.com
"Apparel, Denim & Fashion",Arket,Arket Club,https://www.arket.com
"Apparel, Denim & Fashion",Mango,Mango Likes You,https://shop.mango.com
"Apparel, Denim & Fashion",Reiss,Reiss Rewards,https://www.reiss.com
"Apparel, Denim & Fashion",Ted Baker,Ted's Club,https://www.tedbaker.com
"Apparel, Denim & Fashion",AllSaints,AllSaints Membership,https://www.allsaints.com
"Apparel, Denim & Fashion",Club Monaco,Club Monaco Loyalty,https://www.clubmonaco.com
"Apparel, Denim & Fashion",Theory,Theory Account,https://www.theory.com
"Apparel, Denim & Fashion",Vince,Vince Community,https://www.vince.com
"Apparel, Denim & Fashion",Eileen Fisher,Renew & Rewards,https://www.eileenfisher.com
"Apparel, Denim & Fashion",Tommy Hilfiger,The Hilfiger Club,https://usa.tommy.com
"Apparel, Denim & Fashion",Calvin Klein,Calvin Klein Rewards,https://www.calvinklein.us
"Apparel, Denim & Fashion",Ralph Lauren,RL Account & Club,https://www.ralphlauren.com
"Apparel, Denim & Fashion",Hugo Boss,BOSS Experience,https://www.hugoboss.com
"Apparel, Denim & Fashion",Brooks Brothers,My Brooks Rewards,https://www.brooksbrothers.com
"Apparel, Denim & Fashion",Barbour,Barbour Account,https://www.barbour.com
"Apparel, Denim & Fashion",Belstaff,Belstaff Community,https://www.belstaff.com
"Apparel, Denim & Fashion",Filson,Filson Rewards,https://www.filson.com
"Apparel, Denim & Fashion",Orlebar Brown,OB All Sorts,https://www.orlebarbrown.com
"Apparel, Denim & Fashion",Sunspel,Sunspel Account,https://www.sunspel.com
"Apparel, Denim & Fashion",Faherty,Faherty Rewards,https://fahertybrand.com
"Apparel, Denim & Fashion",Marine Layer,Club Marine Layer,https://www.marinelayer.com
"Apparel, Denim & Fashion",Cuyana,Cuyana Access,https://www.cuyana.com
"Apparel, Denim & Fashion",Sézane,Sézane Account,https://www.sezane.com
"Apparel, Denim & Fashion",Rouje,Rouje Club,https://us.rouje.com
"Apparel, Denim & Fashion",Ganni,Ganni Repeat / Account,https://www.ganni.com
"Apparel, Denim & Fashion",A.P.C.,A.P.C. Loyalty,https://www.apc-us.com
"Apparel, Denim & Fashion",AMI Paris,AMI Club,https://www.amiparis.com
"Apparel, Denim & Fashion",Sandro Paris,Sandro Club,https://us.sandro-paris.com
"Apparel, Denim & Fashion",Maje,Maje Club,https://us.maje.com
"Apparel, Denim & Fashion",Claudie Pierlot,Claudie Club,https://int.claudiepierlot.com
"Apparel, Denim & Fashion",The Kooples,The Kooples Club,https://www.thekooples.com
"Apparel, Denim & Fashion",Zadig & Voltaire,Zadig Club,https://us.zadig-et-voltaire.com
"Apparel, Denim & Fashion",Carhartt WIP,Work In Progress Account,https://us.carhartt-wip.com
"Apparel, Denim & Fashion",Dickies,Dickies Club,https://www.dickies.com
"Apparel, Denim & Fashion",Stüssy,Stüssy Chapter Account,https://www.stussy.com
"Apparel, Denim & Fashion",Palace Skateboards,Palace Webstore Account,https://www.palaceskateboards.com
"Apparel, Denim & Fashion",Supreme,Supreme Account Portal,https://www.supreme.com
"Apparel, Denim & Fashion",HUF Worldwide,HUF Crew,https://hufworldwide.com
"Apparel, Denim & Fashion",Noah NY,Noah Club,https://noahny.com
"Apparel, Denim & Fashion",Volcom,Volcom Stone Rewards,https://www.volcom.com
"Apparel, Denim & Fashion",Quiksilver,Boardriders Club,https://www.quiksilver.com
"Apparel, Denim & Fashion",Billabong,Billabong Crew,https://www.billabong.com
"Apparel, Denim & Fashion",Hurley,Hurley Rewards,https://www.hurley.com
"Apparel, Denim & Fashion",O'Neill,O'Neill Rewards,https://us.oneill.com
"Apparel, Denim & Fashion",Roxy,Roxy Girl Club,https://www.roxy.com
"Apparel, Denim & Fashion",Element,Element Skateboards,https://www.elementbrand.com
"Apparel, Denim & Fashion",Zumiez,The Zumiez Stash,https://www.zumiez.com
"Apparel, Denim & Fashion",Buckle,B-Rewards,https://www.buckle.com
"Apparel, Denim & Fashion",Torrid,Torrid Rewards,https://www.torrid.com
"Apparel, Denim & Fashion",Lane Bryant,Lane Rewards,https://www.lanebryant.com
"Apparel, Denim & Fashion",Chico's,Chico's Rewards+,https://www.chicos.com
"Apparel, Denim & Fashion",White House Black Market,WHBM Rewards+,https://www.whitehouseblackmarket.com
"Apparel, Denim & Fashion",Soma,Soma Rewards+,https://www.soma.com
"Apparel, Denim & Fashion",Talbots,Classic Awards,https://www.talbots.com
"Apparel, Denim & Fashion",Ann Taylor,StyleRewards,https://www.anntaylor.com
"Apparel, Denim & Fashion",LOFT,myLOFT Rewards,https://www.loft.com
"Apparel, Denim & Fashion",J.Jill,J.Jill Rewards,https://www.jjill.com
"Apparel, Denim & Fashion",Coldwater Creek,Email Club,https://www.coldwatercreek.com
"Apparel, Denim & Fashion",Chadwick's of Boston,Customer Account,https://www.chadwicks.com
"Apparel, Denim & Fashion",Roaman's,Roaman's Rewards,https://www.roamans.com
"Apparel, Denim & Fashion",Woman Within,Woman Within Rewards,https://www.womanwithin.com
"Apparel, Denim & Fashion",Jessica London,Jessica London Rewards,https://www.jessicalondon.com
"Apparel, Denim & Fashion",Catherine's,Catherine's Rewards,https://www.catherines.com
"Apparel, Denim & Fashion",Forever 21,Forever 21 Rewards,https://www.forever21.com
"Apparel, Denim & Fashion",Charlotte Russe,CR Rewards,https://charlotterusse.com
"Apparel, Denim & Fashion",Rue21,Rue21 Rewards,https://www.rue21.com
"Apparel, Denim & Fashion",ASOS,ASOS Premier & Rewards,https://www.asos.com
"Apparel, Denim & Fashion",SHEIN,SHEIN Points Club,https://us.shein.com
"Apparel, Denim & Fashion",Fashion Nova,Fashion Nova VIP,https://www.fashionnova.com
"Apparel, Denim & Fashion",Boohoo,Boohoo Premier,https://us.boohoo.com
"Apparel, Denim & Fashion",PrettyLittleThing,PLT Royalty,https://www.prettylittlething.us
"Apparel, Denim & Fashion",Nasty Gal,Nasty Gal VIP,https://www.nastygal.com
"Apparel, Denim & Fashion",Missguided,Missguided Rewards,https://www.missguided.com
"Apparel, Denim & Fashion",Lulus,Love Rewards,https://www.lulus.com
"Apparel, Denim & Fashion",Muji,MUJI Passport,https://www.muji.us
"Apparel, Denim & Fashion",Cotton On,Cotton On & Co. Perks,https://cottonon.com
"Apparel, Denim & Fashion",Primark,Primark Community,https://www.primark.com
"Apparel, Denim & Fashion",Massimo Dutti,Massimo Dutti Account,https://www.massimodutti.com
"Apparel, Denim & Fashion",Pull&Bear,Pull&Bear Account,https://www.pullandbear.com
"Apparel, Denim & Fashion",Bershka,Bershka Account,https://www.bershka.com
"Apparel, Denim & Fashion",Oysho,Oysho Community,https://www.oysho.com
"Apparel, Denim & Fashion",Monki,Monki Club,https://www.monki.com
"Apparel, Denim & Fashion",Weekday,Weekday Community,https://www.weekday.com
"Apparel, Denim & Fashion",River Island,River Island Account,https://www.riverisland.com
Footwear & Sneaker Retailers,Foot Locker,FLX Rewards,https://www.footlocker.com
Footwear & Sneaker Retailers,Champs Sports,FLX Rewards,https://www.champssports.com
Footwear & Sneaker Retailers,Kids Foot Locker,FLX Rewards,https://www.kidsfootlocker.com
Footwear & Sneaker Retailers,Finish Line,STATUS Rewards,https://www.finishline.com
Footwear & Sneaker Retailers,JD Sports,STATUS Rewards,https://www.jdsports.com
Footwear & Sneaker Retailers,DSW,DSW VIP,https://www.dsw.com
Footwear & Sneaker Retailers,Famous Footwear,Famously You Rewards,https://www.famousfootwear.com
Footwear & Sneaker Retailers,Shoe Carnival,Shoe Perks,https://www.shoecarnival.com
Footwear & Sneaker Retailers,Rack Room Shoes,Rack Room Rewards,https://www.rackroomshoes.com
Footwear & Sneaker Retailers,Journeys,Journeys All Access,https://www.journeys.com
Footwear & Sneaker Retailers,Shoe Show / Shoe Dept.,Shoe Show Rewards,https://www.shoeshowmega.com
Footwear & Sneaker Retailers,Payless ShoeSource,Payless Rewards,https://www.payless.com
Footwear & Sneaker Retailers,Steve Madden,SM Pass,https://www.stevemadden.com
Footwear & Sneaker Retailers,ALDO,ALDO Crew,https://www.aldoshoes.com
Footwear & Sneaker Retailers,Nine West,9W Rewards,https://ninewest.com
Footwear & Sneaker Retailers,Naturalizer,Naturalizer Rewards,https://www.naturalizer.com
Footwear & Sneaker Retailers,Clarks,Clarks Rewards,https://www.clarks.com
Footwear & Sneaker Retailers,Skechers,Skechers Plus,https://www.skechers.com
Footwear & Sneaker Retailers,Cole Haan,GrandCity Club,https://www.colehaan.com
Footwear & Sneaker Retailers,ECCO,ECCO Moments,https://us.ecco.com
Footwear & Sneaker Retailers,UGG,UGG Rewards,https://www.ugg.com
Footwear & Sneaker Retailers,Timberland,Timberland Community,https://www.timberland.com
Footwear & Sneaker Retailers,Vans,Vans Family,https://www.vans.com
Footwear & Sneaker Retailers,Converse,Converse Account,https://www.converse.com
Footwear & Sneaker Retailers,DC Shoes,DC Crew,https://www.dcshoes.com
Footwear & Sneaker Retailers,etnies,etnies Club,https://etnies.com
Footwear & Sneaker Retailers,Globe Brand,Globe Skate & Surf,https://globebrand.com
Footwear & Sneaker Retailers,Allen Edmonds,Collector Club,https://www.allenedmonds.com
Footwear & Sneaker Retailers,Alden Shoe Company,Alden Portal,https://www.aldenshoe.com
Footwear & Sneaker Retailers,John Lobb,Bespoke & RTW Portal,https://www.johnlobb.com
Footwear & Sneaker Retailers,Edward Green,Edward Green Account,https://www.edwardgreen.com
Footwear & Sneaker Retailers,Church's,Church's English Shoes,https://www.church-footwear.com
Footwear & Sneaker Retailers,Magnanni,Magnanni Club,https://www.magnanni.com
Footwear & Sneaker Retailers,Mezlan,Mezlan Exclusive,https://mezlan.com
Footwear & Sneaker Retailers,Bally,Bally Club,https://www.bally.com
Footwear & Sneaker Retailers,Tod's,Tod's Client Portal,https://www.tods.com
Footwear & Sneaker Retailers,Fratelli Rossetti,FR Membership,https://www.fratellirossetti.com
Footwear & Sneaker Retailers,Sergio Rossi,Sergio Rossi Atelier,https://www.sergiorossi.com
Footwear & Sneaker Retailers,Gianvito Rossi,Gianvito Rossi Account,https://www.gianvitorossi.com
Footwear & Sneaker Retailers,Aquazzura,Aquazzura Club,https://www.aquazzura.com
Footwear & Sneaker Retailers,Manolo Blahnik,Manolo Blahnik VIP,https://www.manoloblahnik.com
Footwear & Sneaker Retailers,Jimmy Choo,Choo Club,https://us.jimmychoo.com
Footwear & Sneaker Retailers,Roger Vivier,Roger Vivier Maison,https://www.rogervivier.com
Footwear & Sneaker Retailers,Allbirds,Allbirds Rerun & Account,https://www.allbirds.com
Footwear & Sneaker Retailers,Rothy's,Rothy's Account,https://rothys.com
Footwear & Sneaker Retailers,Nisolo,Nisolo Ethical Club,https://nisolo.com
"Beauty, Cosmetics & Skincare",Sephora,Beauty Insider,https://www.sephora.com
"Beauty, Cosmetics & Skincare",Ulta Beauty,Ulta Beauty Rewards,https://www.ulta.com
"Beauty, Cosmetics & Skincare",Sally Beauty,Sally Beauty Rewards,https://www.sallybeauty.com
"Beauty, Cosmetics & Skincare",Bath & Body Works,My Bath & Body Works Rewards,https://www.bathandbodyworks.com
"Beauty, Cosmetics & Skincare",Victoria's Secret Beauty,VS Collective,https://www.victoriassecret.com
"Beauty, Cosmetics & Skincare",MAC Cosmetics,MAC Lover,https://www.maccosmetics.com
"Beauty, Cosmetics & Skincare",Clinique,Clinique Smart Rewards,https://www.clinique.com
"Beauty, Cosmetics & Skincare",Estée Lauder,Estée E-List,https://www.esteelauder.com
"Beauty, Cosmetics & Skincare",Lancôme,My Lancôme Rewards,https://www.lancome-usa.com
"Beauty, Cosmetics & Skincare",Kiehl's,My Kiehl's Rewards,https://www.kiehls.com
"Beauty, Cosmetics & Skincare",Dermablend,Dermablend Club,https://www.dermablend.com
"Beauty, Cosmetics & Skincare",bareMinerals,Good Rewards,https://www.bareminerals.com
"Beauty, Cosmetics & Skincare",Too Faced,Too Faced Rewards,https://www.toofaced.com
"Beauty, Cosmetics & Skincare",Urban Decay,UD Beauty Junkies,https://www.urbandecay.com
"Beauty, Cosmetics & Skincare",Benefit Cosmetics,Benefit Club,https://www.benefitcosmetics.com
"Beauty, Cosmetics & Skincare",NARS Cosmetics,NARS Account,https://www.narscosmetics.com
"Beauty, Cosmetics & Skincare",Bobbi Brown,Bobbi Brown Club,https://www.bobbibrowncosmetics.com
"Beauty, Cosmetics & Skincare",Make Up For Ever,Pro Club,https://www.makeupforever.com
"Beauty, Cosmetics & Skincare",Charlotte Tilbury,Charlotte's Magic Rewards,https://www.charlottetilbury.com
"Beauty, Cosmetics & Skincare",Laura Mercier,Flawless Face Club,https://www.lauramercier.com
"Beauty, Cosmetics & Skincare",Shiseido,Beauty Key,https://www.shiseido.com
"Beauty, Cosmetics & Skincare",Origins,My Origins Rewards,https://www.origins.com
"Beauty, Cosmetics & Skincare",GLAMGLOW,GLAMGLOW Rewards,https://www.glamglow.com
"Beauty, Cosmetics & Skincare",ColourPop,ColourPop Rewards,https://colourpop.com
"Beauty, Cosmetics & Skincare",e.l.f. Cosmetics,Beauty Squad,https://www.elfcosmetics.com
"Beauty, Cosmetics & Skincare",NYX Professional Makeup,Makeup Crew,https://www.nyxcosmetics.com
"Beauty, Cosmetics & Skincare",Revlon,Revlon Rewards,https://www.revlon.com
"Beauty, Cosmetics & Skincare",L'Oréal Paris,L'Oréal Paris Worth It Rewards,https://www.lorealparisusa.com
"Beauty, Cosmetics & Skincare",Maybelline New York,Maybelline Express,https://www.maybelline.com
"Beauty, Cosmetics & Skincare",La Mer,Waves de La Mer,https://www.cremedelamer.com
"Beauty, Cosmetics & Skincare",La Prairie,La Prairie Privileges,https://www.laprairie.com
"Beauty, Cosmetics & Skincare",SK-II,SK-II Club,https://www.sk-ii.com
"Beauty, Cosmetics & Skincare",Sisley Paris,Sisley Club,https://www.sisley-paris.com
"Beauty, Cosmetics & Skincare",Clé de Peau Beauté,Key Radiance Care,https://www.cledepeaubeaute.com
"Beauty, Cosmetics & Skincare",Jo Malone London,The Fragrance Combining Club,https://www.jomalone.com
"Beauty, Cosmetics & Skincare",Diptyque,Diptyque Paris Community,https://www.diptyqueparis.com
"Beauty, Cosmetics & Skincare",Creed,The House of Creed,https://creedboutique.com
"Beauty, Cosmetics & Skincare",Aesop,Aesop Customer Portal,https://www.aesop.com
"Beauty, Cosmetics & Skincare",Tatcha,Tatcha Ritual Rewards,https://www.tatcha.com
"Beauty, Cosmetics & Skincare",Dr. Barbara Sturm,Sturm Loyalty,https://www.drsturm.com
"Beauty, Cosmetics & Skincare",Augustinus Bader,The Club,https://augustinusbader.com
"Beauty, Cosmetics & Skincare",111SKIN,111SKIN Rewards,https://111skin.com
"Beauty, Cosmetics & Skincare",Regis Salons,Regis Rewards,https://www.regissalons.com
"Beauty, Cosmetics & Skincare",Great Clips,Great Clips App & Promos,https://www.greatclips.com
"Beauty, Cosmetics & Skincare",Supercuts,Supercuts Rewards,https://www.supercuts.com
"Beauty, Cosmetics & Skincare",Sport Clips,Sport Clips MVP Club,https://sportclips.com
"Beauty, Cosmetics & Skincare",Fantastic Sams,FS Rewards,https://www.fantasticsams.com
Sporting Goods & Outdoor Gear,DICK'S Sporting Goods,ScoreCard,https://www.dickssportinggoods.com
Sporting Goods & Outdoor Gear,Academy Sports + Outdoors,myAcademy Rewards,https://www.academy.com
Sporting Goods & Outdoor Gear,Bass Pro Shops,Outdoor Rewards,https://www.basspro.com
Sporting Goods & Outdoor Gear,Cabela's,CLUB Rewards,https://www.cabelas.com
Sporting Goods & Outdoor Gear,REI Co-op,Co-op Lifetime Member,https://www.rei.com
Sporting Goods & Outdoor Gear,Scheels,Scheels Rewards,https://www.scheels.com
Sporting Goods & Outdoor Gear,Big 5 Sporting Goods,Big 5 Rewards,https://www.big5sportinggoods.com
Sporting Goods & Outdoor Gear,Hibbett Sports,Hibbett Rewards,https://www.hibbett.com
Sporting Goods & Outdoor Gear,Sportsman's Warehouse,Loyalty Rewards,https://www.sportsmans.com
Sporting Goods & Outdoor Gear,Adidas,adiClub,https://www.adidas.com
Sporting Goods & Outdoor Gear,Under Armour,UA Rewards,https://www.underarmour.com
Sporting Goods & Outdoor Gear,Puma,Puma Pass,https://us.puma.com
Sporting Goods & Outdoor Gear,Reebok,Reebok UNLOCKED,https://www.reebok.com
Sporting Goods & Outdoor Gear,New Balance,MyNB Rewards,https://www.newbalance.com
Sporting Goods & Outdoor Gear,ASICS,OneASICS,https://www.asics.com
Sporting Goods & Outdoor Gear,Brooks Running,Brooks Run Club,https://www.brooksrunning.com
Sporting Goods & Outdoor Gear,Hoka,HOKA FLY Club,https://www.hoka.com
Sporting Goods & Outdoor Gear,On Running,On Community,https://www.on.com
Sporting Goods & Outdoor Gear,Salomon,S/PLUS,https://www.salomon.com
Sporting Goods & Outdoor Gear,Merrell,Merrell Rewards,https://www.merrell.com
Sporting Goods & Outdoor Gear,Keen Footwear,KEEN Club,https://www.keenfootwear.com
Sporting Goods & Outdoor Gear,Columbia Sportswear,Greater Rewards,https://www.columbia.com
Sporting Goods & Outdoor Gear,The North Face,XPLR Pass,https://www.thenorthface.com
Sporting Goods & Outdoor Gear,Patagonia,Worn Wear & Account,https://www.patagonia.com
Sporting Goods & Outdoor Gear,Arc'teryx,Arc'teryx Bird Club,https://arcteryx.com
Sporting Goods & Outdoor Gear,Marmot,Marmot Rewards,https://www.marmot.com
Sporting Goods & Outdoor Gear,Helly Hansen,Helly Hansen Community,https://www.hellyhansen.com
Sporting Goods & Outdoor Gear,Mammut,Mammut Club,https://www.mammut.com
Sporting Goods & Outdoor Gear,Norrøna,Norrøna Loyalty,https://www.norrona.com
Sporting Goods & Outdoor Gear,Peak Performance,Club Peak,https://www.peakperformance.com
Sporting Goods & Outdoor Gear,Fusalp,Fusalp Club,https://www.fusalp.com
Sporting Goods & Outdoor Gear,Bogner,Bogner Club,https://www.bogner.com
Sporting Goods & Outdoor Gear,Kjus,Kjus Member Portal,https://www.kjus.com
Sporting Goods & Outdoor Gear,Black Diamond Equipment,Black Diamond Club,https://www.blackdiamondequipment.com
Sporting Goods & Outdoor Gear,Petzl,Petzl Community,https://www.petzl.com
Sporting Goods & Outdoor Gear,Osprey Packs,Osprey All Mighty Guarantee Portal,https://www.osprey.com
Sporting Goods & Outdoor Gear,Lululemon Athletica,Lululemon Essential,https://shop.lululemon.com
Sporting Goods & Outdoor Gear,Alo Yoga,Alo Access,https://www.aloyoga.com
Sporting Goods & Outdoor Gear,Vuori,Vuori Rewards,https://vuoriclothing.com
Sporting Goods & Outdoor Gear,Fabletics,Fabletics VIP,https://www.fabletics.com
Sporting Goods & Outdoor Gear,Bandier,Bandier Rewards,https://www.bandier.com
Sporting Goods & Outdoor Gear,Carbon38,Carbon38 Rewards,https://carbon38.com
Sporting Goods & Outdoor Gear,Girlfriend Collective,The Collective Rewards,https://girlfriend.com
Sporting Goods & Outdoor Gear,Splits59,Splits59 Rewards,https://www.splits59.com
Sporting Goods & Outdoor Gear,Spiritual Gangster,Spiritual Gangster Club,https://www.spiritualgangster.com
Sporting Goods & Outdoor Gear,Rapha Racing,Rapha Cycling Club,https://www.rapha.cc
Sporting Goods & Outdoor Gear,Titleist,Team Titleist,https://www.titleist.com
Sporting Goods & Outdoor Gear,Callaway Golf,Callaway Rewards,https://www.callawaygolf.com
Sporting Goods & Outdoor Gear,TaylorMade Golf,Team TaylorMade,https://www.taylormadegolf.com
Sporting Goods & Outdoor Gear,Oakley,Oakley MVP,https://www.oakley.com
Sporting Goods & Outdoor Gear,YETI,YETI Nation,https://www.yeti.com
Sporting Goods & Outdoor Gear,Hydro Flask,Hydro Flask Community,https://www.hydroflask.com
Sporting Goods & Outdoor Gear,Igloo Coolers,Igloo Rewards,https://www.igloocoolers.com
Sporting Goods & Outdoor Gear,Traeger Grills,Traeger Brotherhood,https://www.traeger.com
Sporting Goods & Outdoor Gear,Weber Grills,Weber Grills Rewards,https://www.weber.com
Sporting Goods & Outdoor Gear,Pit Boss Grills,Pit Boss Nation,https://pitboss-grills.com
Sporting Goods & Outdoor Gear,Camp Chef,Camp Chef Community,https://www.campchef.com
Sporting Goods & Outdoor Gear,Char-Broil,Char-Broil Community,https://www.charbroil.com
Consumer Electronics & Hardware,Apple,Apple ID / Account Portal,https://appleid.apple.com
Consumer Electronics & Hardware,Samsung,Samsung Rewards,https://www.samsung.com
Consumer Electronics & Hardware,Google Store,Google Account Sign-Up,https://store.google.com
Consumer Electronics & Hardware,Microsoft Store,Microsoft Rewards,https://rewards.bing.com
Consumer Electronics & Hardware,Best Buy,My Best Buy,https://www.bestbuy.com
Consumer Electronics & Hardware,B&H Photo Video,Payboo / B&H Rewards,https://www.bhphotovideo.com
Consumer Electronics & Hardware,Newegg,Newegg EggPoints,https://www.newegg.com
Consumer Electronics & Hardware,Micro Center,Micro Center Insider,https://www.microcenter.com
Consumer Electronics & Hardware,Adorama,Adorama Rewards,https://www.adorama.com
Consumer Electronics & Hardware,GameStop,GameStop Pro,https://www.gamestop.com
Consumer Electronics & Hardware,Dell Technologies,Dell Rewards,https://www.dell.com
Consumer Electronics & Hardware,HP (Hewlett-Packard),HP Rewards,https://www.hp.com
Consumer Electronics & Hardware,Lenovo,MyLenovo Rewards,https://www.lenovo.com
Consumer Electronics & Hardware,ASUS,ASUS Member,https://www.asus.com
Consumer Electronics & Hardware,Acer,Acer Community,https://www.acer.com
Consumer Electronics & Hardware,NVIDIA,GeForce Rewards,https://www.nvidia.com
Consumer Electronics & Hardware,Intel,Intel Gaming Access,https://game.intel.com
Consumer Electronics & Hardware,AMD,AMD Rewards,https://www.amdrewards.com
Consumer Electronics & Hardware,Razer,Razer Silver,https://www.razer.com
Consumer Electronics & Hardware,Corsair,iCUE Community,https://www.corsair.com
Consumer Electronics & Hardware,Sony Electronics,Sony Rewards,https://www.rewards.sony.com
Consumer Electronics & Hardware,Bose,My Bose Account,https://www.bose.com
Consumer Electronics & Hardware,Sonos,Sonos Account,https://www.sonos.com
Consumer Electronics & Hardware,Bang & Olufsen,B&O Account,https://www.bang-olufsen.com
Consumer Electronics & Hardware,Crutchfield,Crutchfield Rewards,https://www.crutchfield.com
Consumer Electronics & Hardware,Staples,Staples Easy Rewards,https://www.staples.com
Consumer Electronics & Hardware,Office Depot / OfficeMax,OD/OM Rewards,https://www.officedepot.com
Consumer Electronics & Hardware,Guitar Center,Guitar Center Gear Club,https://www.guitarcenter.com
Consumer Electronics & Hardware,Sweetwater Sound,Sweetwater Rewards,https://www.sweetwater.com
Consumer Electronics & Hardware,Sam Ash Music,Sam Ash Musicians Club,https://www.samash.com
Consumer Electronics & Hardware,Blick Art Materials,Blick Preferred Customer,https://www.dickblick.com
Consumer Electronics & Hardware,Jerry's Artarama,VIP Rewards,https://www.jerrysartarama.com
Consumer Electronics & Hardware,Michaels,Michaels Rewards,https://www.michaels.com
Consumer Electronics & Hardware,Joann Fabric,Jo-Ann Smiles,https://www.joann.com
Consumer Electronics & Hardware,Hobby Lobby,Hobby Lobby Rewards,https://www.hobbylobby.com
"Pet Care, Supplies & Subscriptions",Chewy,Chewy Autoship & Perks,https://www.chewy.com
"Pet Care, Supplies & Subscriptions",Petco,Vital Care Core,https://www.petco.com
"Pet Care, Supplies & Subscriptions",PetSmart,Treats Rewards,https://www.petsmart.com
"Pet Care, Supplies & Subscriptions",Pet Supplies Plus,Pals Rewards,https://www.petsuppliesplus.com
"Pet Care, Supplies & Subscriptions",Pet Valu,Pet Valu Rewards,https://www.petvalu.com
"Pet Care, Supplies & Subscriptions",Petland,Petland Club,https://www.petland.com
"Pet Care, Supplies & Subscriptions",1-800-PetMeds,PetMeds AutoShip,https://www.1800petmeds.com
"Pet Care, Supplies & Subscriptions",Only Natural Pet,Rebate Rewards,https://www.onlynaturalpet.com
"Pet Care, Supplies & Subscriptions",PetFlow,PetFlow AutoShip,https://www.petflow.com
"Pet Care, Supplies & Subscriptions",BarkBox / BARK,BARK Portal,https://www.barkbox.com
"Pet Care, Supplies & Subscriptions",KitNipBox,KitNipBox Subscription,https://www.kitnipbox.com
"Pet Care, Supplies & Subscriptions",PupBox,PupBox Portal,https://www.pupbox.com
"Pet Care, Supplies & Subscriptions",The Farmer's Dog,Fresh Dog Food,https://www.thefarmersdog.com
"Pet Care, Supplies & Subscriptions",Ollie Pet Food,Ollie Fresh Box,https://www.myollie.com
"Pet Care, Supplies & Subscriptions",Nom Nom,Nom Nom Meals,https://www.nomnomnow.com
"Pet Care, Supplies & Subscriptions",Spot & Tango,UnKibble Rewards,https://spotandtango.com
"Pet Care, Supplies & Subscriptions",Jinx,Jinx Dog Food Rewards,https://www.thinkjinx.com
"Gourmet Food, Wine & Cookware",Omaha Steaks,Steaklover Rewards,https://www.omahasteaks.com
"Gourmet Food, Wine & Cookware",Kansas City Steak Company,KC Steaks Rewards,https://www.kansascitysteaks.com
"Gourmet Food, Wine & Cookware",Harry & David,Celebrations Passport,https://www.harryanddavid.com
"Gourmet Food, Wine & Cookware",1-800-Flowers,Celebrations Passport,https://www.1800flowers.com
"Gourmet Food, Wine & Cookware",Hickory Farms,Hickory Farms Club,https://www.hickoryfarms.com
"Gourmet Food, Wine & Cookware",Edible Arrangements,Edible Rewards,https://www.ediblearrangements.com
"Gourmet Food, Wine & Cookware",Cheryl's Cookies,Celebrations Passport,https://www.cheryls.com
"Gourmet Food, Wine & Cookware",The Popcorn Factory,Celebrations Passport,https://www.thepopcornfactory.com
"Gourmet Food, Wine & Cookware",Wolferman's Bakery,Celebrations Passport,https://www.wolfermans.com
"Gourmet Food, Wine & Cookware",Stock Yards,Celebrations Passport,https://www.stockyards.com
"Gourmet Food, Wine & Cookware",Simply Chocolate,Celebrations Passport,https://www.simplychocolate.com
"Gourmet Food, Wine & Cookware",See's Candies,See's Candies Rewards,https://www.sees.com
"Gourmet Food, Wine & Cookware",Fannie May,Fannie May Confections,https://www.fanniemay.com
"Gourmet Food, Wine & Cookware",Godiva Chocolatier,Godiva Rewards Club,https://www.godiva.com
"Gourmet Food, Wine & Cookware",Ghirardelli Chocolate,Ghirardelli Rewards,https://www.ghirardelli.com
"Gourmet Food, Wine & Cookware",Lindt Chocolate,myLindt Rewards,https://www.lindtusa.com
"Gourmet Food, Wine & Cookware",Rocky Mountain Chocolate Factory,Sweet Club,https://www.rmcf.com
"Gourmet Food, Wine & Cookware",Kilwins,My Kilwins Club,https://www.kilwins.com
"Gourmet Food, Wine & Cookware",Milk Bar,Milk Bar Club,https://milkbarstore.com
"Gourmet Food, Wine & Cookware",Baked by Melissa,Bite Club,https://www.bakedbymelissa.com
"Gourmet Food, Wine & Cookware",Sprinkles Cupcakes,Sprinkles Perks,https://sprinkles.com
"Gourmet Food, Wine & Cookware",Gigi's Cupcakes,Gigi's Rewards,https://gigiscupcakesusa.com
"Gourmet Food, Wine & Cookware",Total Wine & More,Military & Regular Rewards,https://www.totalwine.com
"Gourmet Food, Wine & Cookware",BevMo!,ClubBev!,https://www.bevmo.com
"Gourmet Food, Wine & Cookware",ABC Fine Wine & Spirits,ABC Premier Rewards,https://www.abcfws.com
"Gourmet Food, Wine & Cookware",Eataly,Eataly Club,https://www.eataly.com
"Gourmet Food, Wine & Cookware",Le Creuset,Le Creuset Club,https://www.lecreuset.com
"Gourmet Food, Wine & Cookware",All-Clad,All-Clad VIP,https://www.all-clad.com
"Gourmet Food, Wine & Cookware",Lodge Cast Iron,Lodge Club,https://www.lodgecastiron.com
"Gourmet Food, Wine & Cookware",KitchenAid,KitchenAid Community,https://www.kitchenaid.com
"Gourmet Food, Wine & Cookware",Vitamix,Vitamix Rewards,https://www.vitamix.com
"Gourmet Food, Wine & Cookware",Breville,My Breville,https://www.breville.com
"Gourmet Food, Wine & Cookware",De'Longhi,De'Longhi Club,https://www.delonghi.com
"Gourmet Food, Wine & Cookware",Cuisinart,Cuisinart Club,https://www.cuisinart.com
"Gourmet Food, Wine & Cookware",Ninja Kitchen,Ninja Rewards,https://www.ninjakitchen.com
"Gourmet Food, Wine & Cookware",Instant Pot,Instant Brands Community,https://www.instanthome.com
"Gourmet Food, Wine & Cookware",Keurig,Keurig Perks,https://www.keurig.com
"Gourmet Food, Wine & Cookware",Nespresso,Nespresso & You,https://www.nespresso.com
Regional & Cult Casual Dining,Runza,Runza Rewards,https://www.runza.com
Regional & Cult Casual Dining,Pal's Sudden Service,Pal's Online Portal,https://www.palsweb.com
Regional & Cult Casual Dining,Taco Time,Taco Time Rewards,https://www.tacotime.com
Regional & Cult Casual Dining,Mighty Taco,Mighty Taco Rewards,https://www.mightytaco.com
Regional & Cult Casual Dining,Dion's Pizza,Dion's Pizza Rewards,https://www.dions.com
Regional & Cult Casual Dining,Skyline Chili,Skyline Chili Rewards,https://www.skylinechili.com
Regional & Cult Casual Dining,Gold Star Chili,Gold Star Chili Rewards,https://www.goldstarchili.com
Regional & Cult Casual Dining,Blake's Lotaburger,Lotaburger Rewards,https://www.lotaburger.com
Regional & Cult Casual Dining,Burgerville,Burgerville Rewards,https://www.burgerville.com
Regional & Cult Casual Dining,Dick's Drive-In,Dick's Portal,https://www.ddir.com
Regional & Cult Casual Dining,Imo's Pizza,Imo's Squares Rewards,https://www.imospizza.com
Regional & Cult Casual Dining,Lion's Choice,LC Rewards,https://lionschoice.com
Regional & Cult Casual Dining,Sugarfire Smoke House,Sugarfire Rewards,https://sugarfiresmokehouse.com
Regional & Cult Casual Dining,Syberg's,Syberg's Rewards,https://sybergs.com
Regional & Cult Casual Dining,Crazy Bowls & Wraps,CBW Rewards,https://crazybowlsandwraps.com
Regional & Cult Casual Dining,Kaldi's Coffee,Kaldi's Rewards,https://kaldiscoffee.com
Regional & Cult Casual Dining,Mission Taco Joint,Mission Control,https://www.missiontacojoint.com
Regional & Cult Casual Dining,The Pasta House Co.,Pasta House Rewards,https://www.pastahouse.com
Regional & Cult Casual Dining,Pickleman's Gourmet Cafe,Pickleman's Rewards,https://www.picklemans.com
Regional & Cult Casual Dining,Andy's Frozen Custard,Yum Squad,https://www.eatandys.com
Regional & Cult Casual Dining,Willy's Mexicana Grill,Willy Good Rewards,https://willys.com
Regional & Cult Casual Dining,Gusto!,Gusto! Rewards,https://whatsyourgusto.com
Regional & Cult Casual Dining,Marlow's Tavern,Insider Club,https://marlowstavern.com
Regional & Cult Casual Dining,Taco Mac,Brewniversity,https://tacomac.com
Regional & Cult Casual Dining,Slutty Vegan,Slutty Rewards,https://sluttyveganatl.com
Regional & Cult Casual Dining,Flying Biscuit Cafe,Flying Biscuit Rewards,https://flyingbiscuit.com
Regional & Cult Casual Dining,J. Christopher's,J.C. Club,https://jchristophers.com
Regional & Cult Casual Dining,Shane's Rib Shack,Shack Rewards,https://www.shanesribshack.com
Regional & Cult Casual Dining,Cinnaholic,Cinnaholic Rollwards,https://www.cinnaholic.com
Regional & Cult Casual Dining,Farm Burger,Farm Burger Rewards,https://farmburger.com
Regional & Cult Casual Dining,Hattie B's Hot Chicken,Hattie B's Portal,https://hattieb.com
Regional & Cult Casual Dining,Sonny Bryan's Smokehouse,Sonny's Club,https://www.sonnybryans.com
Regional & Cult Casual Dining,Spring Creek Barbeque,Email Club,https://springcreekbarbeque.com
Regional & Cult Casual Dining,Cotton Patch Cafe,Cotton Patch Club,https://cottonpatch.com
Regional & Cult Casual Dining,Golden Chick,Golden Club,https://goldenchick.com
Regional & Cult Casual Dining,Chicken Express,Chicken Express eClub,https://chickene.com
Regional & Cult Casual Dining,El Fenix,El Fenix eClub,https://elfenix.com
Regional & Cult Casual Dining,Mi Cocina,Familia Rewards,https://www.micocina.com
Regional & Cult Casual Dining,Pluckers Wing Bar,Pluckers Club,https://www.pluckers.com
Regional & Cult Casual Dining,Snuffer's Restaurant & Bar,VIP Club,https://snuffers.com
Regional & Cult Casual Dining,Campisi's Restaurants,Campisi's Rewards,https://campisis.us
Regional & Cult Casual Dining,Perry's Steakhouse & Grille,Perry's Reserve,https://perryssteakhouse.com
Regional & Cult Casual Dining,Walk-On's Sports Bistreaux,Walk-On's Rewards,https://walk-ons.com
Regional & Cult Casual Dining,Gyu-Kaku Japanese BBQ,Gyu-Kaku Rewards,https://www.gyu-kaku.com
Regional & Cult Casual Dining,Kura Revolving Sushi Bar,Kura Rewards,https://kurasushi.com
Regional & Cult Casual Dining,Gen Korean BBQ House,Gen Rewards,https://genkoreanbbq.com
Regional & Cult Casual Dining,Gordon Biersch Brewery Restaurant,GB Rewards,https://gordonbiersch.com
Regional & Cult Casual Dining,Rock Bottom Restaurant & Brewery,Rock Bottom Rewards,https://rockbottom.com
Regional & Cult Casual Dining,Abuelo's Mexican Restaurant,Mi Abuelo's Rewards,https://www.abuelos.com
Regional & Cult Casual Dining,Rusty Taco,Rusty Taco Rewards,https://rustytaco.com
Regional & Cult Casual Dining,Lupe Tortilla,Lupe Rewards,https://tex-mex.com
Regional & Cult Casual Dining,Rosa's Café & Tortilla Factory,Rosa's Rewards,https://www.rosascafe.com
Regional & Cult Casual Dining,B&B Butchers & Restaurant,Berg Hospitality Club,https://www.bbbutchers.com
Regional & Cult Casual Dining,Tender Greens,Tender Greens Rewards,https://www.tendergreens.com
Regional & Cult Casual Dining,Veggie Grill,Veggie Grill Rewards,https://www.veggiegrill.com
Regional & Cult Casual Dining,Dig Inn,Dig Rewards,https://www.diginn.com
Regional & Cult Casual Dining,Roti Modern Mediterranean,Roti Rewards,https://roti.com
Regional & Cult Casual Dining,Naf Naf Grill,Naf Naf Rewards,https://www.nafnafgrill.com
Regional & Cult Casual Dining,Pita Pit,Pita Pit Rewards,https://pitapitusa.com
Regional & Cult Casual Dining,Condado Tacos,Condado Rewards,https://condadotacos.com
International Dining & Global Cafés,Nando's Peri-Peri,Nando's Rewards,https://www.nandosperiperi.com
International Dining & Global Cafés,Leon,Leon Club,https://leon.co
International Dining & Global Cafés,Wagamama,Soul Club,https://www.wagamama.com
International Dining & Global Cafés,Itsu,Itsu Rewards,https://www.itsu.com
International Dining & Global Cafés,Wasabi,Wasabi Club,https://www.wasabi.uk.com
International Dining & Global Cafés,YO! Sushi,YO! Love Club,https://yosushi.com
International Dining & Global Cafés,Franco Manca,Franco Manca Loyalty,https://www.francomanca.co.uk
International Dining & Global Cafés,Dishoom,Dishoom Community,https://www.dishoom.com
International Dining & Global Cafés,Hawksmoor,Hawksmoor Club,https://thehawksmoor.com
International Dining & Global Cafés,PizzaExpress,PizzaExpress Club,https://www.pizzaexpress.com
International Dining & Global Cafés,Zizzi,Zillionaires' Club,https://www.zizzi.co.uk
International Dining & Global Cafés,Ask Italian,Ask Italian Rewards,https://www.askitalian.co.uk
International Dining & Global Cafés,Bella Italia,Bella Italia Club,https://www.bellaitalia.co.uk
International Dining & Global Cafés,Carluccio's,Carluccio's Rewards,https://www.carluccios.com
International Dining & Global Cafés,Côte Brasserie,Côte Club,https://www.cote.co.uk
International Dining & Global Cafés,Bill's Restaurant,Bill's Rewards,https://bills-website.co.uk
International Dining & Global Cafés,Browns Brasserie & Bar,Browns Club,https://www.browns-restaurants.co.uk
International Dining & Global Cafés,The Ivy Collection,The Ivy Club,https://theivycollection.com
International Dining & Global Cafés,Lounges / Cosy Club,The Lounges Portal,https://thelounges.co.uk
International Dining & Global Cafés,Miller & Carter Steakhouse,Steak Club,https://www.millerandcarter.co.uk
International Dining & Global Cafés,Jollibee,Jollibee Rewards,https://www.jollibeefoods.com
International Dining & Global Cafés,Din Tai Fung,Din Tai Fung Rewards,https://dintaifungusa.com
International Dining & Global Cafés,Ippudo,Ippudo Club,https://ippudo-us.com
International Dining & Global Cafés,Haidilao Hot Pot,Haidilao Membership,https://www.haidilao.com
International Dining & Global Cafés,Ichiran,Ichiran App Club,https://www.ichiranusa.com
International Dining & Global Cafés,Ootoya,Ootoya Rewards,https://ootoya.us
International Dining & Global Cafés,Gong Cha,Gong Cha Rewards,https://gong-cha-usa.com
International Dining & Global Cafés,Chatime,Chatime Rewards,https://chatimeusa.com
International Dining & Global Cafés,Tiger Sugar,Tiger Sugar Rewards,https://tigersugar.co
"Regional, Commuter & Global Airlines",Ethiopian Airlines,ShebaMiles,https://www.ethiopianairlines.com
"Regional, Commuter & Global Airlines",Royal Air Maroc,Safar Flyer,https://www.royalairmaroc.com
"Regional, Commuter & Global Airlines",Kenya Airways,Asante Rewards,https://www.kenya-airways.com
"Regional, Commuter & Global Airlines",Air India,Flying Returns,https://www.airindia.com
"Regional, Commuter & Global Airlines",Saudia,Alfursan,https://www.saudia.com
"Regional, Commuter & Global Airlines",Gulf Air,FalconFlyer,https://www.gulfair.com
"Regional, Commuter & Global Airlines",Oman Air,Sindbad,https://www.omanair.com
"Regional, Commuter & Global Airlines",SriLankan Airlines,FlySmiLes,https://www.srilankan.com
"Regional, Commuter & Global Airlines",Malaysia Airlines,Enrich,https://www.malaysiaairlines.com
"Regional, Commuter & Global Airlines",Thai Airways,Royal Orchid Plus,https://www.thaiairways.com
"Regional, Commuter & Global Airlines",Philippine Airlines,Mabuhay Miles,https://www.philippineairlines.com
"Regional, Commuter & Global Airlines",Hainan Airlines,Fortune Wings Club,https://www.hainanairlines.com
"Regional, Commuter & Global Airlines",Air Tahiti Nui,Club Tiare,https://www.airtahitinui.com
"Regional, Commuter & Global Airlines",Brussels Airlines,Miles & More,https://www.brusselsairlines.com
"Regional, Commuter & Global Airlines",Porter Airlines,VIPorter,https://www.flyporter.com
"Regional, Commuter & Global Airlines",Silver Airways,Silver Rewards,https://www.silverairways.com
"Regional, Commuter & Global Airlines",Cape Air,Cape Air Club,https://www.capeair.com
"Regional, Commuter & Global Airlines",Boutique Air,Boutique Miles,https://www.boutiqueair.com
"Regional, Commuter & Global Airlines",Contour Airlines,Contour Portal,https://www.contourairlines.com
"Regional, Commuter & Global Airlines",Mokulele Airlines,Mokulele Portal,https://mokuleleairlines.com
"Regional, Commuter & Global Airlines",Southern Airways Express,Southern Club,https://iflysouthern.com
"Regional, Commuter & Global Airlines",Kenmore Air,Kenmore Club,https://www.kenmoreair.com
"Regional, Commuter & Global Airlines",Tradewind Aviation,Tradewind Portal,https://www.flytradewind.com
"Regional, Commuter & Global Airlines",JSX,JSX Account Portal,https://www.jsx.com
"Regional, Commuter & Global Airlines",Advanced Air,Advanced Air Loyalty,https://advancedairlines.com
"Regional, Commuter & Global Airlines",Bering Air,Bering Air Portal,https://www.beringair.com
"Regional, Commuter & Global Airlines",Grant Aviation,Grant Club,https://www.flygrant.com
International Rail & Transit Systems,SJ Sweden,SJ Prio,https://www.sj.se
International Rail & Transit Systems,Vy Norway,Vy Loyalty,https://www.vy.no
International Rail & Transit Systems,VR Finland,VR Matkalla,https://www.vr.fi
International Rail & Transit Systems,DSB Denmark,DSB Plus,https://www.dsb.dk
International Rail & Transit Systems,PKP Intercity Poland,PKP Intercity Portal,https://www.intercity.pl
International Rail & Transit Systems,ČD Czech Railways,ČD Body,https://www.cd.cz
International Rail & Transit Systems,MÁV Hungary,MÁV Loyalty,https://www.mavcsoport.hu
International Rail & Transit Systems,CFR Călători Romania,CFR Portal,https://www.cfrcalatori.ro
International Rail & Transit Systems,CP Portugal,CP Rallies,https://www.cp.pt
International Rail & Transit Systems,Iarnród Éireann,Irish Rail Portal,https://www.irishrail.ie
International Rail & Transit Systems,Translink Northern Ireland,Translink Portal,https://www.translink.co.uk
International Rail & Transit Systems,Transport for London,TfL Oyster / Contactless,https://tfl.gov.uk
International Rail & Transit Systems,PTV Melbourne,Public Transport Victoria,https://www.ptv.vic.gov.au
International Rail & Transit Systems,Transport for NSW,Opal Card / Sydney Transit,https://transportnsw.info
International Rail & Transit Systems,TransLink Vancouver,Compass Card,https://www.translink.ca
International Rail & Transit Systems,LNER UK,LNER Perks,https://www.lner.co.uk
International Rail & Transit Systems,Avanti West Coast,Club Avanti,https://www.avantiwestcoast.co.uk
International Rail & Transit Systems,Great Western Railway,GWR Rewards,https://www.gwr.com
International Rail & Transit Systems,CrossCountry Trains,CrossCountry Portal,https://www.crosscountrytrains.co.uk
International Rail & Transit Systems,ScotRail,ScotRail Smartcard,https://www.scotrail.co.uk
International Rail & Transit Systems,TransPennine Express,TPE Club,https://www.tpexpress.co.uk
International Rail & Transit Systems,SBB Switzerland,SwissPass Portal,https://www.sbb.ch
International Rail & Transit Systems,NS Netherlands,NS Extra,https://www.ns.nl
International Rail & Transit Systems,SNCB Belgium,My SNCB,https://www.belgiantrain.be
International Cinema Chains,Vue Cinemas UK,Vue Members,https://www.myvue.com
International Cinema Chains,Odeon Cinemas UK,myODEON / Limitless,https://www.odeon.co.uk
International Cinema Chains,Cineworld UK,Unlimited / My Cineworld,https://www.cineworld.co.uk
International Cinema Chains,Hoyts Cinemas Australia,Hoyts Rewards,https://www.hoyts.com.au
International Cinema Chains,Event Cinemas Australia,Cinebuzz Rewards,https://www.eventcinemas.com.au
International Cinema Chains,Village Cinemas Australia,Vrewards,https://villagecinemas.com.au
International Cinema Chains,PVR Cinemas India,PVR Privilege,https://www.pvrcinemas.com
International Cinema Chains,INOX Leisure India,INOX Rewards,https://www.inoxmovies.com
International Cinema Chains,Cinépolis,Club Cinépolis,https://cinepolis.com
International Cinema Chains,Cinemex,Invitado Especial,https://cinemex.com
International Cinema Chains,Pathé Theatres,Pathé Club,https://www.pathe.fr
International Cinema Chains,UGC Cinemas,UGC Illimité,https://www.ugc.fr
International Cinema Chains,Kinepolis Group,Kinepolis Club,https://kinepolis.com
International Cinema Chains,Ster-Kinekor,SK Club,https://www.sterkinekor.com
Regional Federal Credit Unions,Tinker Federal Credit Union,TFCU Portal,https://www.tinkerfcu.org
Regional Federal Credit Unions,All In Credit Union,All In Portal,https://allincu.com
Regional Federal Credit Unions,Truliant Federal Credit Union,Truliant Portal,https://www.truliantfcu.org
Regional Federal Credit Unions,Redwood Credit Union,RCU Portal,https://www.redwoodcu.org
Regional Federal Credit Unions,Everwise Credit Union,Formerly Teachers CU,https://www.everwisecu.com
Regional Federal Credit Unions,Community First Credit Union,CFCU Portal,https://www.communityfirstfl.org
Regional Federal Credit Unions,First Community Credit Union,FCCU Portal,https://www.fccu.org
Regional Federal Credit Unions,State Department Federal Credit Union,SDFCU,https://www.sdfcu.org
Regional Federal Credit Unions,Affinity Federal Credit Union,Affinity FCU,https://www.affinityfcu.com
Regional Federal Credit Unions,Bellco Credit Union,Bellco Portal,https://www.bellco.org
Regional Federal Credit Unions,ESL Federal Credit Union,ESL Rewards,https://www.esl.org
Regional Federal Credit Unions,Hudson Valley Credit Union,HVCU Portal,https://www.hvcu.org
Regional Federal Credit Unions,Summit Credit Union,Summit Portal,https://www.summitcreditunion.com
Regional Federal Credit Unions,Citadel Credit Union,Citadel Rewards,https://www.citadelbanking.com
Regional Federal Credit Unions,OnPoint Community Credit Union,OnPoint Portal,https://www.onpointcu.com
Regional Federal Credit Unions,Veridian Credit Union,Veridian Portal,https://www.veridiancu.org
Regional Federal Credit Unions,Washington State Employees CU,WSECU,https://wsecu.org
Regional Federal Credit Unions,Landmark Credit Union,Landmark Portal,https://landmarkcu.com
Regional Federal Credit Unions,Idaho Central Credit Union,ICCU Portal,https://www.iccu.com
Regional Federal Credit Unions,Broadview Federal Credit Union,Broadview FCU,https://www.broadviewfcu.com
Regional Federal Credit Unions,Canvas Credit Union,Canvas Portal,https://www.canvas.org
Regional Federal Credit Unions,Lake Michigan Credit Union,LMCU Portal,https://www.lmcu.org
Regional Motorcoach Lines,Barons Bus,Barons Bus Loyalty,https://baronsbus.com
Regional Motorcoach Lines,Indian Trails,Indian Trails Portal,https://www.indiantrails.com
Regional Motorcoach Lines,Vamoose Bus,Vamoose Bus Rewards,https://www.vamoosebus.com
Global Animal Welfare Charities,RSPCA Australia,Animal Protection,https://www.rspca.org.au
Global Animal Welfare Charities,SPCA New Zealand,Animal Rescue,https://www.spca.nz
Global Animal Welfare Charities,BC SPCA Canada,Animal Welfare,https://spca.bc.ca
Global Animal Welfare Charities,Toronto Humane Society,Shelter Portal,https://www.torontohumanesociety.com
Global Animal Welfare Charities,Calgary Humane Society,Adoption Portal,https://www.calgaryhumane.ca
Global Animal Welfare Charities,Dogs Trust Ireland,Canine Rescue,https://www.dogstrust.ie
Global Animal Welfare Charities,ISPCA Ireland,Cruelty Prevention,https://www.ispca.ie
Global Animal Welfare Charities,Scottish SPCA,Animal Rescue Scotland,https://www.scottishspca.org
Global Animal Welfare Charities,USPCA Northern Ireland,Animal Protection NI,https://www.uspca.co.uk
Global Animal Welfare Charities,DSPCA Ireland,Dublin Animal Protection,https://www.dspca.ie
Global Animal Welfare Charities,Woodgreen Pets Charity UK,Pet Rehabilitation,https://woodgreen.org.uk
Global Animal Welfare Charities,PDSA UK,Veterinary Charity,https://www.pdsa.org.uk
Global Animal Welfare Charities,Mayhew UK,Animal Welfare London,https://themayhew.org
Global Animal Welfare Charities,RSPCA UK,Royal Society Prevention Cruelty,https://www.rspca.org.uk
Global Animal Welfare Charities,Battersea Dogs & Cats Home,Shelter UK,https://www.battersea.org.uk
Global Animal Welfare Charities,Dogs Trust UK,Dog Rehoming UK,https://www.dogstrust.org.uk
Global Animal Welfare Charities,Cats Protection UK,Feline Welfare UK,https://www.catsprotection.org.uk
Global Animal Welfare Charities,Blue Cross UK,Pet Care & Adoption,https://www.bluecross.org.uk
Global Animal Welfare Charities,SPCA International,Global Animal Aid,https://www.spcai.org
Global Animal Welfare Charities,Soi Dog Foundation,Asian Street Dog Rescue,https://www.soidog.org
Global Animal Welfare Charities,Atlanta Humane Society,Pet Adoption & Clinic,https://atlantahumane.org
Global Animal Welfare Charities,Oregon Humane Society,Shelter & Cruelty Investigations,https://www.oregonhumane.org
Global Animal Welfare Charities,Dumb Friends League,Denver Animal Shelter,https://www.ddfl.org
Global Animal Welfare Charities,Hawaiian Humane Society,Oahu Animal Welfare,https://www.hawaiianhumane.org
Global Animal Welfare Charities,Nebraska Humane Society,Omaha Animal Rescue,https://www.nehumanesociety.org
Global Animal Welfare Charities,Michigan Humane,Animal Welfare Detroit,https://www.michiganhumane.org
Global Animal Welfare Charities,Charleston Animal Society,No-Kill Animal Care,https://charlestonanimalsociety.org
"Amusement, Skating & Bowling",United Skates of America,Roller Skating Member Perks,https://www.unitedskates.com
"Amusement, Skating & Bowling",Skate City Colorado,Skate City Club,https://www.skatecitycolorado.com
"Amusement, Skating & Bowling",Roller Kingdom,VIP Skate Club,https://rollerkingdom.com
"Amusement, Skating & Bowling",Oaks Park Roller Rink,Roller Rink Portal,https://www.oakspark.com
"Amusement, Skating & Bowling",Skateland,Skateland Family Club,https://www.skateland.com
"Amusement, Skating & Bowling",Fast Lap Indoor Kart Racing,Racer Registration,https://www.fastlaplv.com
"Amusement, Skating & Bowling",Supercharged Entertainment,Multi-Level Karting Portal,https://www.superchargedinc.com
"Amusement, Skating & Bowling",RPM Raceway,RPM Member License,https://www.rpmraceway.com
"Amusement, Skating & Bowling",MB2 Raceway,Racer VIP Portal,https://www.mb2raceway.com
"Amusement, Skating & Bowling",Lehigh Valley Grand Prix,Arrive & Drive Membership,https://www.lehighvalleygrandprix.com
"Amusement, Skating & Bowling",Go-Kart Track,Racer Rewards,https://www.gokarttrack.com
"Amusement, Skating & Bowling",Launch Trampoline Park,Launch VIP Club,https://launchtrampolinepark.com
"Amusement, Skating & Bowling",Big Air Trampoline Park,Big Air Member Perks,https://www.bigairusa.com
"Amusement, Skating & Bowling",AirTime Trampoline & Game Park,AirTime Rewards,https://airtimetrampoline.com
"Amusement, Skating & Bowling",Fly High Trampoline Park,Fly High Club,https://www.flyhightrampolinepark.com
"Amusement, Skating & Bowling",AMF Bowling Co.,MVB / Most Valuable Bowler,https://www.amf.com
"Amusement, Skating & Bowling",Bowlmor Lanes,Bowlmor Club Rewards,https://www.bowlmor.com
"Amusement, Skating & Bowling",Lucky Strike Entertainment,Lucky Strike VIP,https://www.luckystrikeent.com
"Amusement, Skating & Bowling",Kingpins Bowling,Kingpins Member Portal,https://mykingpins.com
"Amusement, Skating & Bowling",Spare Time Entertainment,VIP Rewards Club,https://www.sparetimeentertainment.com
"Amusement, Skating & Bowling",Pinballz Arcade,Arcade Rewards Club,https://www.pinballz.com
"Amusement, Skating & Bowling",GameWorks,GameWorks eClub,https://www.gameworks.com
"Amusement, Skating & Bowling",Battlegroundz,Paintball & Laser Tag Club,https://www.battlegroundz.net
"Amusement, Skating & Bowling",Laserforce,Laserforce Global Player Portal,https://www.laserforce.com
"Amusement, Skating & Bowling",Ultrazone Laser Tag,Zone Member Rewards,https://www.ultrazone.com
"Amusement, Skating & Bowling",Zero Latency VR,Free-Roam VR Player Profile,https://zerolatencyvr.com
"Amusement, Skating & Bowling",Sandbox VR,HoloDeck Guest Account,https://sandboxvr.com
"Amusement, Skating & Bowling",WhirlyBall,WhirlyBall VIP Club,https://www.whirlyball.com
"Amusement, Skating & Bowling",Monster Mini Golf,Monster Club Rewards,https://monsterminigolf.com
"Amusement, Skating & Bowling",Pirate's Cove Adventure Golf,Captain's Club,https://www.piratescove.net
"Amusement, Skating & Bowling",Congo River Golf,Explorer Rewards,https://www.congoriver.com
"Amusement, Skating & Bowling",Treetop Quest,Aerial Adventure Rewards,https://www.treetopquest.com
"Amusement, Skating & Bowling",Go Ape Zipline and Adventure Park,Tribe Member Perks,https://www.goape.com
Sneaker Boutiques & Tier-0,Bodega,BDGA Member Account,https://bdgastore.com
Sneaker Boutiques & Tier-0,Concepts,CNCPTS Loyalty,https://cncpts.com
Sneaker Boutiques & Tier-0,Feature,All Things Good Club,https://feature.com
Sneaker Boutiques & Tier-0,Extra Butter,EB VIP Club,https://extrabutterny.com
Sneaker Boutiques & Tier-0,Packer Shoes,Packer Account,https://packershoes.com
Sneaker Boutiques & Tier-0,Lapstone & Hammer,L&H Member Access,https://www.lapstoneandhammer.com
Sneaker Boutiques & Tier-0,Social Status,The Whitaker Group Member,https://www.socialstatuspgh.com
Sneaker Boutiques & Tier-0,A Ma Maniére,Maniére Member Access,https://www.a-ma-maniere.com
Sneaker Boutiques & Tier-0,APB Store,APB Community,https://www.apbstore.com
Sneaker Boutiques & Tier-0,Sneaker Politics,Politics Club,https://sneakerpolitics.com
Sneaker Boutiques & Tier-0,Saint Alfred,St. Alfred Account,https://www.saintalfred.com
Sneaker Boutiques & Tier-0,Notre,Notre Account,https://www.notre-shop.com
Sneaker Boutiques & Tier-0,Undefeated,UNDFTD Member Portal,https://undefeated.com
Sneaker Boutiques & Tier-0,BAIT,BAIT Footwear Account,https://www.baitme.com
Sneaker Boutiques & Tier-0,Commonwealth,Commonwealth FTGG,https://commonwealth-ftgg.com
Sneaker Boutiques & Tier-0,Snipes USA,Snipes CLIQUE Rewards,https://www.snipesusa.com
Sneaker Boutiques & Tier-0,DTLR,DTLR VIP Club,https://www.dtlr.com
Sneaker Boutiques & Tier-0,Shoe Palace,Shoe Palace Account,https://www.shoepalace.com
Sneaker Boutiques & Tier-0,City Gear,City Gear Rewards,https://www.citygear.com
Sneaker Boutiques & Tier-0,StockX,Verified Marketplace Account,https://stockx.com
Sneaker Boutiques & Tier-0,GOAT,Sneaker Marketplace Portal,https://www.goat.com
Sneaker Boutiques & Tier-0,Flight Club,Consignment Account,https://www.flightclub.com
Sneaker Boutiques & Tier-0,Stadium Goods,Stadium Goods VIP,https://www.stadiumgoods.com
Sneaker Boutiques & Tier-0,Grailed,Curated Streetwear Account,https://www.grailed.com
Sneaker Boutiques & Tier-0,Fleet Feet,Fleet Feet Rewards,https://www.fleetfeet.com
Sneaker Boutiques & Tier-0,Road Runner Sports,VIP Family Rewards,https://www.roadrunnersports.com
Sneaker Boutiques & Tier-0,Running Warehouse,Customer Account Portal,https://www.runningwarehouse.com
"Hobbies, Collectibles & Tabletop",AMain Hobbies,VIP Rewards,https://www.amainhobbies.com
"Hobbies, Collectibles & Tabletop",Horizon Hobby,RC Club Rewards,https://www.horizonhobby.com
"Hobbies, Collectibles & Tabletop",Tower Hobbies,Super Saver Club,https://www.towerhobbies.com
"Hobbies, Collectibles & Tabletop",HobbyTown,HobbyTown Rewards,https://www.hobbytown.com
"Hobbies, Collectibles & Tabletop",TrainWorld,Model Train Club,https://www.trainworld.com
"Hobbies, Collectibles & Tabletop",Walthers Model Railroads,Walthers Yardmaster Club,https://www.walthers.com
"Hobbies, Collectibles & Tabletop",Scale Hobbyist,Scale Modeler Portal,https://www.scalehobbyist.com
"Hobbies, Collectibles & Tabletop",TCGplayer,TCGplayer Subscriber & Rewards,https://www.tcgplayer.com
"Hobbies, Collectibles & Tabletop",Cardmarket,Collectibles Marketplace Account,https://www.cardmarket.com
"Hobbies, Collectibles & Tabletop",Dave & Adam's Card World,D&A Collector Rewards,https://www.dacardworld.com
"Hobbies, Collectibles & Tabletop",Steel City Collectibles,SCC Rewards,https://www.steelcitycollectibles.com
"Hobbies, Collectibles & Tabletop",Blowout Cards,Trading Card Forum & Member Portal,https://www.blowoutcards.com
"Hobbies, Collectibles & Tabletop",Midtown Comics,Midtown Collector Club,https://www.midtowncomics.com
"Hobbies, Collectibles & Tabletop",Things From Another World,TFAW Pre-Order Club,https://www.tfaw.com
"Hobbies, Collectibles & Tabletop",Sideshow Collectibles,Sideshow Rewards,https://www.sideshow.com
"Hobbies, Collectibles & Tabletop",BigBadToyStore,BBTS Collector's Pile of Loot,https://www.bigbadtoystore.com
"Hobbies, Collectibles & Tabletop",Entertainment Earth,Collector Club Portal,https://www.entertainmentearth.com
"Hobbies, Collectibles & Tabletop",Games Workshop / Warhammer,My Warhammer Account,https://www.warhammer.com
"Hobbies, Collectibles & Tabletop",Miniature Market,Customer Rewards Program,https://www.miniaturemarket.com
"Hobbies, Collectibles & Tabletop",Noble Knight Games,Noble Knight Guild,https://www.nobleknight.com
"Hobbies, Collectibles & Tabletop",Plaza Artist Materials,Plaza Palette Club,https://www.plazaart.com
"Hobbies, Collectibles & Tabletop",Utrecht Art Supplies,Utrecht Preferred Card,https://www.utrechtart.com
"Hobbies, Collectibles & Tabletop",Mood Designer Fabrics,Mood Rewards,https://www.moodfabrics.com
"Hobbies, Collectibles & Tabletop",Spoonflower,Custom Fabric & Print Community,https://www.spoonflower.com
"Trades, Hardware & MRO",Fastenal,Industrial Supply Procurement Portal,https://www.fastenal.com
"Trades, Hardware & MRO",MSC Industrial Direct,MSC Customer Account,https://www.mscdirect.com
"Trades, Hardware & MRO",Global Industrial,Global Industrial Rewards,https://www.globalindustrial.com
"Trades, Hardware & MRO",Motion Industries,Industrial Supply Portal,https://www.motion.com
"Trades, Hardware & MRO",Applied Industrial Technologies,Applied Account,https://www.applied.com
"Trades, Hardware & MRO",Wurth USA,Wurth Pro Partner,https://www.wurthusa.com
"Trades, Hardware & MRO",Rockler Woodworking and Hardware,Rockler Rewards,https://www.rockler.com
"Trades, Hardware & MRO",Woodcraft,Woodcraft Club,https://www.woodcraft.com
"Trades, Hardware & MRO",Acme Tools,Acme Pro Rewards,https://www.acmetools.com
"Trades, Hardware & MRO",Tool Nut,Tool Nut Rewards,https://www.toolnut.com
"Trades, Hardware & MRO",Ohio Power Tool,OPT Contractor Rewards,https://www.ohiopowertool.com
"Trades, Hardware & MRO",CPO Outlets,CPO Power Tools Club,https://www.cpooutlets.com
"Trades, Hardware & MRO",Grizzly Industrial,Machinery Customer Portal,https://www.grizzly.com
"Trades, Hardware & MRO",Highland Woodworking,Woodworking Club,https://www.highlandwoodworking.com
"Trades, Hardware & MRO",Ferguson Enterprises,Ferguson Pro Online,https://www.ferguson.com
"Trades, Hardware & MRO",Johnstone Supply,HVAC Pro Connect,https://www.johnstonesupply.com
"Trades, Hardware & MRO",Rexel USA,Electrical Contractor Portal,https://www.rexelusa.com
"Trades, Hardware & MRO",Graybar,Electrical Supply Commercial Portal,https://www.graybar.com
"Trades, Hardware & MRO",Platt Electric Supply,Platt Pro Services,https://www.platt.com
"Trades, Hardware & MRO",SupplyHouse.com,TradeMaster Contractor Program,https://www.supplyhouse.com
"Trades, Hardware & MRO",ABC Supply Co.,Contractor Portal,https://www.abcsupply.com
"Trades, Hardware & MRO",Beacon Building Products,Beacon PRO+ Account,https://www.becn.com
"Trades, Hardware & MRO",84 Lumber,Commercial Account Portal,https://www.84lumber.com
"Trades, Hardware & MRO",Builders FirstSource,Builder Portal,https://www.bldr.com
"Trades, Hardware & MRO",Carter Lumber,Contractor Account,https://www.carterlumber.com
Specialized Job Boards,Vivian Health,Healthcare Travel Staffing,https://www.vivian.com
Specialized Job Boards,Trusted Health,Nurse Staffing Platform,https://www.trustedhealth.com
Specialized Job Boards,Aya Healthcare,Travel Nurse & Allied Health,https://www.ayahealthcare.com
Specialized Job Boards,TravelNurseSource,Nurse Staffing Network,https://www.travelnursesource.com
Specialized Job Boards,Nomad Health,Healthcare Professional Platform,https://nomadhealth.com
Specialized Job Boards,Med Travelers,Allied Healthcare Staffing,https://www.medtravelers.com
Specialized Job Boards,GasWork,Anesthesia Careers Network,https://www.gaswork.com
Specialized Job Boards,JSfirm,Aviation Industry Job Board,https://www.jsfirm.com
Specialized Job Boards,Climbto350,Pilot & Flight Operations Careers,https://www.climbto350.com
Specialized Job Boards,AvCrew,Business & Corporate Aviation Jobs,https://www.avcrew.com
Specialized Job Boards,Rigzone,Oil & Gas / Offshore Energy Jobs,https://www.rigzone.com
Specialized Job Boards,MaritimeJobs,Global Maritime Industry Network,https://www.maritimejobs.com
Specialized Job Boards,Faststream Recruitment,Maritime & Offshore Shipping,https://www.faststream.com
Specialized Job Boards,Defense Careers,Aerospace & Defense Network,https://www.defensecareers.com
Specialized Job Boards,Police1 Careers,Law Enforcement Hiring Portal,https://www.police1.com/careers/
Specialized Job Boards,FireRecruit,Firefighter Recruitment Network,https://www.firerecruit.com
Specialized Job Boards,Staff Me Up,Film & TV Production Crew Staffing,https://staffmeup.com
Specialized Job Boards,ProductionBeast,Media Production Hiring,https://productionbeast.com
Specialized Job Boards,Media Match,TV & Film Network Crew Portal,https://www.media-match.com
Specialized Job Boards,Stage 32,Film & Television Community Portal,https://www.stage32.com
Specialized Job Boards,JournalismJobs,"News, Media & Editorial Careers",https://www.journalismjobs.com
Specialized Job Boards,AcademicKeys,Higher Education Faculty Careers,https://www.academickeys.com
Specialized Job Boards,Science Careers,Scientific Research & Laboratory Jobs,https://jobs.sciencecareers.org
Specialized Job Boards,Nature Careers,Global Science & Academic Hiring,https://www.nature.com/naturecareers
"Transit, Tolls & Parking",MTA OMNY,New York City Transit Tap-to-Pay Portal,https://omny.info
"Transit, Tolls & Parking",CTA Ventra,Chicago Transit Authority Card Portal,https://www.ventrachicago.com
"Transit, Tolls & Parking",MBTA CharlieCard,Boston Metro Transit Portal,https://www.mbta.com/fares/charliecard
"Transit, Tolls & Parking",WMATA SmarTrip,Washington DC Metro Transit,https://www.wmata.com/fares/smartrip/
"Transit, Tolls & Parking",SEPTA Key,Philadelphia Transit Card Account,https://www.septakey.org
"Transit, Tolls & Parking",Clipper Card,San Francisco Bay Area Transit Card,https://www.clippercard.com
"Transit, Tolls & Parking",LA Metro TAP,Los Angeles County Transit Account,https://www.taptogo.net
"Transit, Tolls & Parking",MARTA Breeze Card,Atlanta Regional Transit Card,https://www.breezecard.com
"Transit, Tolls & Parking",DART GoPass,Dallas Area Rapid Transit Mobile App,https://www.dart.org/gopass
"Transit, Tolls & Parking",ORCA Card,Seattle Puget Sound Regional Transit,https://www.myorca.com
"Transit, Tolls & Parking",RTD MyRide,Denver Regional Transportation District,https://www.rtd-denver.com/fares-passes/myride
"Transit, Tolls & Parking",The Parking Spot,Spot Club Airport Parking Rewards,https://www.theparkingspot.com
"Transit, Tolls & Parking",WallyPark Airport Parking,WallyClub Rewards,https://www.wallypark.com
"Transit, Tolls & Parking",FastPark & Relax,Relax for Rewards,https://www.thefastpark.com
"Transit, Tolls & Parking",Park 'N Fly,Frequent Parker Program,https://www.pnf.com
"Transit, Tolls & Parking",PreFlight Airport Parking,Frequent Parker Rewards,https://www.preflightairportparking.com
"Transit, Tolls & Parking",E-ZPass New York,Northeast Electronic Tolls,https://www.e-zpassny.com
"Transit, Tolls & Parking",TxTag,Texas Department of Transportation Tolls,https://www.txtag.org
"Transit, Tolls & Parking",SunPass,Florida Prepaid Toll Program,https://www.sunpass.com
"Transit, Tolls & Parking",FasTrak,California Toll Transponder Portal,https://www.bayareafastrak.org
"Transit, Tolls & Parking",I-PASS,Illinois Tollway Electronic Account,https://www.getipass.com
"Transit, Tolls & Parking",Peach Pass,Georgia Toll Facilities Account,https://www.peachpass.com
"Transit, Tolls & Parking",K-TAG,Kansas Turnpike Authority Account,https://www.myktag.com
"Transit, Tolls & Parking",Pikepass,Oklahoma Turnpike Electronic Tolls,https://www.pikepass.com
Automotive Aftermarket & Tuning,Summit Racing Equipment,SpeedCard & Enthusiast Rewards,https://www.summitracing.com
Automotive Aftermarket & Tuning,JEGS High Performance,JEGS VIP Club,https://www.jegs.com
Automotive Aftermarket & Tuning,Speedway Motors,Speedway Rewards,https://www.speedwaymotors.com
Automotive Aftermarket & Tuning,Holley Performance,Holley Enthusiast Portal,https://www.holley.com
Automotive Aftermarket & Tuning,ECS Tuning,European Car Performance Account,https://www.ecstuning.com
Automotive Aftermarket & Tuning,FCP Euro,Lifetime Replacement Guarantee Account,https://www.fcpeuro.com
Automotive Aftermarket & Tuning,Turner Motorsport,BMW Performance Tuning Account,https://www.turnermotorsport.com
Automotive Aftermarket & Tuning,RealTruck,Truck Enthusiast Rewards,https://realtruck.com
Automotive Aftermarket & Tuning,4 Wheel Parts,4WP Trail Club,https://www.4wheelparts.com
Automotive Aftermarket & Tuning,Rough Country,Suspension & Lift Kit Club,https://www.roughcountry.com
Automotive Aftermarket & Tuning,ExtremeTerrain,Off-Road Enthusiast Rewards,https://www.extremeterrain.com
Automotive Aftermarket & Tuning,AmericanMuscle,Muscle Car Enthusiast Rewards,https://www.americanmuscle.com
Automotive Aftermarket & Tuning,CJ Pony Parts,Mustang & Truck Rewards,https://www.cjponyparts.com
Automotive Aftermarket & Tuning,RevZilla,RPM / Riders Plus Membership,https://www.revzilla.com
Automotive Aftermarket & Tuning,Cycle Gear,Riders Club Loyalty,https://www.cyclegear.com
Automotive Aftermarket & Tuning,Dennis Kirk,Powersports Rewards,https://www.denniskirk.com
Automotive Aftermarket & Tuning,J&P Cycles,Motorcycle Gold Club,https://www.jpcycles.com
Automotive Aftermarket & Tuning,Rocky Mountain ATV/MC,Racer Rewards,https://www.rockymountainatvmc.com
Automotive Aftermarket & Tuning,MotoSport,Rider Rewards Program,https://www.motosport.com
Automotive Aftermarket & Tuning,RockAuto,Automotive Replacement Parts Portal,https://www.rockauto.com
Automotive Aftermarket & Tuning,CarParts.com,Auto Repair Account Portal,https://www.carparts.com
Automotive Aftermarket & Tuning,1A Auto,Customer Parts & Video Support,https://www.1aauto.com
Specialized Sports & Outdoors,PGA Tour Superstore,Player's Club Rewards,https://www.pgatoursuperstore.com
Specialized Sports & Outdoors,Golf Galaxy,ScoreCard Golf Integration,https://www.golfgalaxy.com
Specialized Sports & Outdoors,Worldwide Golf Shops,Worldwide Rewards,https://www.worldwidegolfshops.com
Specialized Sports & Outdoors,Carl's Golfland,Carl's Club Portal,https://www.carlsgolfland.com
Specialized Sports & Outdoors,2nd Swing Golf,2nd Swing Advantage Card,https://www.2ndswing.com
Specialized Sports & Outdoors,The Golf Warehouse,TGW Player's Club,https://www.tgw.com
Specialized Sports & Outdoors,Rock Bottom Golf,Scratch Rewards,https://www.rockbottomgolf.com
Specialized Sports & Outdoors,Tennis Warehouse,Tennis Community Account,https://www.tennis-warehouse.com
Specialized Sports & Outdoors,Tennis Express,Tennis VIP Club,https://www.tennisexpress.com
Specialized Sports & Outdoors,Pickleball Central,Club Rewards Network,https://pickleballcentral.com
Specialized Sports & Outdoors,Total Pickleball,Player Member Portal,https://www.totalpickleball.com
Specialized Sports & Outdoors,Tackle Warehouse,Angler Pro Club,https://www.tacklewarehouse.com
Specialized Sports & Outdoors,MidwayUSA,NRA Round-Up & Customer Account,https://www.midwayusa.com
Specialized Sports & Outdoors,Brownells,Brownells Edge,https://www.brownells.com
Specialized Sports & Outdoors,Sportsman's Guide,Buyer's Club,https://www.sportsmansguide.com
Specialized Sports & Outdoors,Primary Arms,Primary Rewards Portal,https://www.primaryarms.com
Specialized Sports & Outdoors,OpticsPlanet,OP Rewards,https://www.opticsplanet.com
Specialized Sports & Outdoors,Skate Warehouse,Skate Rewards,https://www.skatewarehouse.com
Specialized Sports & Outdoors,Tactics Boardshop,Tactics Community Account,https://www.tactics.com
Specialized Sports & Outdoors,CCS Skateboarding,CCS Customs Club,https://shop.ccs.com
Specialized Sports & Outdoors,Warehouse Skateboards,Customer Account,https://www.warehouseskateboards.com
Specialized Sports & Outdoors,Evo Action Sports,Evo Member Club,https://www.evo.com
Foodservice & Commercial Wholesale,WebstaurantStore,WebstaurantPlus Commercial Portal,https://www.webstaurantstore.com
Foodservice & Commercial Wholesale,KaTom Restaurant Supply,Commercial Kitchen Accounts,https://www.katom.com
Foodservice & Commercial Wholesale,Central Restaurant Products,Central Pro Customer,https://www.centralrestaurant.com
Foodservice & Commercial Wholesale,Chefs' Toys,Commercial Kitchen Equipment Portal,https://chefstoys.com
Foodservice & Commercial Wholesale,RestaurantSupply.com,Professional Foodservice Account,https://www.restaurantsupply.com
Foodservice & Commercial Wholesale,Restaurant Depot,Members-Only Wholesale Cash & Carry,https://www.restaurantdepot.com
Foodservice & Commercial Wholesale,Gordon Food Service,GFS Store Rewards,https://gfsstore.com
Foodservice & Commercial Wholesale,US Foods CHEF'STORE,Wholesale Food Warehouse Account,https://www.chefstore.com
Foodservice & Commercial Wholesale,Shamrock Foodservice Warehouse,Commercial Store Portal,https://www.shamrockfsw.com
Car Sharing & Alternative Rental,Turo,Host & Driver Registration,https://turo.com/us/en/sign-up
Car Sharing & Alternative Rental,Zipcar,Driver Application & Account Creation,https://my.zipcar.com/signup
Car Sharing & Alternative Rental,Getaround,Car Sharing Sign-Up,https://auth.getaround.com/login
Car Sharing & Alternative Rental,Fox Rent A Car,Fox Rewards Enrollment,https://www.foxrentacar.com/en/member-registration.html
Car Sharing & Alternative Rental,Payless Car Rental,Payless Perks,https://www.paylesscar.com
Car Sharing & Alternative Rental,Ace Rent A Car,Ace Member Rewards,https://www.acerentacar.com
Car Sharing & Alternative Rental,Kyte,Delivered-to-Your-Door Car Rental,https://drivekyte.com
Car Sharing & Alternative Rental,Silvercar by Audi,Audi Premium Rental Portal,https://www.silvercar.com/signup
Car Sharing & Alternative Rental,U-Save Car & Truck Rental,U-Save Club,https://www.usave.com
Car Sharing & Alternative Rental,Rent-A-Wreck,Budget Vehicle Rental Club,https://www.rentawreck.com
Car Sharing & Alternative Rental,Europcar,Privilege Loyalty Registration,https://www.europcar.com/en-us/p/loyalty-program
Car Sharing & Alternative Rental,Goldcar,Club Goldcar Sign-Up,https://www.goldcar.es/en/club/
Car Sharing & Alternative Rental,Green Motion,Drive Green Loyalty,https://greenmotion.com
Car Sharing & Alternative Rental,Easirent,Easirent Club,https://www.easirent.com
Car Sharing & Alternative Rental,Centauro Rent a Car,Club Smart Centauro,https://www.centauro.net
Car Sharing & Alternative Rental,Maggiore,Maggiore Club Italy,https://www.maggiore.it
Car Sharing & Alternative Rental,Locauto Rent,MyLocauto Portal,https://www.locautorent.com
Car Sharing & Alternative Rental,Free2move,Stellantis Car Sharing & Rental,https://www.free2move.com
Car Sharing & Alternative Rental,Carl's Van Rentals,Van & Minibus Rental Portal,https://www.carlsvanrentals.com
Car Sharing & Alternative Rental,Midway Car Rental,Midway VIP Luxury LA,https://www.midwaycarrental.com
Car Sharing & Alternative Rental,Go Rentals,Elite Aviation & Luxury Car Rental,https://www.gorentals.com
Car Sharing & Alternative Rental,Blacklane,Global Chauffeur & Airport Concierge,https://www.blacklane.com/en/sign-up/
Car Sharing & Alternative Rental,Carey International,Executive Chauffeur Service,https://www.carey.com/register
Car Sharing & Alternative Rental,EmpireCLS,Worldwide Chauffeured Services,https://www.empirecls.com
Car Sharing & Alternative Rental,U-Haul,Customer & Reservation Account,https://www.uhaul.com/Orders/CreateAccount/
Boutique Hospitality & Stays,Accor Hotels,ALL - Accor Live Limitless Enrollment,https://all.accor.com/account/index.en.shtml
Boutique Hospitality & Stays,Fairmont Hotels & Resorts,ALL Luxury / President's Club,https://www.fairmont.com
Boutique Hospitality & Stays,Raffles Hotels & Resorts,Raffles Heritage Access,https://www.raffles.com
Boutique Hospitality & Stays,Sofitel Hotels & Resorts,Sofitel Accor Portal,https://sofitel.accor.com
Boutique Hospitality & Stays,Banyan Tree Hotels,Sanctuary Club,https://www.banyantree.com
Boutique Hospitality & Stays,Sonesta Hotels & Resorts,Sonesta Travel Pass Member Sign-Up,https://www.sonesta.com/join-travel-pass
Boutique Hospitality & Stays,Omni Hotels & Resorts,Select Guest Enrollment,https://www.omnihotels.com/forms
Boutique Hospitality & Stays,Loews Hotels,Loews Customer Profile,https://www.loewshotels.com
Boutique Hospitality & Stays,Drury Hotels,Drury Rewards Registration,https://www.druryhotels.com/druryrewards
Boutique Hospitality & Stays,Red Roof Inn,RediRewards Member Sign-Up,https://www.redroof.com/redirewards
Boutique Hospitality & Stays,Motel 6 / Studio 6,My6 Free Membership Sign-Up,https://www.motel6.com/pages/my6-join/
Boutique Hospitality & Stays,Extended Stay America,Extended Perks Enrollment,https://www.extendedstayamerica.com/extended-perks
Boutique Hospitality & Stays,The Leading Hotels of the World,Leaders Club Enrollment,https://www.lhw.com/enroll
Boutique Hospitality & Stays,Small Luxury Hotels of the World,INVITED Member Portal,https://slh.com/account/register
Boutique Hospitality & Stays,Relais & Châteaux,Guest Loyalty Club,https://www.relaischateaux.com
Boutique Hospitality & Stays,Kempinski Hotels,Kempinski Discovery,https://www.kempinski.com
Boutique Hospitality & Stays,The Langham Hotels,Brilliant by Langham,https://www.langhamhotels.com
Boutique Hospitality & Stays,Oberoi Hotels & Resorts,Oberoi One,https://www.oberoihotels.com
Boutique Hospitality & Stays,Taj Hotels,Tata NeuPass / Taj InnerCircle,https://www.tajhotels.com
Boutique Hospitality & Stays,Meliá Hotels International,MeliáRewards Registration,https://www.melia.com/en/meliarewards/registration
Boutique Hospitality & Stays,NH Hotel Group,NH Discovery Enrollment,https://www.nh-hotels.com/nhdiscovery
Boutique Hospitality & Stays,Barceló Hotel Group,my Barceló Member Account,https://www.barcelo.com/en-us/my-barcelo/
Boutique Hospitality & Stays,Iberostar Hotels & Resorts,Iberostar Extra,https://www.iberostar.com
Boutique Hospitality & Stays,RIU Hotels & Resorts,Riu Class Registration,https://www.riu.com/en/riuclass/
Boutique Hospitality & Stays,Sandals Resorts,Sandals Select Rewards Registration,https://www.sandals.com/sandals-select/
Boutique Hospitality & Stays,Beaches Resorts,Beaches Select Rewards,https://www.beaches.com
Boutique Hospitality & Stays,Club Med,Great Members Loyalty,https://www.clubmed.us
Boutique Hospitality & Stays,citizenM Hotels,mycitizenM Member Account,https://www.citizenm.com/join
Boutique Hospitality & Stays,The Standard Hotels,The Standard Culture Club,https://www.standardhotels.com
Boutique Hospitality & Stays,Ace Hotel,A-List Direct Portal,https://acehotel.com
Boutique Hospitality & Stays,Graduate Hotels,Graduate Community,https://www.graduatehotels.com
Boutique Hospitality & Stays,Airbnb,Guest & Host Sign-Up,https://www.airbnb.com/signup_login
Boutique Hospitality & Stays,Vrbo,Traveler Account Creation,https://www.vrbo.com/auth/create
Boutique Hospitality & Stays,Sonder,Direct Guest Registration,https://www.sonder.com/signup
Boutique Hospitality & Stays,The Plum Guide,Vetted Vacation Homes,https://www.plumguide.com
Prescription Eyewear & Optometry,Warby Parker,Vision Account & Order Portal,https://www.warbyparker.com/login
Prescription Eyewear & Optometry,LensCrafters,myAccount Registration,https://www.lenscrafters.com/UserRegistrationAddFormView
Prescription Eyewear & Optometry,Pearle Vision,Patient Profile & Care Portal,https://www.pearlevision.com/UserRegistrationAddFormView
Prescription Eyewear & Optometry,Visionworks,Vision Care Account Creation,https://www.visionworks.com/register
Prescription Eyewear & Optometry,America's Best Contacts & Eyeglasses,Eyecare Club Enrollment,https://www.americasbest.com/eyecare-club
Prescription Eyewear & Optometry,Target Optical,Vision Portal Registration,https://www.targetoptical.com/UserRegistrationAddFormView
Prescription Eyewear & Optometry,Eyemart Express,Customer Account Sign-Up,https://www.eyemartexpress.com/Account/Register
Prescription Eyewear & Optometry,Cohen's Fashion Optical,Cohen's Vision Care,https://www.cohensfashionoptical.com
Prescription Eyewear & Optometry,Sterling Optical,Sterling Vision Club,https://www.sterlingoptical.com
Prescription Eyewear & Optometry,Zenni Optical,Customer Account Creation,https://www.zennioptical.com/customer/account/create
Prescription Eyewear & Optometry,EyeBuyDirect,New Member Sign-Up,https://www.eyebuydirect.com/referral/112144
Prescription Eyewear & Optometry,GlassesUSA,Account Registration,https://www.glassesusa.com/customer/account/create/
Prescription Eyewear & Optometry,FramesDirect,Designer Frame Account Creation,https://www.framesdirect.com/customer/account/create/
Prescription Eyewear & Optometry,Clearly,Clearly Vision Care,https://www.clearly.com.au
Prescription Eyewear & Optometry,1-800 Contacts,Subscription & Rx Account Creation,https://www.1800contacts.com/account/login
Prescription Eyewear & Optometry,ContactsDirect,Contact Lens Portal Account,https://www.contactsdirect.com/UserRegistrationAddFormView
Prescription Eyewear & Optometry,Discount Contact Lenses,Lens Care Club,https://www.discountcontactlenses.com
Prescription Eyewear & Optometry,WebEyeCare,Customer Registration,https://www.webeyecare.com/customer/account/create
Prescription Eyewear & Optometry,SportRx,Custom Prescription Sports Gear Account,https://www.sportrx.com/customer/account/create/
Prescription Eyewear & Optometry,Ray-Ban,The Ones Loyalty Program Sign-Up,https://www.ray-ban.com/usa/the-ones
Prescription Eyewear & Optometry,Persol,Persol Account Creation,https://www.persol.com/usa/UserRegistrationAddFormView
Prescription Eyewear & Optometry,Maui Jim,Customer Account Registration,https://www.mauijim.com/US/en_US/register
Prescription Eyewear & Optometry,Costa Del Mar,Community Registration,https://www.costadelmar.com/en-us/UserRegistrationAddFormView
Prescription Eyewear & Optometry,Oliver Peoples,Client Profile Registration,https://www.oliverpeoples.com/usa/UserRegistrationAddFormView
Prescription Eyewear & Optometry,Moscot,Moscot Family Account,https://moscot.com/account/register
Prescription Eyewear & Optometry,Cutler and Gross,Bespoke British Eyewear,https://www.cutlerandgross.com
Prescription Eyewear & Optometry,DITA Eyewear,DITA Luxury Eyewear Account,https://dita.com
Prescription Eyewear & Optometry,Jacques Marie Mage,Micro-Production Luxury Eyewear,https://jacquesmariemage.com
Prescription Eyewear & Optometry,Mykita,Mykita Modern Eyewear Account,https://mykita.com
Prescription Eyewear & Optometry,Silhouette Eyewear,Titanium Eyewear Austria,https://www.silhouette.com
Prescription Eyewear & Optometry,Randolph Engineering,Military Aviator Eyewear,https://www.randolphusa.com
Prescription Eyewear & Optometry,Barton Perreira,Luxury Eyewear Club,https://bartonperreira.com
Prescription Eyewear & Optometry,Garrett Leight California Optical,GLCO Club,https://www.garrettleight.com
Prescription Eyewear & Optometry,KREWE,Handcrafted New Orleans Eyewear,https://www.krewe.com
Prescription Eyewear & Optometry,SALT. Optics,Independent Coastal Eyewear,https://saltoptics.com
Specialty Sports & Fitness Rigging,Backcountry,Summit Club Free Sign-Up,https://www.backcountry.com/Store/account/login.jsp
Specialty Sports & Fitness Rigging,Moosejaw,Moosejaw Rewards Program Registration,https://www.moosejaw.com/register
Specialty Sports & Fitness Rigging,Competitive Cyclist,Gearhead Account Creation,https://www.competitivecyclist.com/Store/account/login.jsp
Specialty Sports & Fitness Rigging,Steep & Cheap,Outdoor Outlet Account Creation,https://www.steepandcheap.com/Store/account/login.jsp
Specialty Sports & Fitness Rigging,Enwild,Trail Rewards Account Creation,https://www.enwild.com/customer/account/create/
Specialty Sports & Fitness Rigging,CampSaver,CampSaver Rewards Sign-Up,https://www.campsaver.com/customer/account/create/
Specialty Sports & Fitness Rigging,Sun & Ski Sports,Peak Perks Loyalty Sign-Up,https://www.sunandski.com/create-account
Specialty Sports & Fitness Rigging,Rogue Fitness,Iron Game Customer Account Creation,https://www.roguefitness.com/login
Specialty Sports & Fitness Rigging,Titan Fitness,Titan Rewards Member Registration,https://www.titan.fitness/account/register
Specialty Sports & Fitness Rigging,REP Fitness,REP Rewards Account Creation,https://repfitness.com/account/register
Specialty Sports & Fitness Rigging,Fringe Sport,Garage Gym Member Registration,https://www.fringesport.com/account/register
Specialty Sports & Fitness Rigging,Bells of Steel,Barbell Club Account Creation,https://www.bellsofsteel.us/account/register
Specialty Sports & Fitness Rigging,Eleiko,Strength Equipment Registration,https://eleiko.com/en-us/account/register
Specialty Sports & Fitness Rigging,SBD Apparel,Powerlifting Athlete Account,https://sbdapparel.com/account/register
Specialty Sports & Fitness Rigging,Gymreapers,Lifting Gear Account Creation,https://www.gymreapers.com/account/register
Specialty Sports & Fitness Rigging,Iron Bull Strength,Monster Club Rewards Registration,https://ironbullstrength.com/account/register
Specialty Sports & Fitness Rigging,Jenson USA,Cycling Account Creation,https://www.jensonusa.com/login#create-account
Specialty Sports & Fitness Rigging,Worldwide Cyclery,Customer Account Sign-Up,https://www.worldwidecyclery.com/account/register
Specialty Sports & Fitness Rigging,SwimOutlet,SwimOutlet+ Member Account Creation,https://www.swimoutlet.com/account/register
Specialty Sports & Fitness Rigging,Soccer.com,Goal Club Rewards Registration,https://www.soccer.com/account/register
Specialty Sports & Fitness Rigging,World Soccer Shop,Fan & Player Account Creation,https://www.worldsoccershop.com/account/register
Specialty Sports & Fitness Rigging,JustBats,Player Rewards Sign-Up,https://www.justbats.com/account/register/
Specialty Sports & Fitness Rigging,JustBallGloves,Glove Care & Rewards Sign-Up,https://www.justballgloves.com/account/register/
Specialty Sports & Fitness Rigging,Pure Hockey,Breakaway Rewards Program Registration,https://www.purehockey.com/register.aspx
Specialty Sports & Fitness Rigging,Hockey Monkey,Monkey Rewards Account Creation,https://www.hockeymonkey.com/customer/account/create/
Specialty Sports & Fitness Rigging,Inline Warehouse,Skate Rewards Account Creation,https://www.inlinewarehouse.com/createaccount.html
Specialty Sports & Fitness Rigging,Holabird Sports,Racquet & Run Account Registration,https://www.holabirdsports.com/account/register
Specialty Sports & Fitness Rigging,Tennis-Point,VIP Player Account Creation,https://www.tennis-point.com/customer/account/create/
Specialty Sports & Fitness Rigging,Golfballs.com,Clubhouse Member Sign-Up,https://www.golfballs.com/account/register.html
Specialty Sports & Fitness Rigging,Public Lands,ScoreCard Outdoors Registration,https://www.publiclands.com/s/scorecard-benefits
"Smart Tech, Pro Audio & PC Hardware",Abt Electronics,Customer Account & VIP Registration,https://www.abt.com/help/appliance-repair-service
"Smart Tech, Pro Audio & PC Hardware",Beach Camera,Consumer Photo & Video Account Creation,https://www.beachcamera.com/shop/account/create
"Smart Tech, Pro Audio & PC Hardware",BuyDig,DigPoints Rewards Account Creation,https://www.buydig.com/shop/account/create
"Smart Tech, Pro Audio & PC Hardware",Focus Camera,Focus Rewards Sign-Up,https://www.focuscamera.com/customer/account/create/
"Smart Tech, Pro Audio & PC Hardware",Full Compass Systems,Pro Audio Trade Registration,https://www.fullcompass.com/myaccount/register.php
"Smart Tech, Pro Audio & PC Hardware",Vintage King Audio,Pro Studio Account Creation,https://vintageking.com/customer/account/create/
"Smart Tech, Pro Audio & PC Hardware",Monoprice,Monoprice Rewards Account Registration,https://www.monoprice.com/myaccount/register
"Smart Tech, Pro Audio & PC Hardware",Anker Innovations,Anker Community & Perks Registration,https://www.anker.com/register
"Smart Tech, Pro Audio & PC Hardware",UGREEN,UGREEN Club Rewards Account Creation,https://www.ugreen.com/account/register
"Smart Tech, Pro Audio & PC Hardware",Belkin,Belkin Member Account Sign-Up,https://www.belkin.com/account/register
"Smart Tech, Pro Audio & PC Hardware",Twelve South,Apple Accessory Club Registration,https://www.twelvesouth.com/account/register
"Smart Tech, Pro Audio & PC Hardware",Satechi,Hardware Design Rewards Sign-Up,https://satechi.net/account/register
"Smart Tech, Pro Audio & PC Hardware",ZAGG / mophie,ZAGG Care & Rewards Registration,https://www.zagg.com/account/register
"Smart Tech, Pro Audio & PC Hardware",Nomad Goods,Nomad Leather & Tech Rewards Sign-Up,https://nomadgoods.com/account/register
"Smart Tech, Pro Audio & PC Hardware",DJI,DJI Account & Enterprise Pilot Registration,https://account.dji.com/register
"Smart Tech, Pro Audio & PC Hardware",Insta360,Gold Points Club Member Sign-Up,https://store.insta360.com/register
"Smart Tech, Pro Audio & PC Hardware",Dyson,My Dyson Machine Registration & Perks,https://www.dyson.com/register
"Smart Tech, Pro Audio & PC Hardware",Ring,Ring Protect Account Creation,https://account.ring.com/account/register
"Smart Tech, Pro Audio & PC Hardware",Arlo Technologies,Arlo Smart Security Account Creation,https://my.arlo.com/#/createAccount
"Smart Tech, Pro Audio & PC Hardware",eufy,Security & Smart Home Account Creation,https://us.eufy.com/account/register
"Smart Tech, Pro Audio & PC Hardware",Wyze Labs,Wyze Cam Plus Sign-Up,https://auth.wyze.com/user/register
"Smart Tech, Pro Audio & PC Hardware",SimpliSafe,Home Security Account Creation,https://auth.simplisafe.com/u/signup
"Smart Tech, Pro Audio & PC Hardware",Sennheiser Consumer Audio,Sennheiser Club Account,https://www.sennheiser-hearing.com/en-US/account/register/
"Smart Tech, Pro Audio & PC Hardware",Audio-Technica,Sound Study Club Account Creation,https://www.audio-technica.com/en-us/customer/account/create/
"Smart Tech, Pro Audio & PC Hardware",Shure Microphones,Pro Audio Account Creation,https://www.shure.com/en-US/account/register
"Smart Tech, Pro Audio & PC Hardware",Klipsch Audio,Heritage Club Registration,https://www.klipsch.com/account/register
"Smart Tech, Pro Audio & PC Hardware",Polk Audio,Hi-Fi Enthusiast Registration,https://www.polkaudio.com/en-us/account/register
"Smart Tech, Pro Audio & PC Hardware",JBL Audio,JBL Rewards Registration,https://www.jbl.com/register
"Smart Tech, Pro Audio & PC Hardware",Skullcandy,Skullcandy Sound Club Sign-Up,https://www.skullcandy.com/account/register
"Smart Tech, Pro Audio & PC Hardware",SteelSeries,SteelSeries GG Account Creation,https://steelseries.com/signup
"Smart Tech, Pro Audio & PC Hardware",NZXT,NZXT BLD Account Sign-Up,https://nzxt.com/sign-up
"Smart Tech, Pro Audio & PC Hardware",CyberPowerPC,Gamer Infinity Account Registration,https://www.cyberpowerpc.com/company/register.aspx
"Smart Tech, Pro Audio & PC Hardware",iBUYPOWER,iBUYPOWER Rewards Account Creation,https://www.ibuypower.com/account/register
"Smart Tech, Pro Audio & PC Hardware",System76,Open-Source Hardware Account Creation,https://system76.com
Travel Metasearch & Planning,Priceline VIP,VIP Tiered Rewards,https://www.priceline.com
Travel Metasearch & Planning,CheapOair,ClubMiles Rewards,https://www.cheapoair.com
Travel Metasearch & Planning,OneTravel,Rewards Program,https://www.onetravel.com
Travel Metasearch & Planning,Travelocity,Travelocity Customer Account,https://www.travelocity.com
Travel Metasearch & Planning,Trip.com,Trip Coins Rewards,https://www.trip.com
Travel Metasearch & Planning,Rome2Rio,Global Transit Planning Account,https://www.rome2rio.com
Travel Metasearch & Planning,SeatGuru,Seat Map & Flight Tool,https://www.seatguru.com
Travel Metasearch & Planning,FlightAware,Flight Tracking Enterprise Account,https://flightaware.com
Travel Metasearch & Planning,Flightradar24,Aviation Tracking Subscription,https://www.flightradar24.com
Travel Metasearch & Planning,AutoSlash,Rental Car Price Tracking,https://www.autoslash.com
Travel Metasearch & Planning,Cruiseline.com,Cruise Community & Tracker,https://cruiseline.com
Travel Metasearch & Planning,Vacations To Go,Discount Cruise Club,https://www.vacationstogo.com
Travel Metasearch & Planning,Skiplagged,Hidden-City Travel Engine,https://skiplagged.com
Travel Metasearch & Planning,Scott's Cheap Flights / Going,Flight Deal Club,https://going.com
Travel Metasearch & Planning,Secret Flying,Flight Error Fare Alerts,https://www.secretflying.com
DFW & Texas Regional Fitness,Texas Family Fitness,DFW Membership Enrollment,https://texasfamilyfitness.com/join
DFW & Texas Regional Fitness,Fitness Connection,Texas Member Join Portal,https://fitnessconnection.com/join
DFW & Texas Regional Fitness,Cowboys Fit,Dallas Cowboys Gym Membership,https://cowboysfit.com/memberships/
DFW & Texas Regional Fitness,Metroflex Gym,Arlington Original Bodybuilding Gym,https://www.metroflexgym.com
DFW & Texas Regional Fitness,Destination Dallas Texas,Plano Strength & Bodybuilding Mecca,https://www.destinationdallastexas.com
DFW & Texas Regional Fitness,Trophy Fitness Club,Dallas Downtown/Uptown Sign-Up,https://trophyfitness.com/memberships/
DFW & Texas Regional Fitness,"Summit Climbing, Yoga & Fitness",DFW Bouldering & Fitness,https://summitgyms.com
DFW & Texas Regional Fitness,"Movement Climbing, Yoga & Fitness",Dallas Design District Portal,https://movementgyms.com/dallas/
DFW & Texas Regional Fitness,Hidden Gym,Allen Strength & Conditioning Hub,https://hiddengym.net
DFW & Texas Regional Fitness,EōS Fitness,Texas Location Member Join,https://eosfitness.com/join/
DFW & Texas Regional Fitness,Class Studios,Dallas Boutique Fitness Account,https://class-studios.com
DFW & Texas Regional Fitness,Session Pilates,DFW Reformer Pilates Booking,https://sessionpilates.com
DFW & Texas Regional Fitness,Camp Gladiator,Texas Group Fitness & Boot Camp,https://campgladiator.com
St. Louis Regional Athletic Clubs,Genesis Health Clubs,Midwest Region Member Join,https://www.genesishealthclubs.com/join
St. Louis Regional Athletic Clubs,The Lab Gym,St. Louis Olympic Weightlifting & Strength,https://labgym.com
St. Louis Regional Athletic Clubs,TruFusion St. Louis,Clayton Heated Multi-Discipline Studio,https://trufusion.com/stlouis/
St. Louis Regional Athletic Clubs,Upper Limits Indoor Climbing Gym,St. Louis Climbing Centers,https://upperlimits.com
St. Louis Regional Athletic Clubs,PLNK STL,Lagree Fitness Megaformer Studio,https://plnkfitness.com
St. Louis Regional Athletic Clubs,Fit City Gym,St. Louis South City Weight Room,https://fitcitygymstl.com
St. Louis Regional Athletic Clubs,Sweat St. Louis,Personal Training & Conditioning,https://sweatstl.com
St. Louis Regional Athletic Clubs,Wellbridge Athletic Club,Town & Country / Clayton Portals,https://wellbridge.com
St. Louis Regional Athletic Clubs,Gateway Region YMCA,St. Louis Metro Branch Registration,https://gwrymca.org/join
St. Louis Regional Athletic Clubs,The Heights,Richmond Heights Community Fitness,https://www.richmondheights.net
Commercial Fitness Chains,Life Time,Country Club Athletic Resort Join Portal,https://www.lifetime.life/join.html
Commercial Fitness Chains,Blink Fitness,Value Gym Membership Sign-Up,https://www.blinkfitness.com/join-now
Commercial Fitness Chains,Retro Fitness,Retro Rewards & Club Enrollment,https://retrofitness.com/join/
Commercial Fitness Chains,Powerhouse Gym,Worldwide Fitness Center Account,https://powerhousegym.com
Commercial Fitness Chains,World Gym,Legacy Bodybuilding & Fitness Portal,https://www.worldgym.com
Commercial Fitness Chains,UFC GYM,MMA-Inspired Fitness Member Join,https://www.ufcgym.com/join/
Commercial Fitness Chains,YouFit Gyms,Everyday Health Club Sign-Up,https://youfit.com/join/
Commercial Fitness Chains,Workout Anytime,24/7 National Gym Sign-Up,https://workoutanytime.com/join/
Boutique Studios & Group Training,Title Boxing Club,Boxing Fitness Club Registration,https://titleboxingclub.com/memberships/
Boutique Studios & Group Training,Mayweather Boxing + Fitness,Championship Training Join,https://mayweather.fit/join/
Boutique Studios & Group Training,Rumble Boxing,High-Intensity Boxing Studio Account,https://www.rumbleboxinggym.com
Boutique Studios & Group Training,Pure Barre,Barre Class Portal & Member Sign-Up,https://www.purebarre.com
Boutique Studios & Group Training,Club Pilates,Reformer Pilates Class Portal,https://www.clubpilates.com
Boutique Studios & Group Training,[solidcore],High-Intensity Pilates Studio Account,https://www.solidcore.co
Boutique Studios & Group Training,Row House,Indoor Rowing Studio Enrollment,https://www.therowhouse.com
Boutique Studios & Group Training,CycleBar,Premium Indoor Cycling Booking,https://www.cyclebar.com
Boutique Studios & Group Training,YogaSix,Modern Yoga Studio Registration,https://www.yogasix.com
Boutique Studios & Group Training,Burn Boot Camp,Women & Family High-Intensity Training,https://burnbootcamp.com
Boutique Studios & Group Training,CrossFit,Affiliate Locator & Athlete Profile,https://www.crossfit.com
Boutique Studios & Group Training,The Bar Method,Ballet Barre Conditioning Portal,https://barmethod.com
Boutique Studios & Group Training,AKT Fitness,Dance-Based Cardio Studio,https://theakt.com
Boutique Studios & Group Training,STRIDE Fitness,Indoor Running & Walking Studio,https://runwithstride.com
Yoga & Mind-Body Studios,CorePower Yoga,All-Access Membership & Class Packs,https://www.corepoweryoga.com
Yoga & Mind-Body Studios,Y7 Studio,Beat-Based Heated Yoga Membership,https://www.y7-studio.com
Yoga & Mind-Body Studios,Modo Yoga,Eco-Conscious Hot Yoga Network,https://modoyoga.com
Yoga & Mind-Body Studios,SunstoneFIT,Dallas–Fort Worth Hot Yoga & Fitness Clubs,https://www.sunstonefit.com
Yoga & Mind-Body Studios,Uptown Yoga,Dallas Yoga & Mindfulness Community,https://uptownyoga.com
Yoga & Mind-Body Studios,We Yogis,Dallas Community Yoga Studio,https://weyogis.com
Yoga & Mind-Body Studios,Urban Yoga,Fort Worth Traditional & Flow Studio,https://urbanyogafw.com
Yoga & Mind-Body Studios,Yoga Pod,National Flow & Hot Yoga Community,https://www.yogapod.com
Yoga & Mind-Body Studios,YogaWorks,Online & Studio Yoga Access Pass,https://www.yogaworks.com
Yoga & Mind-Body Studios,Wanderlust Yoga,Music-Driven Yoga Community,https://wanderlust.com
Yoga & Mind-Body Studios,Shanti Yoga STL,St. Louis Traditional & Vinyasa Yoga,https://shantiyogastl.com
Yoga & Mind-Body Studios,Southtown Yoga,St. Louis Neighborhood Yoga Studio,https://southtownyoga.com
Yoga & Mind-Body Studios,Urban Breath Yoga,St. Louis Restorative & Flow Studio,https://urbanbreathyoga.com
Reformer & Classical Pilates,SLT (Strengthen Lengthen Tone),Megaformer Studio Portal,https://sltnyc.com
Reformer & Classical Pilates,BODYROK,Reformer Pilates & Sculpt Studio,https://bodyrok.com
Reformer & Classical Pilates,Tremble,High-Intensity Reformer Pilates,https://www.loveintremble.com
Reformer & Classical Pilates,Beyond Studios,Dallas Reformer Hybrid Training,https://thebeyondstudios.com
Reformer & Classical Pilates,One Lagree,Dallas Lagree Fitness Megaformer Studio,https://www.onelagree.com
Reformer & Classical Pilates,Classic Pilates,Dallas Authentic Classical Studio,https://classicpilatesdallas.com
Reformer & Classical Pilates,The Pilates Barre,Dallas–Fort Worth Barre & Reformer,https://thepilatesbarre.com
Reformer & Classical Pilates,Reformed Pilates,Contemporary Reformer Studio Group,https://reformedpilates.com
Reformer & Classical Pilates,Lagree Fitness,Official Studio Network & Licensing Hub,https://lagreefitness.com
Reformer & Classical Pilates,St. Louis Pilates Athletic Center,St. Louis Classical Reformer,https://www.stlpilates.com
Reformer & Classical Pilates,Central Studio St. Louis,"Movement, Pilates & Gyrotonic",https://centralstudiostl.com
Reformer & Classical Pilates,Pure Movement Pilates,St. Louis Classical Studio,https://www.puremovementstl.com
Dance Studios & Movement Brands,Jazzercise,Global Dance Cardio Franchise,https://www.jazzercise.com
Dance Studios & Movement Brands,Arthur Murray Dance Centers,Ballroom & Social Dance Lessons,https://arthurmurray.com
Dance Studios & Movement Brands,Fred Astaire Dance Studios,"Ballroom, Latin & Social Dance",https://www.fredastaire.com
Dance Studios & Movement Brands,DivaDance,Adult Pop Dance Choreo & Cardio Franchise,https://divadancecompany.com
Dance Studios & Movement Brands,305 Fitness,DJ-Driven High-Intensity Dance Cardio,https://305fitness.com
Dance Studios & Movement Brands,DanceBody,Professional Dancer-Led Cardio & Sculpt,https://dancebody.com
Dance Studios & Movement Brands,FORWARD__Space,Dance Cardio & Movement Sanctuary,https://forward-space.com
Dance Studios & Movement Brands,Broadway Dance Center,NYC & Global Virtual Class Pass,https://www.broadwaydancecenter.com
Dance Studios & Movement Brands,Steps on Broadway,Professional & Open Training Classes,https://www.stepsnyc.com
Dance Studios & Movement Brands,Millennium Dance Complex,Commercial Dance Class Booking,https://www.millenniumdancecomplex.com
Dance Studios & Movement Brands,COCA St. Louis,Center of Creative Arts Adult Dance Classes,https://www.cocastl.org
Dance Studios & Movement Brands,The Big Muddy Dance Company,St. Louis Professional & Open Classes,https://thebigmuddydanceco.org
Dance Studios & Movement Brands,Texas Ballet Theater School,Dallas & Fort Worth Adult Classes,https://texasballettheater.org
Dance Studios & Movement Brands,Dallas Dance Academy,Adult & Recreational Dance Training,https://dallasdanceacademy.com
"Massage, Day Spa & Bodywork",Massage Envy,Wellness Agreement & Monthly Massage Membership,https://www.massageenvy.com
"Massage, Day Spa & Bodywork",Elements Massage,Wellness Program Monthly Membership,https://elementsmassage.com
"Massage, Day Spa & Bodywork",Massage Heights,Heightened Wellness Monthly Membership,https://www.massageheights.com
"Massage, Day Spa & Bodywork",The NOW Massage,Boutique Ritual Membership,https://thenowmassage.com
"Massage, Day Spa & Bodywork",Hand & Stone Massage and Facial Spa,Lifestyle Program Portal,https://handandstone.com
"Massage, Day Spa & Bodywork",Soothe,On-Demand In-Home Massage & Bodywork Platform,https://www.soothe.com
"Massage, Day Spa & Bodywork",Zeel,In-Home Massage & Medical Bodywork Membership,https://www.zeel.com
"Massage, Day Spa & Bodywork",Spavia Day Spa,Resort-Style Day Spa Monthly Membership,https://spaviadayspa.com
"Massage, Day Spa & Bodywork",Woodhouse Spa,Woodhouse Wellness Rewards & Booking,https://www.woodhousespas.com
"Massage, Day Spa & Bodywork",Hiatus Spa + Retreat,H-Circle Spa Membership – Texas / DFW,https://hiatusspa.com
"Massage, Day Spa & Bodywork",Riviera Spa,Dallas Day Spa & Bodywork Club,https://rivieraspadallas.com
"Massage, Day Spa & Bodywork",The Spa at The Joule,Dallas Luxury Hotel Bodywork & Hydrotherapy,https://thejouledallas.com/spa
"Massage, Day Spa & Bodywork",The Indigo Massage & Wellness,St. Louis Benton Park Bodywork,https://www.indigostl.com
"Massage, Day Spa & Bodywork",Morganford Massage & Reflexology,St. Louis South City Studio,https://morganfordmassage.com
"Massage, Day Spa & Bodywork",Spafinder,Global Wellness & Independent Spa Network,https://www.spafinder.com
Herbal Apothecaries & Botanicals,Mountain Rose Herbs,Customer Account & Herbal Rewards,https://mountainroseherbs.com/account/register
Herbal Apothecaries & Botanicals,Starwest Botanicals,Retail & Practitioner Account Creation,https://www.starwest-botanicals.com/account.php?action=create_account
Herbal Apothecaries & Botanicals,Traditional Medicinals,Plant Power Rewards Registration,https://www.traditionalmedicinals.com/account/register
Herbal Apothecaries & Botanicals,Gaia Herbs,Gaia Rewards Account Sign-Up,https://www.gaiaherbs.com/account/register
Herbal Apothecaries & Botanicals,Herb Pharm,Customer Account & Herbal Community,https://www.herb-pharm.com/account/register
Herbal Apothecaries & Botanicals,Frontier Co-op,Member-Owner & Retail Account Creation,https://www.frontiercoop.com/customer/account/create/
Herbal Apothecaries & Botanicals,Banyan Botanicals,Ayurvedic Rewards Club Registration,https://www.banyanbotanicals.com/account/register
Herbal Apothecaries & Botanicals,Pacific Botanicals,Certified Organic Farm Account,https://www.pacificbotanicals.com/my-account/
Herbal Apothecaries & Botanicals,Monterey Bay Herb Co.,Bulk Botanicals Customer Account,https://www.herbco.com/register.aspx
Herbal Apothecaries & Botanicals,Sun Potion,Transformational Foods Member Portal,https://www.sunpotion.com/account/register
Herbal Apothecaries & Botanicals,Anima Mundi Herbals,Apothecary Rewards Sign-Up,https://animamundiherbals.com/account/register
Herbal Apothecaries & Botanicals,Wooden Spoon Herbs,Herbal Community Rewards Account,https://woodenspoonherbs.com/account/register
"Vitamins, Supplements & Nootropics",Thorne,Thorne Rewards & Health Profile Sign-Up,https://www.thorne.com/account/register
"Vitamins, Supplements & Nootropics",Life Extension,Premier Rewards Membership Registration,https://www.lifeextension.com/user/register
"Vitamins, Supplements & Nootropics",Pure Encapsulations,Client Account Registration,https://www.pureencapsulationspro.com/customer/account/create/
"Vitamins, Supplements & Nootropics",NOW Foods,NOW Customer Portal Account Creation,https://www.nowfoods.com/customer/account/create
"Vitamins, Supplements & Nootropics",Swanson Health Products,Swanson Rewards Sign-Up,https://www.swansonvitamins.com/customer/account/create
"Vitamins, Supplements & Nootropics",Designs for Health,Patient & Direct Consumer Account,https://www.designsforhealth.com/customer/account/create
"Vitamins, Supplements & Nootropics",Metagenics,Science-Based Nutrition Account,https://www.metagenics.com/customer/account/create
"Vitamins, Supplements & Nootropics",Standard Process,Whole Food Nutrient Account Creation,https://www.standardprocess.com/register
"Vitamins, Supplements & Nootropics",Onnit,Onnit X Rewards Member Registration,https://www.onnit.com/account/register/
"Vitamins, Supplements & Nootropics",Nootropics Depot,Customer Account Registration,https://nootropicsdepot.com/account.php?action=create_account
"Vitamins, Supplements & Nootropics",Athletic Greens / AG1,Subscriber Member Portal,https://drinkag1.com/account/register
"Vitamins, Supplements & Nootropics",Ritual,Personalized Multivitamin Account Portal,https://ritual.com/account/login
"Vitamins, Supplements & Nootropics",Care/of,Custom Daily Vitamin Pack Sign-Up,https://takecareof.com/users/sign_up
"Vitamins, Supplements & Nootropics",Moon Juice,Moon Juice Rewards Account Creation,https://moonjuice.com/account/register
"Vitamins, Supplements & Nootropics",Bulletproof,Bulletproof Inner Circle Rewards,https://www.bulletproof.com/account/register
Compounding & Diagnostic Labs,Empower Pharmacy,Compounding Patient Portal Registration,https://www.empowerpharmacy.com/patient-portal
Compounding & Diagnostic Labs,APS Pharmacy,Custom Compounded Medication Portal,https://apsmeds.com/patient-portal/
Compounding & Diagnostic Labs,CareFirst Specialty Pharmacy,Patient Account Creation,https://www.cfspharmacy.pharmacy/patient-portal
Compounding & Diagnostic Labs,Women's International Pharmacy,BHRT Compounding Portal,https://www.womensinternational.com/register/
Compounding & Diagnostic Labs,Belmar Pharmacy,Compounded Solutions Patient Portal,https://www.belmarpharmacy.com/patient-portal/
Compounding & Diagnostic Labs,Quest Diagnostics,MyQuest Patient Health Portal,https://myquest.questdiagnostics.com/web/home
Compounding & Diagnostic Labs,Labcorp,Labcorp Patient Account Portal,https://patient.labcorp.com/registration
Compounding & Diagnostic Labs,Ulta Lab Tests,Direct-Access Consumer Lab Testing,https://www.ultalabtests.com/account/register
Compounding & Diagnostic Labs,Request A Test,Direct-Pay Medical Lab Account,https://requestatest.com/register
Compounding & Diagnostic Labs,Walk-In Lab,Confidential Blood Testing Account,https://www.walkinlab.com/customer/account/create/
Compounding & Diagnostic Labs,Any Lab Test Now,Test Booking & Customer Portal,https://www.anylabtestnow.com/my-account/
Compounding & Diagnostic Labs,Function Health,Whole-Body 100+ Biomarker Membership,https://www.functionhealth.com/signup
Specialty Telehealth & Longevity,Hims,Men's Telehealth & Specialty Care Account,https://www.hims.com/login
Specialty Telehealth & Longevity,Hers,Women's Health & Virtual Care Account,https://www.forhers.com/login
Specialty Telehealth & Longevity,Ro,Direct Telehealth Care & Medication Delivery,https://ro.co/login/
Specialty Telehealth & Longevity,Teladoc Health,24/7 Virtual Care Member Registration,https://member.teladoc.com/registrations/new
Specialty Telehealth & Longevity,Amwell,Virtual Doctor Visit Patient Registration,https://amwell.com/cm/
Specialty Telehealth & Longevity,Sesame Care,Direct-Pay Transparent Doctor Marketplace,https://sesamecare.com/signup
Specialty Telehealth & Longevity,NextMed,Weight Optimization & Metabolic Patient Account,https://joinnextmed.com/register
Specialty Telehealth & Longevity,Calibrate,Metabolic Reset & Glucagon-Regulated Clinic,https://www.joincalibrate.com/signup
Specialty Telehealth & Longevity,Found,Doctor-Led Weight Care Platform,https://joinfound.com/quiz
Specialty Telehealth & Longevity,Paloma Health,Specialized Thyroid & Endocrine Telehealth,https://www.palomahealth.com/patient-portal
Specialty Telehealth & Longevity,Allara Health,Specialty Women's Hormonal & PCOS Care,https://www.allarahealth.com/get-started
Specialty Telehealth & Longevity,Parsley Health,Functional Medicine Doctor Membership,https://www.parsleyhealth.com/join/
Specialty Telehealth & Longevity,Forward Health,Preventative Advanced Primary Care,https://goforward.com/signup
Specialty Telehealth & Longevity,One Medical,Amazon Hybrid Primary Care Membership,https://www.onemedical.com/signup/
Specialty Telehealth & Longevity,Next Health,"Optimization, IV Therapy & Longevity Portal",https://www.next-health.com/join
Bank Credit Card Pre-Approval,Chase,Credit Card Pre-Approval Check,https://www.chase.com/preapproved
Bank Credit Card Pre-Approval,Citi,Personalized Card Pre-Selection & Pre-Screen,https://online.citi.com/US/ag/cards/pre-screen
Bank Credit Card Pre-Approval,U.S. Bank,Credit Card Pre-Qualification Portal,https://www.usbank.com/credit-cards/prequalify.html
Bank Credit Card Pre-Approval,Bank of America,Customized Pre-Qualified Credit Card Offers,https://www.bankofamerica.com/credit-cards/pre-qualified-offers/
Bank Credit Card Pre-Approval,Barclays US,Personalized Card Offer Match,https://cards.barclaycardus.com/banking/pre-qualification/
Bank Credit Card Pre-Approval,TD Bank,Credit Card Pre-Qualification Portal,https://www.td.com/us/en/personal-banking/credit-cards/pre-qualify
Bank Credit Card Pre-Approval,PNC Bank,PNC Credit Card Match Portal,https://www.pnc.com/en/personal-banking/borrowing/credit-cards.html
Bank Credit Card Pre-Approval,Truist,Credit Card Solutions & Offers,https://www.truist.com/credit-cards
Bank Credit Card Pre-Approval,Fifth Third Bank,Credit Card Finder & Pre-Screen,https://www.53.com/content/fifth-third/en/personal-banking/borrowing-basics/credit-cards.html
Bank Credit Card Pre-Approval,Citizens Bank,Personalized Credit Card Check,https://www.citizensbank.com/credit-cards/overview.aspx
Synchrony Retail Card Pre-Qual,CareCredit,"Medical, Dental & Veterinary Financing Pre-Approval",https://www.carecredit.com/prequal/
Synchrony Retail Card Pre-Qual,Synchrony Bank Marketplace,General Credit Card Pre-Qualification,https://www.synchrony.com/prequalify
Synchrony Retail Card Pre-Qual,Verizon Visa Card,Pre-Qualification Portal,https://www.verizon.com/solutions-and-services/verizon-visa-card/
Synchrony Retail Card Pre-Qual,Walgreens Credit Card,Synchrony Pre-Qualification Check,https://www.walgreens.com/topic/creditcard/prequalify.jsp
Synchrony Retail Card Pre-Qual,Sweetwater Sound Card,Musician Financing Pre-Approval,https://www.sweetwater.com/financing/
Synchrony Retail Card Pre-Qual,Guitar Center Gear Card,Music Gear Financing Pre-Qual,https://www.guitarcenter.com/Gear-Card.gc
Synchrony Retail Card Pre-Qual,Discount Tire Credit Card,Tire & Wheel Financing Pre-Qual,https://www.discounttire.com/promotions/credit-card
Synchrony Retail Card Pre-Qual,Floor & Decor Credit Card,Flooring Installation Pre-Qual,https://www.flooranddecor.com/financing
Synchrony Retail Card Pre-Qual,Ashley Advantage Financing,Furniture Financing Pre-Qual,https://www.ashleyfurniture.com/financing/
Synchrony Retail Card Pre-Qual,Rooms To Go Finance,Home Furniture Financing Pre-Qual,https://www.roomstogo.com/financing
Synchrony Retail Card Pre-Qual,TireBuyer Credit Card,Tire Installation Financing Pre-Qual,https://www.tirebuyer.com/financing
Synchrony Retail Card Pre-Qual,Midas DriveSaver Card,Auto Service Financing Pre-Qual,https://www.midas.com/credit-card
Bread Financial Retail Pre-Qual,Bread Cashback American Express,Bread Financial Pre-Qual Portal,https://www.breadfinancial.com/en/prequalify.html
Bread Financial Retail Pre-Qual,Ulta Beauty Rewards Mastercard,Comenity Pre-Qual,https://d.comenity.net/ac/ultabeauty/public/prequalify
Bread Financial Retail Pre-Qual,Petco Pay Credit Card,Comenity Pre-Qual Portal,https://d.comenity.net/ac/petco/public/prequalify
Bread Financial Retail Pre-Qual,GameStop Pro Credit Card,Comenity Pre-Qual Portal,https://d.comenity.net/ac/gamestop/public/prequalify
Bread Financial Retail Pre-Qual,Big Lots Credit Card,Comenity Pre-Qual Portal,https://d.comenity.net/ac/biglots/public/prequalify
Bread Financial Retail Pre-Qual,B&H Payboo Card,Tax-Savings Financing Pre-Qual,https://d.comenity.net/ac/payboo/public/prequalify
Bread Financial Retail Pre-Qual,Torrid Credit Card,Plus Fashion Pre-Qual Portal,https://d.comenity.net/ac/torrid/public/prequalify
Bread Financial Retail Pre-Qual,Eddie Bauer Credit Card,Outdoor Adventure Pre-Qual,https://d.comenity.net/ac/eddiebauer/public/prequalify
Bread Financial Retail Pre-Qual,Buckle B-Rewards Card,Denim & Apparel Pre-Qual,https://d.comenity.net/ac/buckle/public/prequalify
Bread Financial Retail Pre-Qual,Express Next Credit Card,Apparel Pre-Qual Portal,https://d.comenity.net/ac/express/public/prequalify
Bread Financial Retail Pre-Qual,Forever 21 Credit Card,Fashion Card Pre-Qual Portal,https://d.comenity.net/ac/forever21/public/prequalify
Bread Financial Retail Pre-Qual,The Children's Place Card,My Place Rewards Card Pre-Qual,https://d.comenity.net/ac/myplace/public/prequalify
Bread Financial Retail Pre-Qual,Bed Bath & Beyond Mastercard,Overstock/BBBY Pre-Qual,https://d.comenity.net/ac/bedbathandbeyond/public/prequalify
Credit-Builder & Soft-Pull Cards,Petal Visa Card,Petal 1 & Petal 2 Cash-Flow Pre-Approval,https://www.petalcard.com/pre-qualify
Credit-Builder & Soft-Pull Cards,Prosper Card,Prosper Credit Card Pre-Approval Check,https://www.prosper.com/credit-card
Credit-Builder & Soft-Pull Cards,Avant Credit Card,Unsecured Near-Prime Pre-Qual,https://www.avant.com/credit-card
Credit-Builder & Soft-Pull Cards,Merrick Bank Double Your Line,Pre-Qualification Portal,https://www.merrickbank.com/prequalify
Credit-Builder & Soft-Pull Cards,Ally Everyday Cash Back Mastercard,Pre-Approval Portal,https://www.ally.com/credit-cards/
Credit-Builder & Soft-Pull Cards,Reflex Mastercard,Continental Finance Pre-Qualification,https://www.reflexcardinfo.com/pre-qualification
Credit-Builder & Soft-Pull Cards,Fit Mastercard,Continental Finance Pre-Qualification,https://www.fitcardinfo.com/pre-qualification
Credit-Builder & Soft-Pull Cards,Milestone Mastercard,Genesis FS Pre-Qualification Portal,https://www.milestonegoldmastercard.com/pre-qualify
Credit-Builder & Soft-Pull Cards,Indigo Mastercard,Genesis FS Pre-Qualification Portal,https://www.indigocard.com/pre-qualify
Credit-Builder & Soft-Pull Cards,Destiny Mastercard,First Electronic Bank Pre-Qual Portal,https://www.destinycard.com/pre-qualify
Credit-Builder & Soft-Pull Cards,Total Visa Card,Unsecured Program Pre-Screen Portal,https://www.totalcardvisa.com
Credit-Builder & Soft-Pull Cards,First Digital Mastercard,Credit Building Account Portal,https://www.firstdigitalcard.com
Credit-Builder & Soft-Pull Cards,Self Visa Credit Card,Credit-Builder Secured Card Account,https://www.self.inc/credit-card
Credit-Builder & Soft-Pull Cards,Cred.ai Unicorn Card,No-Fee AI Credit Builder Portal,https://cred.ai
Credit-Builder & Soft-Pull Cards,Tomo Credit Card,No-Credit-Check Cash-Flow Underwriting,https://tomocredit.com
Credit-Builder & Soft-Pull Cards,Fortiva Retail Credit,Second-Look Consumer Financing Pre-Qual,https://www.myfortiva.com/pre-qualify/
Credit-Builder & Soft-Pull Cards,Genesis Credit,Second-Look Merchant Financing Pre-Qual,https://www.genesis-fs.com
Virtual Urgent & Primary Care,PlushCare,Virtual Primary & Urgent Care Registration,https://plushcare.com/register/
Virtual Urgent & Primary Care,MDLIVE,Patient Account Creation,https://members.mdlive.com/users/sign_up
Virtual Urgent & Primary Care,Doctor On Demand,Patient Registration Portal,https://patient.doctorondemand.com/signup
Virtual Urgent & Primary Care,LiveHealth Online,Patient Account Creation,https://livehealthonline.com/patient-registration/
Virtual Urgent & Primary Care,GoodRx Care,Virtual Consultation Account Portal,https://www.goodrx.com/care/services
Virtual Urgent & Primary Care,K Health,AI Triage & Primary Care Sign-Up,https://app.khealth.com/
Virtual Urgent & Primary Care,Lemonaid Health,Online Doctor Consultation Sign-Up,https://www.lemonaidhealth.com/account/register
Virtual Urgent & Primary Care,Callondoc,Direct-Access Virtual Consultation Portal,https://www.callondoc.com/en/patient-portal/login
Virtual Urgent & Primary Care,QuickMD,Urgent & Addiction Care Patient Portal,https://quick.md/patient-portal/
Virtual Urgent & Primary Care,Virtuwell,Online Clinic Registration,https://www.virtuwell.com/register
Virtual Urgent & Primary Care,CirrusMD,Chat-First Virtual Physician Portal,https://cirrusmd.com/get-started
Virtual Urgent & Primary Care,SteadyMD,Personal Physician Care Matching,https://www.steadymd.com/get-started/
Virtual Urgent & Primary Care,Wisp,Reproductive & Sexual Telehealth Account,https://hellowisp.com/register
Virtual Urgent & Primary Care,Circle Medical,Full-Service Telehealth & Primary Care,https://www.circlemedical.com/book-appointment
Virtual Urgent & Primary Care,MeMD,Walmart Health Virtual Care Portal,https://www.memd.me/member-registration/
Teletherapy & Behavioral Health,BetterHelp,Individual Online Therapy Intake Portal,https://www.betterhelp.com/get-started/
Teletherapy & Behavioral Health,Talkspace,Virtual Therapy & Psychiatry Onboarding,https://www.talkspace.com/get-started
Teletherapy & Behavioral Health,Cerebral,Online Mental Health Assessment & Intake,https://cerebral.com/get-started
Teletherapy & Behavioral Health,SonderMind,Therapist Match & Client Portal,https://www.sondermind.com/get-started
Teletherapy & Behavioral Health,Headway,In-Network Therapy Matching Portal,https://headway.co/
Teletherapy & Behavioral Health,Rula,In-Network Therapy & Psychiatry Matching,"https://www.rula.com/"""
Teletherapy & Behavioral Health,Brightside Health,Clinical Depression & Anxiety Care,https://www.brightside.com/start/
Teletherapy & Behavioral Health,Mindbloom,At-Home Ketamine Therapy Intake,https://www.mindbloom.com/intake
Teletherapy & Behavioral Health,Nue Life,At-Home Ketamine Therapy Platform,https://www.nue.life/get-started
Teletherapy & Behavioral Health,Done.,ADHD Diagnosis & Medication Management,https://www.donefirst.com/assessment
Teletherapy & Behavioral Health,Monument,Online Alcohol Treatment & Recovery Platform,https://joinmonument.com/signup/
Teletherapy & Behavioral Health,Octave,Evidence-Based Teletherapy Client Portal,https://findoctave.com/get-started/
Teletherapy & Behavioral Health,Two Chairs,Matching-Focused Virtual Psychotherapy,https://www.twochairs.com/get-started
Teletherapy & Behavioral Health,Grow Therapy,In-Network Mental Health Provider Portal,https://growtherapy.com/book-appointment
Digital Dermatology & Chronic Care,Curology,Custom Prescription Dermatology Onboarding,https://curology.com/start/
Digital Dermatology & Chronic Care,Apostrophe,Custom Acne & Dermatological Care Intake,https://www.apostrophe.com/get-started/
Digital Dermatology & Chronic Care,Agency Skincare,Anti-Aging Prescription Dermatology,https://withagency.com/start/
Digital Dermatology & Chronic Care,Musely,Prescription Skincare & Hair Loss Portal,https://www.musely.com/login
Digital Dermatology & Chronic Care,DermatologistOnCall,Online Board-Certified Dermatology Registration,https://www.dermatologistoncall.com/patient/registration/
Digital Dermatology & Chronic Care,Cove,Doctor-Led Migraine Management Sign-Up,https://www.withcove.com/
Digital Dermatology & Chronic Care,Picnic,Personalized Allergy Treatment Intake,https://www.picnicallergy.com/
Digital Dermatology & Chronic Care,Virta Health,Clinically Supervised Diabetes Reversal,https://www.virtahealth.com/join
Digital Dermatology & Chronic Care,Omada Health,Digital Chronic Condition Prevention Portal,https://www.omadahealth.com/
Digital Dermatology & Chronic Care,AllerVie Health,Allergy & Asthma Virtual Specialist Portal,https://allervie.com/request-an-appointment/
Digital Physical Therapy & Family Care,Hinge Health,Digital Musculoskeletal & PT Enrollment,https://www.hingehealth.com/enroll/
Digital Physical Therapy & Family Care,Sword Health,Digital Physical Therapy Clinic Sign-Up,https://swordhealth.com/
Digital Physical Therapy & Family Care,Kaia Health,Digital Back & Joint Pain Management,https://kaiahealth.com/
Digital Physical Therapy & Family Care,Blueberry Pediatrics,24/7 At-Home Pediatric Care Enrollment,https://blueberrypediatrics.com/join
Digital Physical Therapy & Family Care,Brave Care,Pediatric Virtual & Urgent Care Portal,https://bravecare.com/
Digital Physical Therapy & Family Care,Maven Clinic,"Virtual Maternity, Fertility & Family Portal",https://www.mavenclinic.com/
Digital Physical Therapy & Family Care,Carrot Fertility,Global Fertility & Family Building Sign-In,https://www.get-carrot.com/
Digital Physical Therapy & Family Care,FOLX Health,LGBTQ+ Virtual Care & Hormone Therapy,https://www.folxhealth.com/
Digital Physical Therapy & Family Care,Plume Clinic,Gender-Affirming Hormone Therapy Onboarding,https://getplume.co/get-started/
Digital Physical Therapy & Family Care,Everlywell Care,At-Home Diagnostic Follow-Up Consultations,https://www.everlywell.com/account/register/
Digital Physical Therapy & Family Care,LetsGetChecked,Virtual Clinical Lab Consultations,https://www.letsgetchecked.com/account/register/
Auto Loan Pre-Qualification,CarMax,Online Finance Pre-Qualification,https://www.carmax.com/financing/pre-qualification
Auto Loan Pre-Qualification,Chase Auto,Auto Loan Pre-Qualification Portal,https://www.chase.com/personal/auto-loans/prequalify
Auto Loan Pre-Qualification,Westlake Financial,Customer Pre-Qualification Form,https://www.westlakefinancial.com/pre-qualification/
Auto Loan Pre-Qualification,AutoPay,Car Loan & Refinance Pre-Qual,https://www.autopay.com/prequalify
Auto Loan Pre-Qualification,myAutoloan,Multi-Offer Auto Finance Match,https://www.myautoloan.com/auto-loan-rates.html
Auto Loan Pre-Qualification,RefiJet,Direct Auto Refinancing Application,https://www.refijet.com/apply-now/
Auto Loan Pre-Qualification,CarGurus Financing,Dealership Pre-Qualification Hub,https://www.cargurus.com/Cars/finance/
Auto Loan Pre-Qualification,RoadLoans,Santander Consumer USA Direct Lending,https://roadloans.com/apply
Auto Loan Pre-Qualification,RateGenius,Auto Loan Refinance Pre-Screen,https://www.rategenius.com/apply/
Auto Loan Pre-Qualification,Tresl,Auto Loan Refinance Platform,https://www.mytresl.com/get-started
Auto Loan Pre-Qualification,Driveway,Lithia Motors Online Auto Financing,https://www.driveway.com/financing
Auto Loan Pre-Qualification,U.S. Bank Auto Loans,Vehicle Loan Pre-Approval,https://www.usbank.com/vehicle-loans/auto-loans.html
Auto Loan Pre-Qualification,LendingTree Auto,Multi-Lender Soft-Pull Marketplace,https://www.lendingtree.com/auto/
Auto Loan Pre-Qualification,LightStream,Unsecured Fixed-Rate Auto Loans,https://www.lightstream.com/auto-loans
Auto Loan Pre-Qualification,Consumers Credit Union Auto,Vehicle Loan Application,https://www.myconsumers.org/loans/vehicle-loans
Mortgage & HELOC Pre-Approval,Better Mortgage,Instant Soft-Pull Pre-Approval Letter,https://better.com/pre-approval
Mortgage & HELOC Pre-Approval,Guaranteed Rate,Digital FastTrack Pre-Approval,https://www.rate.com/pre-approval
Mortgage & HELOC Pre-Approval,loanDepot,Mello Digital Mortgage Pre-Qualification,https://www.loandepot.com/prequalify
Mortgage & HELOC Pre-Approval,Pennymac,Direct Home Loan Pre-Approval,https://www.pennymac.com/get-pre-approved
Mortgage & HELOC Pre-Approval,Veterans United Home Loans,VA Loan Pre-Approval Portal,https://www.veteransunited.com/get-started/
Mortgage & HELOC Pre-Approval,Fairway Independent Mortgage,Digital Pre-Approval Hub,https://www.fairwayindependentmc.com/pre-approval
Mortgage & HELOC Pre-Approval,Movement Mortgage,EasyApp Digital Pre-Approval,https://movement.com/apply
Mortgage & HELOC Pre-Approval,Guild Mortgage,MyMortgage Digital Application,https://www.guildmortgage.com/get-started/
Mortgage & HELOC Pre-Approval,New American Funding,Mortgage Pre-Approval Fast Track,https://www.newamericanfunding.com/pre-approval/
Mortgage & HELOC Pre-Approval,CrossCountry Mortgage,Digital Loan Application Portal,https://crosscountrymortgage.com/apply/
Mortgage & HELOC Pre-Approval,Ally Home Loans,Digital Pre-Approval Powered by Better,https://www.ally.com/home-loans/mortgage-preapproval/
Mortgage & HELOC Pre-Approval,SoFi Mortgages,Rate Quote & Pre-Qualification,https://www.sofi.com/home-loans/pre-qualify/
Mortgage & HELOC Pre-Approval,Lower.com,Digital Mortgage & Home Refinance Pre-Approval,https://www.lower.com/apply
Mortgage & HELOC Pre-Approval,Tomo Mortgage,No-Fee Fast Digital Pre-Approval,https://tomo.com/mortgage/pre-approval/
Mortgage & HELOC Pre-Approval,Figure,Digital HELOC Pre-Approval in 5 Minutes,https://www.figure.com/home-equity-line-of-credit/
Mortgage & HELOC Pre-Approval,Spring EQ,Home Equity Loan & HELOC Pre-Qual,https://www.springeq.com/get-started/
Mortgage & HELOC Pre-Approval,Chase Mortgage,Digital Home Lending Pre-Approval,https://www.chase.com/personal/mortgage/pre-approval
Mortgage & HELOC Pre-Approval,U.S. Bank Home Mortgage,Loan Pre-Approval Service,https://www.usbank.com/home-loans/mortgage/mortgage-pre-approval.html
Mortgage & HELOC Pre-Approval,Truist Mortgage,Home Loan Pre-Qualification Portal,https://www.truist.com/mortgage/get-pre-approved
Mortgage & HELOC Pre-Approval,LendingTree Mortgages,Competitive Lender Rate Marketplace,https://www.lendingtree.com/home/mortgage/
"Dating, Matchmaking & Singles",OkCupid,Online Dating Account Registration,https://www.okcupid.com/signup
"Dating, Matchmaking & Singles",Plenty of Fish (POF),Free Dating Profile Creation,https://www.pof.com
"Dating, Matchmaking & Singles",Coffee Meets Bagel,Curated Matchmaking Profile,https://coffeemeetsbagel.com
"Dating, Matchmaking & Singles",The League,Vetted Professional Dating Application,https://www.theleague.com
"Dating, Matchmaking & Singles",Raya,Private Creative Community Application,https://www.rayatheapp.com
"Dating, Matchmaking & Singles",Feeld,Alternative & Open Dating Registration,https://feeld.co
"Dating, Matchmaking & Singles",HER,LGBTQ+ Women & Queer Dating,https://weareher.com
"Dating, Matchmaking & Singles",Grindr,Location-Based Gay & Queer Dating,https://www.grindr.com
"Dating, Matchmaking & Singles",Scruff,Gay Dating & Travel Network,https://www.scruff.com
"Dating, Matchmaking & Singles",Jack'd,Men for Men Global Social Network,https://www.jackd.com
"Dating, Matchmaking & Singles",Archer,Modern Gay Dating & Social Space,https://archerapp.com
"Dating, Matchmaking & Singles",BLK,Black Singles Dating Community,https://www.blk-app.com
"Dating, Matchmaking & Singles",Chispa,Latino & Latina Dating Community,https://www.chispa-app.com
"Dating, Matchmaking & Singles",Upward,Christian Singles Dating App,https://upward-app.com
"Dating, Matchmaking & Singles",Christian Mingle,Faith-Based Matchmaking Registration,https://www.christianmingle.com
"Dating, Matchmaking & Singles",Jdate,Jewish Dating & Matchmaking,https://www.jdate.com
"Dating, Matchmaking & Singles",Salams,Muslim Dating & Matrimony Platform,https://www.salams.app
"Dating, Matchmaking & Singles",Muzz,Muslim Marriage & Community App,https://muzz.com
"Dating, Matchmaking & Singles",EliteSingles,Educated Singles Matching Registration,https://www.elitesingles.com
"Dating, Matchmaking & Singles",SilverSingles,50+ Mature Dating Registration,https://www.silversingles.com
"Dating, Matchmaking & Singles",OurTime,Mature Dating Community Registration,https://www.ourtime.com/login
"Dating, Matchmaking & Singles",Zoosk,Behavioral Matchmaking Sign-Up,https://www.zoosk.com/signup
"Dating, Matchmaking & Singles",Badoo,Global Singles Discovery Registration,https://badoo.com/signup
"Dating, Matchmaking & Singles",Happn,Proximity-Based Dating Account,https://www.happn.com
"Dating, Matchmaking & Singles",Tawkify,Personal Matchmaker Assessment,https://tawkify.com
"Dating, Matchmaking & Singles",Three Day Rule,Curated Matchmaking Client Intake,https://www.threedayrule.com
"Dating, Matchmaking & Singles",Kippo,Gamer & Geek Culture Dating,https://www.kippo.com
"Dating, Matchmaking & Singles",Stir,Single Parents Dating App,https://www.stir.com
"Dating, Matchmaking & Singles",Pure,Anonymous Casual Dating Chat,https://pure.app
"Dating, Matchmaking & Singles",Thursday,Singles Events & Thursday Dating,https://www.getthursday.com
"Dating, Matchmaking & Singles",The Inner Circle,Curated Singles Events & Dating,https://www.theinnercircle.com
"Dating, Matchmaking & Singles",Seeking,Upscale Lifestyle Dating Registration,https://www.seeking.com
"Dating, Matchmaking & Singles",Luxy,Affluent & High-Net-Worth Dating,https://web.onluxy.com
"Dating, Matchmaking & Singles",BlackPeopleMeet,African American Dating Registration,https://www.blackpeoplemeet.com
"Dating, Matchmaking & Singles",SeniorMatch,50+ Senior Dating & Companion Club,https://www.seniormatch.com
"Dating, Matchmaking & Singles",PositiveSingles,Health-Conscious Dating Community,https://www.positivesingles.com
"Dating, Matchmaking & Singles",DateMyAge,Mature International Dating Portal,https://www.datemyage.com
"Dating, Matchmaking & Singles",JSwipe,Jewish Millennial Dating App,https://jswipeapp.com
Social Networks & Creator Communities,Mastodon,Decentralized Social Network Hub,https://joinmastodon.org
Social Networks & Creator Communities,Bluesky,Decentralized AT Protocol Social App,https://bsky.app
Social Networks & Creator Communities,Lemon8,Lifestyle Content & Curation Community,https://www.lemon8-app.com
Social Networks & Creator Communities,BeReal,Spontaneous Daily Photo Sharing,https://bereal.com
Social Networks & Creator Communities,Substack,Newsletter & Independent Writer Network,https://substack.com/signup
Social Networks & Creator Communities,Medium,Publishing Platform & Community,https://medium.com/m/signin
Social Networks & Creator Communities,Patreon,Creator Membership & Fan Subscription,https://www.patreon.com/signup
Social Networks & Creator Communities,Ko-fi,Direct Creator Support & Community,https://ko-fi.com
Social Networks & Creator Communities,Buy Me a Coffee,Creator Tip & Membership Portal,https://www.buymeacoffee.com/signup
Social Networks & Creator Communities,Tumblr,Microblogging & Social Community,https://www.tumblr.com/register
Social Networks & Creator Communities,Wattpad,Social Storytelling & Reading Community,https://www.wattpad.com/signup
Social Networks & Creator Communities,Letterboxd,Social Film Discovery & Diary,https://letterboxd.com
Social Networks & Creator Communities,Trakt.tv,Social TV & Movie Tracking Community,https://trakt.tv/auth/join
Social Networks & Creator Communities,Goodreads,Social Book Tracking & Reviews,https://www.goodreads.com/user/sign_up
Social Networks & Creator Communities,Untappd,Social Beer Tracking & Check-In App,https://untappd.com/create
Social Networks & Creator Communities,AllTrails,Outdoor Trail Navigation & Community,https://www.alltrails.com/signup
Social Networks & Creator Communities,Last.fm,Music Scrobbling & Social Community,https://www.last.fm/join
Social Networks & Creator Communities,SoundCloud,Independent Music Sharing Community,https://soundcloud.com/signin
Social Networks & Creator Communities,Bandcamp,Direct Artist Community & Digital Audio,https://bandcamp.com/signup
Social Networks & Creator Communities,Mixcloud,DJ Sets & Audio Creator Community,https://www.mixcloud.com
Social Networks & Creator Communities,ArtStation,Digital Artists & Portfolio Community,https://www.artstation.com/users/new
Social Networks & Creator Communities,DeviantArt,Art Community & Creator Gallery,https://www.deviantart.com/join
Social Networks & Creator Communities,VSCO,Photographer Studio & Creator Network,https://vsco.co
Social Networks & Creator Communities,500px,Global Photography Community,https://500px.com/signup
Social Networks & Creator Communities,Flickr,Photo Sharing & Social Archive,https://identity.flickr.com/sign-up
Social Networks & Creator Communities,Quora,Q&A Knowledge-Sharing Community,https://www.quora.com
Social Networks & Creator Communities,Fishbowl,Professional Community Discussions,https://www.fishbowlapp.com
Social Networks & Creator Communities,Blind,Verified Anonymous Professional Network,https://www.teamblind.com
Social Networks & Creator Communities,Clubhouse,Drop-In Audio Conversations,https://www.clubhouse.com
Social Networks & Creator Communities,Spill,Visual Conversation Social Network,https://spill.com
Social Networks & Creator Communities,Hive Social,Gen-Z Social Networking App,https://hivesocial.app
Social Networks & Creator Communities,Alignable,Small Business Referral & Networking,https://www.alignable.com
Social Networks & Creator Communities,Vero,Subscription-Free Social Discovery,https://vero.co
Social Networks & Creator Communities,Primal,Open-Source Nostr Social Client,https://primal.net
Social Networks & Creator Communities,Amino Apps,Niche Fandom & Special Interest Network,https://aminoapps.com
Social Networks & Creator Communities,Polywork,Multi-Hyphenate Professional Network,https://www.polywork.com
Social Networks & Creator Communities,Diaspora,Decentralized Open-Source Social Pod,https://diasporafoundation.org
