#,Category,Brand Name,Program Name,Direct Sign-Up URL,Free to Join (Yes/No),Notes,Sign_Up_Type,Required_Fields,Auto_Signup_Feasible,Reward_on_Signup,Barriers  
1,Grocery,Kroger,Kroger Plus Card,https://www.kroger.com/account/create,Yes,Fuel points,Full Registration,"email, name, phone",Yes,Bonus points on signup,None noted  
2,Grocery,H-E-B,H-E-B Account,https://www.heb.com/register,Yes,Digital coupons,Full Registration,"email, name, phone",Yes,None noted,None noted  
3,Grocery,Tom Thumb,for U™,https://www.tomthumb.com/account/sign-up.html,Yes,Points-based,Full Registration,"email, name, phone",Yes,Bonus points on signup,None noted  
4,Grocery,Brookshire's,Thank You Card,https://www.brookshires.com/register,Yes,Earn YourPoints,Full Registration,"email, name, phone",Yes,Bonus points on signup,None noted  
5,Grocery,Market Street,Rewards,https://www.marketstreetunited.com/rs/MyAccount/Register,Yes,Points system,Full Registration,"email, name, phone",Yes,Bonus points on signup,None noted  
6,Grocery,Randalls,for U™,https://www.randalls.com/account/sign-up.html,Yes,Grocery/gas rewards,Full Registration,"email, name, phone",Yes,None noted,None noted  
7,Grocery,Albertsons,for U™,https://www.albertsons.com/account/sign-up.html,Yes,Digital deals,Full Registration,"email, name, phone",Yes,None noted,None noted  
8,Grocery,Safeway,for U™,https://www.safeway.com/account/sign-up.html,Yes,,Full Registration,"email, name, phone",Yes,None noted,None noted  
9,Grocery,Publix,Club Publix,https://www.publix.com/myaccount/register,Yes,Personalized perks,Full Registration,"email, name, phone",Yes,None noted,None noted  
10,Grocery,Whole Foods,Prime Member,https://www.amazon.com/ap/register,No,Requires paid Amazon Prime,Paid Subscription,"email, name, payment info",No,None noted,Payment required  
11,Pharmacy,CVS Pharmacy,ExtraCare,https://www.cvs.com/account/login?mode=create,Yes,2% back in ExtraBucks,Full Registration,"email, name, phone",Yes,None noted,None noted  
12,Pharmacy,Walgreens,myWalgreens,https://www.walgreens.com/register/regstart.jsp,Yes,1% storewide rewards,Full Registration,"email, name, phone",Yes,None noted,None noted  
13,Pharmacy,Rite Aid,Rite Aid Rewards,https://www.riteaid.com/rewards/signup,Yes,Bonus cash,Full Registration,"email, name, phone",Yes,Bonus points on signup,None noted  
14,Gas,Shell,Fuel Rewards,https://www.fuelrewards.com/fuelrewards/signup,Yes,5 cents/gal Gold status,Full Registration,"email, name, phone",Yes,None noted,None noted  
15,Gas,ExxonMobil,Exxon Mobil Rewards+,https://www.exxon.com/en/rewards-program/register,Yes,Points per gallon,Full Registration,"email, name, phone",Yes,Bonus points on signup,None noted  
16,Gas,BP/Amoco,earnify™,https://myearnify.bp.com/register,Yes,App-based,Full Registration,"email, name, phone",Yes,None noted,None noted  
17,Gas,Speedway,Speedy Rewards,https://www.speedway.com/speedy-rewards/register,Yes,Redeem for gift cards,Full Registration,"email, name, phone",Yes,None noted,None noted  
18,Gas,Chevron,Chevron Rewards,https://www.chevrontexacorewards.com/signup,Yes,Welcome points,Full Registration,"email, name, phone",Yes,Bonus points on signup,None noted  
19,Gas,Circle K,Inner Circle,https://innercircle.circlek.com/register,Yes,Early fuel discounts,Full Registration,"email, name, phone",Yes,Discount on first purchase,None noted  
20,Gas,7-Eleven,7REWARDS,https://www.7-eleven.com/7rewards/signup,Yes,Earn points on items,Full Registration,"email, name, phone",Yes,Bonus points on signup,None noted  
21,Dining,McDonald's,MyMcDonald's Rewards,https://www.mcdonalds.com/us/en-us/mcdonalds-app.html,Yes,Points for free food,Full Registration,"email, name, phone",Yes,Free item or bonus points on signup,None noted  
22,Dining,Wingstop,Wingstop Account,https://www.wingstop.com/account/register,Yes,Exclusive deals,Full Registration,"email, name, phone",Yes,None noted,None noted  
23,Dining,Popeyes,Popeyes Rewards,https://www.popeyes.com/signup,Yes,Points per $1,Paid Subscription,"email, name, payment info",No,None noted,Payment required  
24,Dining,Whataburger,Whataburger Rewards,https://whataburger.com/account/register,Yes,Points for free food,Full Registration,"email, name, phone",Yes,Free item or bonus points on signup,None noted  
25,Dining,Starbucks,Starbucks Rewards,https://www.starbucks.com/account/create,Yes,Birthday reward,Full Registration,"email, name, phone",Yes,None noted,None noted  
26,Dining,Chick-fil-A,Chick-fil-A One,https://www.chick-fil-a.com/one/register,Yes,Tiered membership,Full Registration,"email, name, phone",Yes,None noted,None noted  
27,Dining,Panera Bread,MyPanera,https://www.panerabread.com/en-us/mypanera/sign-up.html,Yes,Surprise rewards,Full Registration,"email, name, phone",Yes,None noted,None noted  
28,Dining,Chipotle,Chipotle Rewards,https://www.chipotle.com/order/create-account,Yes,10 pts per $1 spent,Paid Subscription,"email, name, payment info",No,None noted,Payment required  
29,Dining,Dunkin',Dunkin' Rewards,https://www.dunkindonuts.com/en/sign-up,Yes,Earn points toward free drinks,Full Registration,"email, name, phone",Yes,Free item or bonus points on signup,None noted  
30,Dining,Wendy's,Wendy's Rewards,https://my.wendys.com/signup,Yes,Points for food,Full Registration,"email, name, phone",Yes,Bonus points on signup,None noted  
31,Dining,Subway,MVP Rewards,https://www.subway.com/en-US/Register,Yes,Earn Subway Cash,Full Registration,"email, name, phone",Yes,None noted,None noted  
32,Dining,Domino's,Domino's Rewards,https://www.dominos.com/en/pages/customer/#\!/customer/profile/new,Yes,60 pts = free medium 2-topping pizza,Full Registration,"email, name, phone",Yes,None noted,None noted  
33,Dining,Pizza Hut,Hut Rewards,https://www.pizzahut.com/index.php#/createaccount,Yes,Points for pizza/breadsticks,Full Registration,"email, name, phone",Yes,Bonus points on signup,None noted  
34,Dining,Taco Bell,Taco Bell Rewards,https://www.tacobell.com/register,Yes,Exclusive app offers,Full Registration,"email, name, phone",Yes,Discount on first purchase,None noted  
35,Dining,Burger King,Royal Perks,https://www.bk.com/signup,Yes,Earn Crowns,Full Registration,"email, name, phone",Yes,None noted,None noted  
36,Dining,Arby's,Arby's Rewards,https://www.arbys.com/account/register,Yes,Member-only deals,Full Registration,"email, name, phone",Yes,None noted,None noted  
37,Dining,Buffalo Wild Wings,Blazin' Rewards,https://www.buffalowildwings.com/rewards,Yes,Earn points for wings,Full Registration,"email, name, phone",Yes,Bonus points on signup,None noted  
38,Dining,Texas Roadhouse,VIP Club,https://www.texasroadhouse.com/vip-club,Yes,Seasonal offers,Full Registration,"email, name, phone",Yes,Discount on first purchase,None noted  
39,Dining,Olive Garden,eClub,https://www.olivegarden.com/customer-service/registration-existing-account,Yes,Free dessert offer on signup,Full Registration,"email, name, phone",Yes,Discount on first purchase,None noted  
40,Dining,Outback Steakhouse,Dine Rewards,https://www.outback.com/rewards/signup,Yes,Covers Bloomin' Brands,Full Registration,"email, name, phone",Yes,None noted,None noted  
41,Dining,Chili's,My Chili's Rewards,https://www.chilis.com/register,Yes,Free chips & salsa,Full Registration,"email, name, phone",Yes,None noted,None noted  
42,Dining,Red Lobster,My Red Lobster Rewards,https://www.redlobster.com/rewards,Yes,Tiered status system,Full Registration,"email, name, phone",Yes,None noted,None noted  
43,Dining,IHOP,International Bank of Pancakes,https://www.ihop.com/en/rewards/sign-up,Yes,Earn PanCoins,Full Registration,"email, name, phone",Yes,None noted,None noted  
44,Dining,Denny's,Denny's Rewards,https://www.dennys.com/rewards/signup,Yes,20% off next visit,Full Registration,"email, name, phone",Yes,Discount on first purchase,None noted  
45,Dining,Applebee's,Club Applebee's,https://www.applebees.com/en/sign-up,Yes,Welcome offer included,Full Registration,"email, name, phone",Yes,Discount on first purchase,None noted  
46,Dining,Cheesecake Factory,Cheesecake Rewards,https://www.thecheesecakefactory.com/rewards/sign-up,Yes,Free slice on birthday,Full Registration,"email, name, phone",Yes,None noted,None noted  
47,Dining,P.F. Chang's,Platinum Rewards,https://www.pfchangs.com/rewards/register,Yes,$15 birthday reward,Paid Subscription,"email, name, payment info",No,None noted,Payment required  
48,Dining,Red Robin,Red Robin Royalty,https://www.redrobin.com/rewards,Yes,Every 10th item free,Full Registration,"email, name, phone",Yes,Free item or bonus points on signup,None noted  
49,Dining,TGI Fridays,Fridays Rewards,https://www.tgifridays.com/rewards/sign-up,Yes,Points for free food,Full Registration,"email, name, phone",Yes,Free item or bonus points on signup,None noted  
50,Dining,Dairy Queen,DQ Rewards,https://www.dairyqueen.com/en-us/rewards,Yes,Exclusive app deals,Full Registration,"email, name, phone",Yes,None noted,None noted  
51,Dining,Sonic Drive-In,Sonic Rewards,https://www.sonicdrivein.com/account/signup,Yes,1/2 price drinks in app,Full Registration,"email, name, phone",Yes,None noted,None noted  
52,Dining,Jack in the Box,The Jack Pack,https://www.jackinthebox.com/account/register,Yes,Earn points,Full Registration,"email, name, phone",Yes,Bonus points on signup,None noted  
53,Dining,Jersey Mike's,Shore Points,https://www.jerseymikes.com/account/create,Yes,Points toward free subs,Full Registration,"email, name, phone",Yes,Free item or bonus points on signup,None noted  
54,Dining,Firehouse Subs,Firehouse Rewards,https://www.firehousesubs.com/firehouse-rewards,Yes,Free sub on birthday,Full Registration,"email, name, phone",Yes,None noted,None noted  
55,Dining,Jimmy John's,Freaky Fast Rewards,https://www.jimmyjohns.com/rewards,Yes,Surprise rewards,Full Registration,"email, name, phone",Yes,None noted,None noted  
56,Dining,Potbelly,Potbelly Perks,https://www.potbelly.com/perks/signup,Yes,Earn free sandwiches,Full Registration,"email, name, phone",Yes,None noted,None noted  
57,Dining,Auntie Anne's,Pretzel Perks,https://www.auntieannes.com/rewards,Yes,Earn points for free pretzels,Full Registration,"email, name, phone",Yes,Free item or bonus points on signup,None noted  
58,Dining,Cinnabon,Cinnabon Rewards,https://www.cinnabon.com/rewards,Yes,4ct BonBites welcome offer,Full Registration,"email, name, phone",Yes,Discount on first purchase,None noted  
59,Dining,Krispy Kreme,Krispy Kreme Rewards,https://www.krispykreme.com/account/create-account,Yes,Free donut upon signup,Full Registration,"email, name, phone",Yes,None noted,None noted  
60,Dining,Baskin-Robbins,BR Rewards,https://www.baskinrobbins.com/en/sign-up,Yes,Deals and offers,Full Registration,"email, name, phone",Yes,Discount on first purchase,None noted  
61,Dept Store,Neiman Marcus,InCircle,https://www.neimanmarcus.com/account/register,Yes,Free account; InCircle points require store credit card,Full Registration,"email, name, phone",Yes,Free item or bonus points on signup,None noted  
62,Dept Store,Bergdorf Goodman,BG Account,https://www.bergdorfgoodman.com/account/register,Yes,Free account creation,Full Registration,"email, name, phone",Yes,None noted,None noted  
63,Catalog,Sharper Image,Email Club,https://www.sharperimage.com/si/customer/register,Yes,Early access to sales,Full Registration,"email, name, phone",Yes,None noted,None noted  
64,Catalog,Lands' End,Lands' End Rewards,https://www.landsend.com/my-account/create-account,Yes,Points for purchases,Full Registration,"email, name, phone",Yes,Bonus points on signup,None noted  
65,Dept Store,Kohl's,Kohl's Rewards,https://www.kohls.com/myaccount/kohls_login.jsp,Yes,5% rewards daily,Full Registration,"email, name, phone",Yes,None noted,None noted  
66,Dept Store,Macy's,Star Rewards,https://www.macys.com/account/createaccount,Yes,Free to join Bronze Tier,Full Registration,"email, name, phone",Yes,None noted,None noted  
67,Dept Store,Nordstrom,The Nordy Club,https://www.nordstrom.com/signin,Yes,Earn points toward Nordstrom Notes,Full Registration,"email, name, phone",Yes,Bonus points on signup,None noted  
68,Dept Store,JCPenney,JCPenney Rewards,https://www.jcpenney.com/m/rewards,Yes,$10 rewards,Paid Subscription,"email, name, payment info",No,None noted,Payment required  
69,Dept Store,Dillard's,Dillard's Rewards,https://www.dillards.com/registrations/createAccount,Yes,Free account creation,Full Registration,"email, name, phone",Yes,None noted,None noted  
70,Dept Store,Belk,Belk Rewards,https://www.belk.com/account/register,Yes,Tier-based benefits,Full Registration,"email, name, phone",Yes,None noted,None noted  
71,Dept Store,Saks Fifth Avenue,SaksFirst,https://www.saksfifthavenue.com/account/register,Yes,Free account; points require SaksFirst card,Full Registration,"email, name, phone",Yes,Free item or bonus points on signup,None noted  
72,Dept Store,Bloomingdale's,Loyallist,https://www.bloomingdales.com/account/createaccount,Yes,Earn points,Full Registration,"email, name, phone",Yes,Bonus points on signup,None noted  
73,Dept Store,Target,Target Circle,https://www.target.com/account/create,Yes,Personalized deals,Full Registration,"email, name, phone",Yes,None noted,None noted  
74,Catalog,L.L.Bean,L.L.Bean Account,https://www.llbean.com/llb/shop/514413,Yes,Free account; bean bucks require card,Full Registration,"email, name, phone",Yes,None noted,None noted  
75,Catalog,Eddie Bauer,Adventure Rewards,https://www.eddiebauer.com/login/create-account,Yes,Points for gear,Full Registration,"email, name, phone",Yes,Bonus points on signup,None noted  
76,Dept Store,Dick's Sporting Goods,ScoreCard,https://www.dickssportinggoods.com/AccountCreate,Yes,3% back,Full Registration,"email, name, phone",Yes,None noted,None noted  
77,Catalog,REI,REI Co-op Membership,https://www.rei.com/membership/join,No,$30 lifetime fee; 10% annual dividend,Paid Subscription,"email, name, payment info",No,None noted,Payment required  
78,Catalog,Bass Pro Shops,Outdoor Rewards,https://www.basspro.com/shop/en/outdoor-rewards,Yes,,Full Registration,"email, name, phone",Yes,None noted,None noted  
79,Catalog,Cabela's,CLUB Rewards,https://www.cabelas.com/shop/en/cabelas-club,No,Requires credit card for full tier,Paid Subscription,"email, name, payment info",No,None noted,Payment required  
80,Catalog,Frontgate,Email Sign Up,https://www.frontgate.com/email-signup,Yes,Welcome discount,Full Registration,"email, name, phone",Yes,Discount on first purchase,None noted  
81,Catalog,The Company Store,Email Club,https://www.thecompanystore.com/email-signup,Yes,Instant discount,Full Registration,"email, name, phone",Yes,Discount on first purchase,None noted  
82,Catalog,J.Crew,J.Crew Passport,https://www.jcrew.com/r/passport,Yes,Free shipping,Full Registration,"email, name, phone",Yes,None noted,None noted  
83,Catalog,Duluth Trading Co.,Email List,https://www.duluthtrading.com/email-signup,Yes,,Email Only,email,Yes,None noted,None noted  
84,Catalog,Orvis,Orvis Rewards,https://www.orvis.com/rewards,Yes,Points on outdoor gear,Full Registration,"email, name, phone",Yes,Bonus points on signup,None noted  
85,Catalog,Fingerhut,Fingerhut Credit Account,https://www.fingerhut.com/secure/apply,Yes,Soft pull pre-qualification available,Credit Pre-Qual,"email, name, address, SSN-last-4",Partial,None noted,SSN required; soft pull only  
86,Gas,RaceTrac,RaceTrac Rewards,https://www.racetrac.com/rewards/register,Yes,Point-based system,Full Registration,"email, name, phone",Yes,Bonus points on signup,None noted  
87,Gas,Thorntons,Refreshing Rewards,https://www.thorntonsinc.com/my-rewards/register,Yes,Gas savings,Full Registration,"email, name, phone",Yes,None noted,None noted  
88,Gas,Sinclair Oil,DINOPAY,https://www.sinclairoil.com/dinopay,Yes,App-based mobile pay savings,Full Registration,"email, name, phone",Yes,None noted,None noted  
89,Gas,Kwik Trip,Kwik Rewards,https://www.kwiktrip.com/kwik-rewards,Yes,15th visit free reward,Full Registration,"email, name, phone",Yes,Free item or bonus points on signup,None noted  
90,Gas,GetGo,Advantage Card/myPerks,https://www.getgo.com/advantage-card,Yes,Fuel perks,Full Registration,"email, name, phone",Yes,None noted,None noted  
91,Gas,Holiday Stationstores,Holiday Rewards,https://www.holidaystationstores.com/Rewards,Yes,App-based coupons,Full Registration,"email, name, phone",Yes,None noted,None noted  
92,Gas,Loaf 'N Jug,Fresh Values,https://www.loafnjug.com/account/create,Yes,Kroger-affiliated,Full Registration,"email, name, phone",Yes,None noted,None noted  
93,Gas,Phillips 66,My Phillips 66 App,https://www.phillips66gas.com/mobile-app,Yes,Mobile pay discounts,Full Registration,"email, name, phone",Yes,Discount on first purchase,None noted  
94,Gas,Conoco,My Conoco App,https://www.conoco.com/mobile-app,Yes,Direct savings at pump,Full Registration,"email, name, phone",Yes,None noted,None noted  
95,Gas,76,My 76 App,https://www.76.com/mobile-app,Yes,Connected to Phillips 66 network,Full Registration,"email, name, phone",Yes,None noted,None noted  
96,Grocery,Central Market,Central Market Account,https://www.centralmarket.com/register,Yes,Digital coupons,Full Registration,"email, name, phone",Yes,None noted,None noted  
97,Grocery,Fiesta Mart,Fiesta Rewards,https://www.fiestamart.com/rewards,Yes,Points-based savings,Full Registration,"email, name, phone",Yes,Bonus points on signup,None noted  
98,Grocery,Aldi,Aldi Account,https://new.aldi.us/account/register,Yes,Digital weekly ads,Full Registration,"email, name, phone",Yes,None noted,None noted  
99,Grocery,Trader Joe's,Fearless Flyer Newsletter,https://www.traderjoes.com/home/subscribe,Yes,Informational only,Email Only,email,Yes,None noted,None noted  
100,Grocery,Fresh Thyme,Fresh Thyme Rewards,https://www.freshthyme.com/rewards,Yes,Digital coupons,Full Registration,"email, name, phone",Yes,None noted,None noted  
101,Grocery,Save A Lot,Email Club,https://savealot.com/email-sign-up,Yes,Weekly ad delivery,Full Registration,"email, name, phone",Yes,None noted,None noted  
102,Grocery,Grocery Outlet,WOW Alerts,https://www.groceryoutlet.com/wow-alerts,Yes,Early access to deals,Full Registration,"email, name, phone",Yes,None noted,None noted  
103,Grocery,Smart & Final,SmartAdvantage,https://www.smartandfinal.com/register,Yes,Business/club size savings,Full Registration,"email, name, phone",Yes,None noted,None noted  
104,Grocery,Food City,ValuCard,https://www.foodcity.com/valucard,Yes,Fuel bucks,Full Registration,"email, name, phone",Yes,None noted,None noted  
105,Grocery,Ingles Markets,Advantage Card,https://www.ingles-markets.com/advantage-card,Yes,Fuel savings,Full Registration,"email, name, phone",Yes,None noted,None noted  
106,Grocery,Weis Markets,Weis Rewards,https://www.weismarkets.com/weis-rewards,Yes,Gas and grocery savings,Full Registration,"email, name, phone",Yes,None noted,None noted  
107,Dining,Raising Cane's,Caniac Club,https://caniacclub.raisingcanes.com,No,Requires physical card from restaurant,Paid Subscription,"email, name, payment info",No,None noted,Payment required  
108,Dining,Zaxby's,Zax Rewardz,https://www.zaxbys.com/rewards,Yes,Free Big Zax Snak on signup,Full Registration,"email, name, phone",Yes,None noted,None noted  
109,Dining,El Pollo Loco,Loco Rewards,https://www.elpolloloco.com/rewards,Yes,Point-based,Full Registration,"email, name, phone",Yes,Bonus points on signup,None noted  
110,Dining,Del Taco,Del Yeah\! Rewards,https://www.deltaco.com/delyeah,Yes,Tiered rewards system,Full Registration,"email, name, phone",Yes,None noted,None noted  
111,Dining,Qdoba,QDOBA Rewards,https://www.qdoba.com/rewards,Yes,Points for free entrees,Full Registration,"email, name, phone",Yes,Free item or bonus points on signup,None noted  
112,Dining,Moe's Southwest Grill,Moe Rewards,https://www.moes.com/rewards,Yes,Free cup of queso on signup,Full Registration,"email, name, phone",Yes,None noted,None noted  
113,Dining,Jamba,Jamba Rewards,https://www.jamba.com/rewards,Yes,Points for smoothies,Full Registration,"email, name, phone",Yes,Bonus points on signup,None noted  
114,Dining,Smoothie King,Healthy Rewards,https://www.smoothieking.com/healthy-rewards,Yes,Upgrade sizes with points,Full Registration,"email, name, phone",Yes,Bonus points on signup,None noted  
115,Dining,Tropical Smoothie Cafe,Tropic Rewards,https://www.tropicalsmoothiecafe.com/rewards,Yes,Free smoothie after first purchase,Full Registration,"email, name, phone",Yes,None noted,None noted  
116,Dining,Einstein Bros. Bagels,Shmear Society,https://www.einsteinbros.com/shmear-society-rewards,Yes,Free bagel & shmear welcome,Full Registration,"email, name, phone",Yes,None noted,None noted  
117,Dining,Peet's Coffee,Peetnik Rewards,https://www.peets.com/pages/peetnik-rewards,Yes,Points for coffee,Full Registration,"email, name, phone",Yes,Bonus points on signup,None noted  
118,Dining,Caribou Coffee,Caribou Perks,https://www.cariboucoffee.com/caribou-perks,Yes,Customize drinks,Full Registration,"email, name, phone",Yes,None noted,None noted  
119,Dining,Dutch Bros Coffee,Dutch Rewards,https://www.dutchbros.com/rewards,Yes,Points per dollar spent,Full Registration,"email, name, phone",Yes,Bonus points on signup,None noted  
120,Dining,Cava,Cava Rewards,https://cava.com/rewards,Yes,Spend-based rewards,Full Registration,"email, name, phone",Yes,None noted,None noted  
121,Dining,Sweetgreen,Sweetpass,https://www.sweetgreen.com/sweetpass,Yes,Free basic tier; paid Sweetpass+ available,Full Registration,"email, name, phone",Yes,None noted,None noted  
122,Dining,Portillo's,Portillo's Perks,https://www.portillos.com/perks,Yes,Birthday treat,Full Registration,"email, name, phone",Yes,None noted,None noted  
123,Dining,Smashburger,SmashRewards,https://smashburger.com/smashrewards,Yes,Points for burgers,Full Registration,"email, name, phone",Yes,Bonus points on signup,None noted  
124,Dining,Five Guys,Account Creation,https://order.fiveguys.com/account/create,Yes,Rapid re-ordering,Full Registration,"email, name, phone",Yes,None noted,None noted  
125,Dining,Shake Shack,Shack App Account,https://shakeshack.com/account/login,Yes,Early access to new items,Full Registration,"email, name, phone",Yes,None noted,None noted  
126,Dining,Torchy's Tacos,Taco Junkies Rewards,https://torchystacos.com/rewards,Yes,Surprise rewards,Full Registration,"email, name, phone",Yes,None noted,None noted  
127,Dining,Freebirds World Burrito,Freebirds Rewards,https://www.freebirds.com/rewards,Yes,Points for burritos,Full Registration,"email, name, phone",Yes,Bonus points on signup,None noted  
128,Dining,Velvet Taco,The Velvet Room,https://velvettaco.com/the-velvet-room,Yes,Exclusive tastings,Full Registration,"email, name, phone",Yes,None noted,None noted  
129,Dining,Hopdoddy Burger Bar,Hopdoddy Rewards,https://www.hopdoddy.com/rewards,Yes,Free fries on sign-up,Full Registration,"email, name, phone",Yes,None noted,None noted  
130,Dining,Schlotzsky's,Schlotzsky's Rewards,https://www.schlotzskys.com/rewards,Yes,Unlock tier benefits,Full Registration,"email, name, phone",Yes,None noted,None noted  
131,Dining,Jason's Deli,Deli Dollars,https://www.jasonsdeli.com/deli-dollars,Yes,Earn points for free food,Full Registration,"email, name, phone",Yes,Free item or bonus points on signup,None noted  
132,Dining,McAlister's Deli,McAlister's Rewards,https://www.mcalistersdeli.com/rewards,Yes,Points toward tea and sandwiches,Full Registration,"email, name, phone",Yes,Bonus points on signup,None noted  
133,Dining,Corner Bakery Cafe,Corner Bakery Rewards,https://cornerbakerycafe.com/rewards,Yes,$5 off next visit,Paid Subscription,"email, name, payment info",No,None noted,Payment required  
134,Dining,Fuzzy's Taco Shop,Fuzzy's Rewards,https://fuzzystacoshop.com/rewards,Yes,Earn 10 points per $1,Paid Subscription,"email, name, payment info",No,None noted,Payment required  
135,Dining,Taco Cabana,MY TC\! Loyalty,https://www.tacocabana.com/mytc,Yes,$5 reward after first purchase,Paid Subscription,"email, name, payment info",No,None noted,Payment required  
136,Dining,Pei Wei,My Wei Rewards,https://www.peiwei.com/rewards,Yes,Points for free entrees,Full Registration,"email, name, phone",Yes,Free item or bonus points on signup,None noted  
137,Dining,Panda Express,Panda Rewards,https://www.pandaexpress.com/rewards,Yes,Welcome gift and points,Full Registration,"email, name, phone",Yes,Bonus points on signup,None noted  
138,Dining,Noodles & Company,Noodles Rewards,https://www.noodles.com/rewards,Yes,Free regular entree after first purchase,Full Registration,"email, name, phone",Yes,None noted,None noted  
139,Dining,True Food Kitchen,True Insider,https://www.truefoodkitchen.com/rewards,Yes,Spend-based tiers,Full Registration,"email, name, phone",Yes,None noted,None noted  
140,Dining,Mendocino Farms,My Mendo,https://mendocinofarms.com/my-mendo,Yes,Specialized offers,Full Registration,"email, name, phone",Yes,Discount on first purchase,None noted  
141,Dining,Cicis Pizza,MyCicis,https://www.cicis.com/rewards,Yes,Earn free buffets,Full Registration,"email, name, phone",Yes,None noted,None noted  
142,Dining,Marco's Pizza,Email Club/Loyalty,https://www.marcos.com/email-club,Yes,Direct coupons,Full Registration,"email, name, phone",Yes,None noted,None noted  
143,Dining,Papa Johns,Papa Rewards,https://www.papajohns.com/papa-rewards,Yes,Earn Papa Dough,Full Registration,"email, name, phone",Yes,None noted,None noted  
144,Dining,Pappas Restaurants,Pappas eClub,https://www.pappas.com/pappas-eclub,Yes,Valid across Pappas brands,Full Registration,"email, name, phone",Yes,None noted,None noted  
145,Dept Store,Anthropologie,AnthroPerks,https://www.anthropologie.com/anthroperks,Yes,Free shipping on $50+,Paid Subscription,"email, name, payment info",No,None noted,Payment required  
146,Dept Store,Urban Outfitters,UO Rewards,https://www.urbanoutfitters.com/uo-rewards,Yes,Points for purchases,Full Registration,"email, name, phone",Yes,Bonus points on signup,None noted  
147,Dept Store,Free People,FP Community,https://www.freepeople.com/fp-community,Yes,Early access to sales,Full Registration,"email, name, phone",Yes,None noted,None noted  
148,Catalog,Pottery Barn,Key Rewards,https://www.potterybarn.com/pages/the-key-rewards,Yes,2% back,Full Registration,"email, name, phone",Yes,None noted,None noted  
149,Catalog,West Elm,Key Rewards,https://www.westelm.com/pages/the-key-rewards,Yes,Connected to Pottery Barn network,Full Registration,"email, name, phone",Yes,None noted,None noted  
150,Catalog,Williams Sonoma,Key Rewards,https://www.williams-sonoma.com/pages/the-key-rewards,Yes,Connected to Pottery Barn network,Full Registration,"email, name, phone",Yes,None noted,None noted  
151,Catalog,Crate & Barrel,Crate & Barrel Rewards,https://www.crateandbarrel.com/rewards,No,Credit card required for full rewards,Paid Subscription,"email, name, payment info",No,None noted,Payment required  
152,Catalog,CB2,CB2 Rewards,https://www.cb2.com/rewards,Yes,Connected to Crate & Barrel,Full Registration,"email, name, phone",Yes,None noted,None noted  
153,Catalog,Wayfair,Wayfair Rewards,https://www.wayfair.com/wayfaircard,No,Requires credit card; soft pull often available,Paid Subscription,"email, name, payment info",No,None noted,Payment required  
154,Catalog,Bed Bath & Beyond/Overstock,Welcome Rewards,https://www.bedbathandbeyond.com/welcome-rewards,Yes,Points on home goods,Full Registration,"email, name, phone",Yes,Bonus points on signup,None noted  
155,Dept Store,The Container Store,Organized Insider,https://www.containerstore.com/organized-insider,Yes,Receipt tracking,Full Registration,"email, name, phone",Yes,None noted,None noted  
156,Catalog,Sur La Table,SLT Perks,https://www.surlatable.com/slt-perks,Yes,Points on cookware,Full Registration,"email, name, phone",Yes,Bonus points on signup,None noted  
157,Catalog,Ballard Designs,Email Sign-Up,https://www.ballarddesigns.com/email-signup,Yes,Catalog delivery,Full Registration,"email, name, phone",Yes,None noted,None noted  
158,Catalog,Grandin Road,Email Sign-Up,https://www.grandinroad.com/email-signup,Yes,Instant welcome code,Full Registration,"email, name, phone",Yes,None noted,None noted  
159,Catalog,Plow & Hearth,Email Sign-Up,https://www.plowhearth.com/email-signup,Yes,Catalog requests,Full Registration,"email, name, phone",Yes,None noted,None noted  
160,Catalog,Hammacher Schlemmer,Email Newsletter,https://www.hammacher.com/email-signup,Yes,Special offers,Email Only,email,Yes,None noted,None noted  
161,Catalog,Harry & David,Celebrations Passport,https://www.harryanddavid.com/h/passport,No,Paid subscription; free shipping,Paid Subscription,"email, name, payment info",No,None noted,Payment required  
162,Catalog,1-800-Flowers,Celebrations Passport,https://www.1800flowers.com/passport,No,Connects with Harry & David,Paid Subscription,"email, name, payment info",No,None noted,Payment required  
163,Catalog,Omaha Steaks,Steaklover Rewards,https://www.omahasteaks.com/steaklover-rewards,Yes,Points for free food,Full Registration,"email, name, phone",Yes,Free item or bonus points on signup,None noted  
164,Catalog,Hickory Farms,Account Sign-Up,https://www.hickoryfarms.com/register,Yes,Order tracking,Full Registration,"email, name, phone",Yes,None noted,None noted  
165,Pharmacy,Thrifty White Pharmacy,Rx Rewards,https://www.thriftywhite.com/rxrewards,Yes,Points for prescriptions,Full Registration,"email, name, phone",Yes,Bonus points on signup,None noted  
166,Pharmacy,Lewis Drug,Rx Rewards,https://www.lewisdrug.com/pharmacy/rx-rewards,Yes,In-store rewards,Full Registration,"email, name, phone",Yes,None noted,In-store signup only  
167,Pharmacy,Kinney Drugs,tNt Rewards,https://kinneydrugs.com/tnt-rewards/sign-up,Yes,Regional pharmacy points,Full Registration,"email, name, phone",Yes,Bonus points on signup,None noted  
168,Pharmacy,Discount Drug Mart,Courtesy Card,https://discount-drugmart.com/courtesy-card/apply,Yes,In-store discounts,Full Registration,"email, name, phone",Yes,Discount on first purchase,In-store signup only  
169,Grocery,Brookshire Brothers,Celebrate Rewards,https://www.brookshirebrothers.com/celebrate,Yes,Points and digital coupons,Full Registration,"email, name, phone",Yes,Bonus points on signup,None noted  
170,Pharmacy,Giant Eagle Pharmacy,myPerks,https://www.gianteagle.com/myperks,Yes,Integrates with grocery and gas,Full Registration,"email, name, phone",Yes,None noted,None noted  
171,Pharmacy,Kmart Pharmacy,Shop Your Way,https://www.shopyourway.com/register,Yes,Legacy program,Full Registration,"email, name, phone",Yes,None noted,None noted  
172,Pharmacy,Meijer Pharmacy,mPerks Pharmacy,https://accounts.meijer.com/manage/Account/Register,Yes,Earn credits for prescriptions,Full Registration,"email, name, phone",Yes,None noted,None noted  
173,Pharmacy,Hy-Vee Pharmacy,Hy-Vee PERKS,https://www.hy-vee.com/account/register,Yes,Rewards stack with gas and grocery,Full Registration,"email, name, phone",Yes,None noted,None noted  
174,Dining,Habit Burger Grill,The CharClub,https://www.habitburger.com/charclub,Yes,,Full Registration,"email, name, phone",Yes,None noted,None noted  
175,Dining,Carl's Jr.,My Rewards,https://www.carlsjr.com/myrewards,Yes,,Full Registration,"email, name, phone",Yes,None noted,None noted  
176,Dining,Hardee's,My Rewards,https://www.hardees.com/myrewards,Yes,,Full Registration,"email, name, phone",Yes,None noted,None noted  
177,Dining,Church's Texas Chicken,Church's Rewards,https://www.churchs.com/rewards,Yes,,Full Registration,"email, name, phone",Yes,None noted,None noted  
178,Dining,Bojangles,Bojangles App,https://www.bojangles.com/app,Yes,Free half-tea on sign-up,Full Registration,"email, name, phone",Yes,None noted,None noted  
179,Dining,KFC,KFC Rewards,https://www.kfc.com/rewards,Yes,Unlock secret menu items,Full Registration,"email, name, phone",Yes,None noted,None noted  
180,Dining,Boston Market,Rotisserie Rewards,https://www.bostonmarket.com/rotisserie-rewards,Yes,,Full Registration,"email, name, phone",Yes,None noted,None noted  
181,Dining,Firebirds Wood Fired Grill,Inner Circle,https://firebirdsrestaurants.com/inner-circle,Yes,$10 reward,Paid Subscription,"email, name, payment info",No,None noted,Payment required  
182,Dining,Long John Silver's,Seacret Society,https://www.ljsilvers.com/seacret-society,Yes,,Full Registration,"email, name, phone",Yes,None noted,None noted  
183,Dining,Captain D's,D's Club,https://www.captainds.com/ds-club,Yes,Free dessert or appetizer,Full Registration,"email, name, phone",Yes,None noted,None noted  
184,Dining,White Castle,Craver Nation,https://www.whitecastle.com/craver-nation,Yes,$5 combo welcome offer,Paid Subscription,"email, name, payment info",No,None noted,Payment required  
185,Dining,Krystal,Club Krystal,https://www.krystal.com/club-krystal,Yes,App-based rewards,Full Registration,"email, name, phone",Yes,None noted,None noted  
186,Dining,Checkers & Rally's,Checkers & Rally's Rewards,https://www.checkers.com/rewards,Yes,,Full Registration,"email, name, phone",Yes,None noted,None noted  
187,Dining,Culver's,MyCulver's,https://www.culvers.com/myculvers,Yes,BOGO Value Basket,Full Registration,"email, name, phone",Yes,None noted,None noted  
188,Dining,Freddy's Frozen Custard,Freddy's Rewards,https://www.freddys.com/rewards,Yes,,Full Registration,"email, name, phone",Yes,None noted,None noted  
189,Dining,Steak 'n Shake,Steak 'n Shake Rewards,https://www.steaknshake.com/rewards,Yes,Free milkshake,Full Registration,"email, name, phone",Yes,None noted,None noted  
190,Dining,Wienerschnitzel,Wiener Lovers' Club,https://www.wienerschnitzel.com/wiener-lovers-club,Yes,Free chili dog,Full Registration,"email, name, phone",Yes,None noted,None noted  
191,Dining,Golden Corral,Good as Gold Rewards,https://www.goldencorral.com/good-as-gold-club,Yes,,Full Registration,"email, name, phone",Yes,None noted,None noted  
192,Dining,Chuck E. Cheese,Chuck E. Cheese Rewards,https://www.chuckecheese.com/rewards,Yes,,Full Registration,"email, name, phone",Yes,None noted,None noted  
193,Dining,First Watch,First Watch App,https://www.firstwatch.com/app,Yes,,Full Registration,"email, name, phone",Yes,None noted,None noted  
194,Dining,Snooze,My Snooze Bennyfits,https://www.snoozeeatery.com/rewards,Yes,Priority seating,Full Registration,"email, name, phone",Yes,None noted,None noted  
195,Dining,Waffle House,Regulars Club,https://www.wafflehouse.com/regulars-club,Yes,Free hashbrowns,Full Registration,"email, name, phone",Yes,None noted,None noted  
196,Dining,Bob Evans,Bob Evans Email Club,https://www.bobevans.com/email-club,Yes,Free slice of pie,Full Registration,"email, name, phone",Yes,None noted,None noted  
197,Dining,Cracker Barrel,Cracker Barrel Rewards,https://www.crackerbarrel.com/rewards,Yes,Earn Pegs,Full Registration,"email, name, phone",Yes,None noted,None noted  
198,Dining,Perkins,Perkins eClub,https://www.perkinsrestaurants.com/eclub,Yes,20% off sign-up coupon,Full Registration,"email, name, phone",Yes,Discount on first purchase,None noted  
199,Dining,Black Bear Diner,Bear Lovers eClub,https://blackbeardiner.com/eclub,Yes,Free meal on birthday,Full Registration,"email, name, phone",Yes,None noted,None noted  
200,Dining,Friendly's,BFF Club,https://www.friendlysrestaurants.com/login,Yes,Free sundae,Full Registration,"email, name, phone",Yes,None noted,None noted  
201,Dining,Frisch's Big Boy,Big Boy Rewards,https://www.frischs.com/rewards,Yes,Free appetizer or dessert,Full Registration,"email, name, phone",Yes,None noted,None noted  
202,Dining,Shoney's,Shoney's Rewards,https://www.shoneys.com/rewards,Yes,,Full Registration,"email, name, phone",Yes,None noted,None noted  
203,Dining,Garbanzo Mediterranean Fresh,Garbanzo Rewards,https://eatgarbanzo.com/rewards,Yes,,Full Registration,"email, name, phone",Yes,None noted,None noted  
204,Dining,CoreLife Eatery,CoreLife Rewards,https://www.corelifeeatery.com/rewards,Yes,,Full Registration,"email, name, phone",Yes,None noted,None noted  
205,Dining,Salata,Tastemaker Rewards,https://salata.com/rewards,Yes,,Full Registration,"email, name, phone",Yes,None noted,None noted  
206,Dining,Just Salad,Just Salad Rewards,https://www.justsalad.com/rewards,Yes,Discounts for reusable bowls,Full Registration,"email, name, phone",Yes,Discount on first purchase,None noted  
207,Dining,Chopt,Chopt Rewards,https://www.choptsalad.com/rewards,Yes,,Full Registration,"email, name, phone",Yes,None noted,None noted  
208,Dining,MAD Greens,MAD Rewards,https://www.madgreens.com/rewards,Yes,$10 reward per $100,Paid Subscription,"email, name, payment info",No,None noted,Payment required  
209,Dining,Au Bon Pain,eClub,https://www.aubonpain.com/eclub,Yes,,Full Registration,"email, name, phone",Yes,None noted,None noted  
210,Dining,Pret A Manger,Club Pret,https://www.pret.com/en-US/club-pret,No,Paid subscription,Paid Subscription,"email, name, payment info",No,None noted,Payment required  
211,Dining,Bruegger's Bagels,Bruegger's Inner Circle,https://www.brueggers.com/rewards,Yes,Free bagel & cream cheese,Full Registration,"email, name, phone",Yes,None noted,None noted  
212,Dining,Noah's NY Bagels,Noah's Rewards,https://www.noahs.com/rewards,Yes,,Full Registration,"email, name, phone",Yes,None noted,None noted  
213,Dining,Great American Cookies,Rewards App,https://www.greatamericancookies.com/rewards,Yes,$5 off welcome,Paid Subscription,"email, name, payment info",No,None noted,Payment required  
214,Dining,Marble Slab Creamery,Slab Happy Rewards,https://www.marbleslab.com/rewards,Yes,$5 reward,Paid Subscription,"email, name, payment info",No,None noted,Payment required  
215,Dining,Dippin' Dots,Dot Crazy Email Club,https://www.dippindots.com/dotcrazy,Yes,Birthday ice cream,Full Registration,"email, name, phone",Yes,None noted,None noted  
216,Dining,Rita's Italian Ice,Rita's Ice App,https://www.ritasice.com/app,Yes,Free ice after 7 visits,Full Registration,"email, name, phone",Yes,None noted,None noted  
217,Dining,Menchie's,mySmileage,https://www.menchies.com/rewards,Yes,,Full Registration,"email, name, phone",Yes,None noted,None noted  
218,Dining,Yogurtland,Real Rewards,https://www.yogurt-land.com/realrewards,Yes,,Full Registration,"email, name, phone",Yes,None noted,None noted  
219,Dining,Pinkberry,Pinkcard,https://www.pinkberry.com/pinkcard,Yes,Free yogurt after 10 purchases,Full Registration,"email, name, phone",Yes,None noted,None noted  
220,Dining,Sweet Frog,sweetFrog Loyalty,https://www.sweetfrog.com/loyalty,Yes,,Full Registration,"email, name, phone",Yes,None noted,None noted  
221,Dining,Jeni's Splendid Ice Creams,Jeni's Splendid Rewards,https://jenis.com/pages/rewards,Yes,,Full Registration,"email, name, phone",Yes,None noted,None noted  
222,Grocery,Bashas',Thank You Card,https://www.bashas.com/thank-you-card,Yes,,Full Registration,"email, name, phone",Yes,None noted,None noted  
223,Grocery,AJ's Fine Foods,AJ's Card,https://www.ajsfinefoods.com/ajs-card,Yes,,Full Registration,"email, name, phone",Yes,None noted,None noted  
224,Grocery,Raley's,Something Extra,https://www.raleys.com/something-extra,Yes,,Full Registration,"email, name, phone",Yes,None noted,None noted  
225,Grocery,Save Mart,Save Mart Rewards,https://www.savemart.com/rewards,Yes,,Full Registration,"email, name, phone",Yes,None noted,None noted  
226,Grocery,Lucky Supermarkets,Lucky You Rewards,https://www.luckysupermarkets.com/rewards,Yes,,Full Registration,"email, name, phone",Yes,None noted,None noted  
227,Grocery,Stater Bros.,Digital Deals,https://www.staterbros.com/digital-deals,Yes,,Full Registration,"email, name, phone",Yes,None noted,None noted  
228,Grocery,Superior Grocers,Superior Club,https://superiorgrocers.com/superior-club,Yes,,Full Registration,"email, name, phone",Yes,None noted,None noted  
229,Grocery,Cardenas Markets,Cardenas Rewards,https://www.cardenasmarkets.com/rewards,Yes,,Full Registration,"email, name, phone",Yes,None noted,None noted  
230,Grocery,Northgate Market,Familia Card,https://www.northgatemarket.com/familia-card,Yes,,Full Registration,"email, name, phone",Yes,None noted,None noted  
231,Grocery,Vallarta Supermarkets,Vallarta Rewards,https://vallartasupermarkets.com/en/rewards,Yes,,Full Registration,"email, name, phone",Yes,None noted,None noted  
232,Grocery,El Super,El Super App,https://elsupermarkets.com/app,Yes,,Full Registration,"email, name, phone",Yes,None noted,None noted  
233,Grocery,H Mart,Smart Card,https://www.hmart.com/smart-card,Yes,,Full Registration,"email, name, phone",Yes,None noted,None noted  
234,Grocery,99 Ranch Market,99 Ranch Rewards,https://www.99ranch.com/rewards,Yes,,Full Registration,"email, name, phone",Yes,None noted,None noted  
235,Grocery,DeCA Commissary,Commissary Rewards Card,https://commissaries.com/rewards-and-savings/rewards-card,Yes,Military/dependent eligible,Full Registration,"email, name, phone",Yes,None noted,None noted  
236,Grocery,Fareway,Fareway App,https://www.fareway.com/fareway-app,Yes,,Full Registration,"email, name, phone",Yes,None noted,None noted  
237,Grocery,Coborn's,MORE Rewards,https://www.coborns.com/morerewards,Yes,,Full Registration,"email, name, phone",Yes,None noted,None noted  
238,Grocery,Cash Wise,MORE Rewards,https://www.cashwise.com/morerewards,Yes,,Full Registration,"email, name, phone",Yes,None noted,None noted  
239,Grocery,Hornbacher's,Hornbacher's Rewards,https://www.hornbachers.com/rewards,Yes,,Full Registration,"email, name, phone",Yes,None noted,None noted  
240,Grocery,Lunds & Byerlys,L\&B Extras,https://lundsandbyerlys.com/extras,Yes,,Full Registration,"email, name, phone",Yes,None noted,None noted  
241,Grocery,Dierbergs,Dierbergs Rewards,https://www.dierbergs.com/rewards,Yes,,Full Registration,"email, name, phone",Yes,None noted,None noted  
242,Grocery,Schnucks,Schnucks Rewards,https://nourish.schnucks.com/schnucks-rewards,Yes,,Full Registration,"email, name, phone",Yes,None noted,None noted  
243,Grocery,Woodman's Markets,Shopper App,https://www.woodmans-food.com/shopper-app,Yes,,Full Registration,"email, name, phone",Yes,None noted,None noted  
244,Grocery,Festival Foods,Festival Foods App,https://www.festfoods.com/app,Yes,,Full Registration,"email, name, phone",Yes,None noted,None noted  
245,Grocery,Mariano's,Mariano's Rewards,https://www.marianos.com/account/create,Yes,Kroger subsidiary,Full Registration,"email, name, phone",Yes,None noted,None noted  
246,Grocery,Heinen's,Tasteful Rewards,https://www.heinens.com/tasteful-rewards,Yes,,Full Registration,"email, name, phone",Yes,None noted,None noted  
247,Grocery,Tops Friendly Markets,Tops BonusPlus,https://www.topsmarkets.com/BonusPlus,Yes,,Full Registration,"email, name, phone",Yes,None noted,None noted  
248,Grocery,Price Chopper/Market 32,AdvantEdge,https://www.pricechopper.com/advantedge,Yes,,Full Registration,"email, name, phone",Yes,None noted,None noted  
249,Gas,Buc-ee's,App/Email,https://buc-ees.com/contact,Yes,No points system yet,Full Registration,"email, name, phone",Yes,Bonus points on signup,None noted  
250,Gas,Cumberland Farms,SmartPay Rewards,https://www.cumberlandfarms.com/smartpay,Yes,10 cents off per gallon,Full Registration,"email, name, phone",Yes,Discount on first purchase,None noted  
251,Gas,Fastrac,Fastrac Rewards,https://fastracmarkets.com/rewards,Yes,,Full Registration,"email, name, phone",Yes,None noted,None noted  
252,Gas,QuickChek,QuickChek Rewards,https://quickchek.com/rewards,Yes,,Full Registration,"email, name, phone",Yes,None noted,None noted  
253,Gas,Royal Farms,ROFO Rewards,https://www.royalfarms.com/rofo-rewards,Yes,,Full Registration,"email, name, phone",Yes,None noted,None noted  
254,Gas,Rutter's,Rutter's VIP Club,https://www.rutters.com/vip-club,Yes,,Full Registration,"email, name, phone",Yes,None noted,None noted  
255,Gas,Spinx,Spinx Xtras,https://www.myspinx.com/spinx-xtras,Yes,,Full Registration,"email, name, phone",Yes,None noted,None noted  
256,Gas,MAPCO,MY Reward$,https://www.mapcorewards.com,Yes,,Full Registration,"email, name, phone",Yes,None noted,None noted  
257,Gas,Twice Daily,Twice Daily Rewards,https://www.twicedaily.com/rewards,Yes,,Full Registration,"email, name, phone",Yes,None noted,None noted  
258,Gas,CEFCO,CEFCO Rewards,https://cefcorewards.com,Yes,,Full Registration,"email, name, phone",Yes,None noted,None noted  
259,Gas,Stripes,Stripes Rewards,https://stripesstores.com/rewards,Yes,Laredo Taco Company perks,Full Registration,"email, name, phone",Yes,None noted,None noted  
260,Gas,E-Z Mart,E-Z Rewards,https://e-zmart.com/rewards,Yes,,Full Registration,"email, name, phone",Yes,None noted,None noted  
261,Gas,United Express,United Rewards,https://www.unitedtexas.com/rewards,Yes,,Full Registration,"email, name, phone",Yes,None noted,None noted  
262,Gas,Yesway,Yesway Rewards,https://yesway.com/rewards,Yes,,Full Registration,"email, name, phone",Yes,None noted,None noted  
263,Gas,Allsup's,Allsup's Rewards,https://allsups.com/rewards,Yes,,Full Registration,"email, name, phone",Yes,None noted,None noted  
264,Gas,Parker's,Parker's Rewards,https://parkerskitchen.com/rewards,Yes,,Full Registration,"email, name, phone",Yes,None noted,None noted  
265,Gas,Enmarket,Enjoy Rewards,https://enmarket.com/enjoy-rewards,Yes,,Full Registration,"email, name, phone",Yes,None noted,None noted  
266,Gas,Daily's,Daily's Rewards,https://www.dailys.com/rewards,Yes,,Full Registration,"email, name, phone",Yes,None noted,None noted  
267,Gas,Kwik Fill,Kwik Fill Rewards,https://www.kwikfill.com/rewards,Yes,,Full Registration,"email, name, phone",Yes,None noted,None noted  
268,Gas,Country Fair,PumpPerks,https://www.countryfairstores.com/pumpperks,Yes,,Full Registration,"email, name, phone",Yes,None noted,None noted  
269,Gas,Byrne Dairy,Byrne Dairy App,https://byrnedairystores.com/rewards,Yes,,Full Registration,"email, name, phone",Yes,None noted,None noted  
270,Gas,Stewart's Shops,Email Club,https://www.stewartsshops.com/newsletter,Yes,,Full Registration,"email, name, phone",Yes,None noted,None noted  
271,Gas,Weigel's,MyWeigel's Rewards,https://weigels.com/rewards,Yes,,Full Registration,"email, name, phone",Yes,None noted,None noted  
272,Gas,Tom Thumb Gulf Coast,Tom Thumb Rewards,https://www.tomthumbstores.com/rewards,Yes,,Full Registration,"email, name, phone",Yes,None noted,None noted  
273,Dept Store,Nordstrom Rack,The Nordy Club,https://www.nordstromrack.com/nordyclub,Yes,,Full Registration,"email, name, phone",Yes,None noted,None noted  
274,Dept Store,Saks OFF 5TH,OFF 5TH Rewards,https://www.saksoff5th.com/account/register,Yes,,Full Registration,"email, name, phone",Yes,None noted,None noted  
275,Dept Store,Burlington,Burlington Loyalty,https://www.burlington.com/myaccount/createaccount,Yes,,Full Registration,"email, name, phone",Yes,None noted,None noted  
276,Dept Store,Sierra,TJX Rewards,https://www.sierra.com/lp2/tjx-rewards,No,Requires TJX credit card,Paid Subscription,"email, name, payment info",No,None noted,Payment required  
277,Catalog,Soft Surroundings,VIP Rewards,https://www.softsurroundings.com/rewards,No,Credit card required,Paid Subscription,"email, name, payment info",No,None noted,Payment required  
278,Catalog,Chicos,Chico's Rewards+,https://www.chicos.com/store/account/register.jsp,Yes,,Full Registration,"email, name, phone",Yes,None noted,None noted  
279,Catalog,White House Black Market,WHBM Rewards+,https://www.whitehouseblackmarket.com/store/account/register.jsp,Yes,,Full Registration,"email, name, phone",Yes,None noted,None noted  
280,Catalog,Soma,Soma Rewards+,https://www.soma.com/store/account/register.jsp,Yes,,Full Registration,"email, name, phone",Yes,None noted,None noted  
281,Catalog,Lane Bryant,Lane Rewards,https://www.lanebryant.com/rewards,Yes,,Full Registration,"email, name, phone",Yes,None noted,None noted  
282,Catalog,Torrid,Torrid Rewards,https://www.torrid.com/torrid-rewards,Yes,,Full Registration,"email, name, phone",Yes,None noted,None noted  
283,Catalog,Hot Topic,Hot Topic Guest List,https://www.hottopic.com/hottopic-guest-list,Yes,,Full Registration,"email, name, phone",Yes,None noted,None noted  
284,Catalog,BoxLunch,BoxLunch Money,https://www.boxlunch.com/boxlunch-money,Yes,,Full Registration,"email, name, phone",Yes,None noted,None noted  
285,Catalog,Lulus,Love Rewards,https://www.lulus.com/loverewards,Yes,,Full Registration,"email, name, phone",Yes,None noted,None noted  
286,Catalog,ASOS,ASOS Premier,https://www.asos.com/us/premier-delivery,No,Paid tier,Paid Subscription,"email, name, payment info",No,None noted,Payment required  
287,Catalog,Fabletics,VIP Membership,https://www.fabletics.com/register,No,Subscription model,Paid Subscription,"email, name, payment info",No,None noted,Payment required  
288,Catalog,Savage X Fenty,Xtra VIP,https://www.savagex.com/register,No,Subscription model,Paid Subscription,"email, name, payment info",No,None noted,Payment required  
289,Catalog,Adore Me,VIP Membership,https://www.adoreme.com/register,No,Subscription model,Paid Subscription,"email, name, payment info",No,None noted,Payment required  
290,Catalog,Victoria's Secret,VS Collective,https://www.victoriassecret.com/us/vs/rewards,Yes,,Full Registration,"email, name, phone",Yes,None noted,None noted  
291,Catalog,Bath & Body Works,My Bath & Body Works,https://www.bathandbodyworks.com/rewards,Yes,Free item rewards,Full Registration,"email, name, phone",Yes,Free item or bonus points on signup,None noted  
292,Catalog,Sephora,Beauty Insider,https://www.sephora.com/profile/BeautyInsider,Yes,Birthday gift,Full Registration,"email, name, phone",Yes,None noted,None noted  
293,Catalog,Ulta Beauty,Ultamate Rewards,https://www.ulta.com/rewards,Yes,,Full Registration,"email, name, phone",Yes,None noted,None noted  
294,Catalog,Sally Beauty,Sally Beauty Rewards,https://www.sallybeauty.com/rewards,Yes,,Full Registration,"email, name, phone",Yes,None noted,None noted  
295,Catalog,MAC Cosmetics,MAC Lover,https://www.maccosmetics.com/mac-lover,Yes,,Full Registration,"email, name, phone",Yes,None noted,None noted  
296,Catalog,Kiehl's,Kiehl's Rewards,https://www.kiehls.com/kiehls-rewards.html,Yes,,Full Registration,"email, name, phone",Yes,None noted,None noted  
297,Grocery,Straub's Markets,Straub's Rewards,https://www.straubs.com/rewards,Yes,,Full Registration,"email, name, phone",Yes,None noted,None noted  
298,Gas,Break Time,MyBreakTime Rewards,https://mybreaktime.com/rewards,Yes,,Full Registration,"email, name, phone",Yes,None noted,None noted  
299,Dining,Imo's Pizza,Imo's Squares Rewards,https://www.imospizza.com/rewards,Yes,,Full Registration,"email, name, phone",Yes,None noted,None noted  
300,Dining,Lion's Choice,LC Rewards,https://lionschoice.com/rewards,Yes,,Full Registration,"email, name, phone",Yes,None noted,None noted  
301,Dining,Sugarfire Smoke House,Sugarfire Rewards,https://sugarfiresmokehouse.com/rewards,Yes,,Full Registration,"email, name, phone",Yes,None noted,None noted  
302,Dining,Syberg's,Syberg's Rewards,https://sybergs.com/rewards,Yes,,Full Registration,"email, name, phone",Yes,None noted,None noted  
303,Dining,Crazy Bowls & Wraps,CBW Rewards,https://crazybowlsandwraps.com/rewards,Yes,,Full Registration,"email, name, phone",Yes,None noted,None noted  
304,Dining,Kaldi's Coffee,Kaldi's Rewards,https://kaldiscoffee.com/pages/rewards,Yes,,Full Registration,"email, name, phone",Yes,None noted,None noted  
305,Dining,Mission Taco Joint,Mission Control Rewards,https://www.missiontacojoint.com/rewards,Yes,,Full Registration,"email, name, phone",Yes,None noted,None noted  
306,Dining,The Pasta House Co.,Pasta House Rewards,https://www.pastahouse.com/rewards,Yes,,Full Registration,"email, name, phone",Yes,None noted,None noted  
307,Dining,Pickleman's Gourmet Cafe,Pickleman's Rewards,https://www.picklemans.com/rewards,Yes,,Full Registration,"email, name, phone",Yes,None noted,None noted  
308,Dining,Andy's Frozen Custard,Yum Squad,https://www.eatandys.com/yumsquad,Yes,,Full Registration,"email, name, phone",Yes,None noted,None noted  
309,Gas,Wallis Companies/On the Run,On the Run Rewards,https://www.ontherun.com/rewards,Yes,,Full Registration,"email, name, phone",Yes,None noted,None noted  
310,Dining,Willy's Mexicana Grill,Willy Good Rewards,https://willys.com/willy-good-rewards,Yes,,Full Registration,"email, name, phone",Yes,None noted,None noted  
311,Dining,Gusto\!,Gusto\! Rewards,https://whatsyourgusto.com/rewards,Yes,,Full Registration,"email, name, phone",Yes,None noted,None noted  
312,Dining,Marlow's Tavern,Insider Club,https://marlowstavern.com/insider-club,Yes,,Full Registration,"email, name, phone",Yes,None noted,None noted  
313,Dining,Taco Mac,Brewniversity,https://tacomac.com/brewniversity,Yes,,Full Registration,"email, name, phone",Yes,None noted,None noted  
314,Dining,Slutty Vegan,Slutty Rewards,https://sluttyveganatl.com/rewards,Yes,,Full Registration,"email, name, phone",Yes,None noted,None noted  
315,Dining,Flying Biscuit Cafe,Flying Biscuit Rewards,https://flyingbiscuit.com/rewards,Yes,,Full Registration,"email, name, phone",Yes,None noted,None noted  
316,Dining,J. Christopher's,J.C. Club,https://jchristophers.com/jc-club,Yes,,Full Registration,"email, name, phone",Yes,None noted,None noted  
317,Dining,Mellow Mushroom,Mellow Rewards,https://mellowmushroom.com/rewards,Yes,Free pretzel bites,Full Registration,"email, name, phone",Yes,None noted,None noted  
318,Dining,Shane's Rib Shack,Shack Rewards,https://www.shanesribshack.com/rewards,Yes,,Full Registration,"email, name, phone",Yes,None noted,None noted  
319,Dining,Cinnaholic,Cinnaholic Rollwards,https://www.cinnaholic.com/rewards,Yes,,Full Registration,"email, name, phone",Yes,None noted,None noted  
320,Grocery,Wayfield Foods,Wayfield App,https://wayfieldfoods.com/app,Yes,,Full Registration,"email, name, phone",Yes,None noted,None noted  
321,Grocery,Savi Provisions,Savi Rewards,https://www.saviprovisions.com/rewards,Yes,,Full Registration,"email, name, phone",Yes,None noted,None noted  
322,Dining,Farm Burger,Farm Burger Rewards,https://farmburger.com/rewards,Yes,,Full Registration,"email, name, phone",Yes,None noted,None noted  
323,Dining,Hattie B's Hot Chicken,Hattie B's App,https://hattieb.com/app,Yes,,Full Registration,"email, name, phone",Yes,None noted,None noted  
324,Dining,Jet's Pizza,Crunch Crust Rewards,https://www.jetspizza.com/rewards,Yes,,Full Registration,"email, name, phone",Yes,None noted,None noted  
325,Dining,Hungry Howie's,Howie Rewards,https://www.hungryhowies.com/howierewards,Yes,,Full Registration,"email, name, phone",Yes,None noted,None noted  
326,Dining,Godfather's Pizza,Godfather's Pizza Rewards,https://godfathers.com/rewards,Yes,,Full Registration,"email, name, phone",Yes,None noted,None noted  
327,Dining,Round Table Pizza,Round Table Rewards,https://www.roundtablepizza.com/rewards,Yes,,Full Registration,"email, name, phone",Yes,None noted,None noted  
328,Dining,Papa Murphy's,MySLICE Rewards,https://www.papamurphys.com/rewards,Yes,,Full Registration,"email, name, phone",Yes,None noted,None noted  
329,Dining,Sbarro,Slice Society,https://sbarro.com/slice-society,Yes,,Full Registration,"email, name, phone",Yes,None noted,None noted  
330,Dining,Fazoli's,Fazoli's Rewards,https://fazolis.com/rewards,Yes,,Full Registration,"email, name, phone",Yes,None noted,None noted  
331,Dining,Buca di Beppo,Buca eClub,https://www.bucadibeppo.com/eclub,Yes,$10 welcome gift,Paid Subscription,"email, name, payment info",No,None noted,Payment required  
332,Dining,Bravo Italian Kitchen,Bravo eClub,https://www.bravoitalian.com/eclub,Yes,,Full Registration,"email, name, phone",Yes,None noted,None noted  
333,Dining,Brio Italian Grille,Brio eClub,https://www.brioitalian.com/eclub,Yes,,Full Registration,"email, name, phone",Yes,None noted,None noted  
334,Dining,Bertucci's,Bertucci's eClub,https://www.bertuccis.com/eclub,Yes,,Full Registration,"email, name, phone",Yes,None noted,None noted  
335,Dining,Anthony's Coal Fired Pizza,Coal Fired Rewards,https://acfp.com/rewards,Yes,,Full Registration,"email, name, phone",Yes,None noted,None noted  
336,Dining,Grimaldi's Pizzeria,Grimaldi's Rewards,https://www.grimaldispizzeria.com/rewards,Yes,,Full Registration,"email, name, phone",Yes,None noted,None noted  
337,Dining,Lou Malnati's Pizzeria,Lou Malnati's Rewards,https://www.loumalnatis.com/rewards,Yes,,Full Registration,"email, name, phone",Yes,None noted,None noted  
338,Dining,Giordano's,G-Club,https://giordanos.com/g-club,Yes,,Full Registration,"email, name, phone",Yes,None noted,None noted  
339,Dining,Mici Handcrafted Italian,Mici Rewards,https://miciitalian.com/rewards,Yes,,Full Registration,"email, name, phone",Yes,None noted,None noted  
340,Dining,Old Chicago Pizza & Taproom,OC Rewards,https://oldchicago.com/rewards,Yes,,Full Registration,"email, name, phone",Yes,None noted,None noted  
341,Dining,Peter Piper Pizza,Club Piper,https://www.peterpiperpizza.com/club-piper,Yes,,Full Registration,"email, name, phone",Yes,None noted,None noted  
342,Dining,Pieology Pizzeria,Pie Life Rewards,https://pieology.com/pie-life,Yes,,Full Registration,"email, name, phone",Yes,None noted,None noted  
343,Dining,Blaze Pizza,Blaze Rewards,https://www.blazepizza.com/rewards,Yes,,Full Registration,"email, name, phone",Yes,None noted,None noted  
344,Dining,MOD Pizza,MOD Rewards,https://modpizza.com/rewards,Yes,,Full Registration,"email, name, phone",Yes,None noted,None noted  
345,Dining,Baja Fresh,Club Baja Rewards,https://www.bajafresh.com/clubbaja,Yes,,Full Registration,"email, name, phone",Yes,None noted,None noted  
346,Dining,Rubio's Coastal Grill,Rubio's Rewards,https://www.rubios.com/rewards,Yes,,Full Registration,"email, name, phone",Yes,None noted,None noted  
347,Dining,Taco John's,Bigger Bolder Rewards,https://tacojohns.com/rewards,Yes,,Full Registration,"email, name, phone",Yes,None noted,None noted  
348,Dining,On The Border,Border Rewards,https://www.ontheborder.com/rewards,Yes,,Full Registration,"email, name, phone",Yes,None noted,None noted  
349,Dining,Chuy's,Chuy's App,https://www.chuys.com/app,Yes,,Full Registration,"email, name, phone",Yes,None noted,None noted  
350,Dining,Uncle Julio's,Amigo Especial,https://unclejulios.com/rewards,Yes,,Full Registration,"email, name, phone",Yes,None noted,None noted  
351,Dining,Cafe Rio,My Rio Rewards,https://www.caferio.com/rewards,Yes,,Full Registration,"email, name, phone",Yes,None noted,None noted  
352,Dining,Costa Vida,Costa Vida Rewards,https://www.costavida.com/rewards,Yes,,Full Registration,"email, name, phone",Yes,None noted,None noted  
353,Dining,Tijuana Flats,Flathead Rewards,https://tijuanaflats.com/rewards,Yes,,Full Registration,"email, name, phone",Yes,None noted,None noted  
354,Dining,Salsarita's Fresh Mexican Grill,Salsarita's Rewards,https://salsaritas.com/rewards,Yes,,Full Registration,"email, name, phone",Yes,None noted,None noted  
355,Dining,Pancheros Mexican Grill,Pancheros App,https://www.pancheros.com/rewards,Yes,,Full Registration,"email, name, phone",Yes,None noted,None noted  
356,Dining,Chronic Tacos,Chronic Tacos App,https://www.chronictacos.com/rewards,Yes,,Full Registration,"email, name, phone",Yes,None noted,None noted  
357,Dining,Dos Toros Taqueria,Dos Toros Rewards,https://www.dostoros.com/rewards,Yes,,Full Registration,"email, name, phone",Yes,None noted,None noted  
358,Dining,Bahama Breeze,eClub,https://www.bahamabreeze.com/customer-service/newsletter-sign-up,Yes,,Full Registration,"email, name, phone",Yes,None noted,None noted  
359,Dining,Seasons 52,eClub,https://www.seasons52.com/customer-service/newsletter-sign-up,Yes,,Full Registration,"email, name, phone",Yes,None noted,None noted  
360,Dining,Yard House,eClub,https://www.yardhouse.com/customer-service/newsletter-sign-up,Yes,,Full Registration,"email, name, phone",Yes,None noted,None noted  
361,Dining,Cheddar's Scratch Kitchen,eClub,https://www.cheddars.com/customer-service/newsletter-sign-up,Yes,,Full Registration,"email, name, phone",Yes,None noted,None noted  
362,Dining,The Capital Grille,Insider,https://www.thecapitalgrille.com/customer-service/newsletter-sign-up,Yes,,Full Registration,"email, name, phone",Yes,None noted,None noted  
363,Dining,Ruth's Chris Steak House,Ruth's Regulars,https://ruthschris.com/regulars,Yes,,Full Registration,"email, name, phone",Yes,None noted,None noted  
364,Dining,Fleming's Prime Steakhouse,Dine Rewards,https://www.flemingssteakhouse.com/dine-rewards,Yes,,Full Registration,"email, name, phone",Yes,None noted,None noted  
365,Dining,Fogo de Chao,Fogo eClub,https://fogodechao.com/fogo-eclub,Yes,,Full Registration,"email, name, phone",Yes,None noted,None noted  
366,Dining,Texas de Brazil,eClub,https://texasdebrazil.com/eclub,Yes,$20 off two dinners,Paid Subscription,"email, name, payment info",No,None noted,Payment required  
367,Dining,The Melting Pot,Club Fondue,https://www.meltingpot.com/club-fondue.aspx,Yes,,Full Registration,"email, name, phone",Yes,None noted,None noted  
368,Dining,Benihana,Chef's Table,https://www.benihana.com/the-chefs-table,Yes,$30 birthday certificate,Paid Subscription,"email, name, payment info",No,None noted,Payment required  
369,Dining,Black Angus Steakhouse,Prime Club,https://www.blackangus.com/prime-club,Yes,,Full Registration,"email, name, phone",Yes,None noted,None noted  
370,Dining,Claim Jumper,Claim Jumper Rewards,https://www.claimjumper.com/rewards,Yes,,Full Registration,"email, name, phone",Yes,None noted,None noted  
371,Dining,Logan's Roadhouse,Logan's Rewards,https://logansroadhouse.com/rewards,Yes,,Full Registration,"email, name, phone",Yes,None noted,None noted  
372,Dining,O'Charley's,O'Club,https://www.ocharleys.com/oclub,Yes,,Full Registration,"email, name, phone",Yes,None noted,None noted  
373,Dining,Ruby Tuesday,Ruby Rewards,https://www.rubytuesday.com/rewards,Yes,,Full Registration,"email, name, phone",Yes,None noted,None noted  
374,Dining,Houlihan's,Email Club,https://houlihans.com/email-club,Yes,,Full Registration,"email, name, phone",Yes,None noted,None noted  
375,Dining,Lazy Dog Restaurant & Bar,Lazy Dog Club,https://www.lazydogrestaurants.com/club,Yes,,Full Registration,"email, name, phone",Yes,None noted,None noted  
376,Dining,Cooper's Hawk Winery,Wine Club,https://chwinery.com/wine-club,No,Paid subscription,Paid Subscription,"email, name, payment info",No,None noted,Payment required  
377,Dining,Carrabba's Italian Grill,Dine Rewards,https://www.carrabbas.com/rewards,Yes,,Full Registration,"email, name, phone",Yes,None noted,None noted  
378,Dining,Maggiano's Little Italy,eClub,https://www.maggianos.com/e-club,Yes,,Full Registration,"email, name, phone",Yes,None noted,None noted  
379,Dining,Macaroni Grill,Email Club,https://www.macaronigrill.com/email-club,Yes,,Full Registration,"email, name, phone",Yes,None noted,None noted  
380,Dining,Johnny Rockets,Rocket eClub,https://www.johnnyrockets.com/eclub,Yes,,Full Registration,"email, name, phone",Yes,None noted,None noted  
381,Grocery,King Soopers,King Soopers Rewards,https://www.kingsoopers.com/account/create,Yes,Kroger subsidiary,Full Registration,"email, name, phone",Yes,None noted,None noted  
382,Grocery,City Market,City Market Rewards,https://www.citymarket.com/account/create,Yes,Kroger subsidiary,Full Registration,"email, name, phone",Yes,None noted,None noted  
383,Grocery,Fry's Food Stores,Fry's VIP Rewards,https://www.frysfood.com/account/create,Yes,Kroger subsidiary,Full Registration,"email, name, phone",Yes,None noted,None noted  
384,Grocery,Fred Meyer,Fred Meyer Rewards,https://www.fredmeyer.com/account/create,Yes,Kroger subsidiary,Full Registration,"email, name, phone",Yes,None noted,None noted  
385,Grocery,QFC,QFC Rewards,https://www.qfc.com/account/create,Yes,Kroger subsidiary,Full Registration,"email, name, phone",Yes,None noted,None noted  
386,Grocery,Ralphs,Ralphs Rewards,https://www.ralphs.com/account/create,Yes,Kroger subsidiary,Full Registration,"email, name, phone",Yes,None noted,None noted  
387,Grocery,Smith's Food and Drug,Smith's Rewards,https://www.smithsfoodanddrug.com/account/create,Yes,Kroger subsidiary,Full Registration,"email, name, phone",Yes,None noted,None noted  
388,Grocery,Pay Less Super Markets,Pay Less Rewards,https://www.paylesssupermarkets.com/account/create,Yes,Kroger subsidiary,Full Registration,"email, name, phone",Yes,None noted,None noted  
389,Grocery,JayC Food Stores,JayC Rewards,https://www.jaycfoods.com/account/create,Yes,Kroger subsidiary,Full Registration,"email, name, phone",Yes,None noted,None noted  
390,Grocery,Ruler Foods,Ruler Foods Account,https://www.rulerfoods.com/account/create,Yes,Kroger subsidiary,Full Registration,"email, name, phone",Yes,None noted,None noted  
391,Grocery,Martin's Super Markets,Martin's Advantage,https://martins-supermarkets.com/advantage,Yes,,Full Registration,"email, name, phone",Yes,None noted,None noted  
392,Grocery,D\&W Fresh Market,yes Rewards,https://www.shopdwfreshmarket.com/yes,Yes,SpartanNash network,Full Registration,"email, name, phone",Yes,None noted,None noted  
393,Grocery,Family Fare,yes Rewards,https://www.shopfamilyfare.com/yes,Yes,SpartanNash network,Full Registration,"email, name, phone",Yes,None noted,None noted  
394,Grocery,VG's Grocery,yes Rewards,https://www.shopvgs.com/yes,Yes,SpartanNash network,Full Registration,"email, name, phone",Yes,None noted,None noted  
395,Grocery,Dan's Supermarket,yes Rewards,https://www.shopdans.com/yes,Yes,SpartanNash network,Full Registration,"email, name, phone",Yes,None noted,None noted  
396,Grocery,Harmons Grocery,Foodie Club,https://www.harmonsgrocery.com/foodie-club,Yes,,Full Registration,"email, name, phone",Yes,None noted,None noted  
397,Grocery,Macey's,Macey's Perks,https://www.maceys.com/perks,Yes,,Full Registration,"email, name, phone",Yes,None noted,None noted  
398,Grocery,Harps Food Stores,Harps App,https://www.harpsfood.com/app,Yes,,Full Registration,"email, name, phone",Yes,None noted,None noted  
399,Grocery,Homeland Stores,ONE Rewards,https://www.homelandstores.com/one-rewards,Yes,,Full Registration,"email, name, phone",Yes,None noted,None noted  
400,Grocery,Reasor's,Reasor's Rewards,https://www.reasors.com/rewards,Yes,,Full Registration,"email, name, phone",Yes,None noted,None noted  
401,Grocery,Amigos,Rewards,https://www.amigosunited.com/rewards,Yes,,Full Registration,"email, name, phone",Yes,None noted,None noted  
402,Grocery,Albertsons Market,for U™,https://www.albertsonsmarket.com/account/sign-up.html,Yes,,Full Registration,"email, name, phone",Yes,None noted,None noted  
403,Grocery,Big Y World Class Market,myBigY,https://www.bigy.com/mybigy,Yes,,Full Registration,"email, name, phone",Yes,None noted,None noted  
404,Grocery,Shaw's,for U™,https://www.shaws.com/account/sign-up.html,Yes,Albertsons network,Full Registration,"email, name, phone",Yes,None noted,None noted  
405,Grocery,Star Market,for U™,https://www.starmarket.com/account/sign-up.html,Yes,Albertsons network,Full Registration,"email, name, phone",Yes,None noted,None noted  
406,Grocery,Acme Markets,for U™,https://www.acmemarkets.com/account/sign-up.html,Yes,Albertsons network,Full Registration,"email, name, phone",Yes,None noted,None noted  
407,Gas,Dash In,Dash In Rewards,https://dashin.com/rewards,Yes,,Full Registration,"email, name, phone",Yes,None noted,None noted  
408,Gas,High's,High's Rewards,https://www.highs.com/rewards,Yes,,Full Registration,"email, name, phone",Yes,None noted,None noted  
409,Gas,Gate Petroleum,My GATE Rewards,https://mygaterewards.com,Yes,,Full Registration,"email, name, phone",Yes,None noted,None noted  
410,Gas,OnCue,OnCue Rewards,https://oncueexpress.com/rewards,Yes,,Full Registration,"email, name, phone",Yes,None noted,None noted  
411,Gas,Applegreen,Applegreen Rewards,https://applegreenstores.com/us/rewards,Yes,,Full Registration,"email, name, phone",Yes,None noted,None noted  
412,Catalog,Seventh Generation,Generation Good,https://www.seventhgeneration.com/generation-good,Yes,,Full Registration,"email, name, phone",Yes,None noted,None noted  
413,Catalog,The Swiss Colony,Swiss Colony Credit,https://www.swisscolony.com/credit,Yes,Soft pull for catalog orders,Full Registration,"email, name, phone",Yes,None noted,None noted  
414,Catalog,Country Door,Country Door Credit,https://www.countrydoor.com/credit,Yes,Connected to Swiss Colony network,Full Registration,"email, name, phone",Yes,None noted,None noted  
415,Catalog,Midnight Velvet,Midnight Velvet Credit,https://www.midnightvelvet.com/credit,Yes,Connected to Swiss Colony network,Full Registration,"email, name, phone",Yes,None noted,None noted  
416,Catalog,Seventh Avenue,Seventh Avenue Credit,https://www.seventhavenue.com/credit,Yes,Connected to Swiss Colony network,Full Registration,"email, name, phone",Yes,None noted,None noted  
417,Catalog,Montgomery Ward,Wards Credit,https://www.wards.com/credit,Yes,Connected to Swiss Colony network,Full Registration,"email, name, phone",Yes,None noted,None noted  
418,Catalog,Monroe & Main,Monroe & Main Credit,https://www.monroeandmain.com/credit,Yes,Connected to Swiss Colony network,Full Registration,"email, name, phone",Yes,None noted,None noted  
419,Dining,Dickey's Barbecue Pit,Big Yellow Cup Club,https://www.dickeys.com/rewards,Yes,,Full Registration,"email, name, phone",Yes,None noted,None noted  
420,Dining,Sonny Bryan's Smokehouse,Sonny's Club,https://www.sonnybryans.com/sonnys-club,Yes,,Full Registration,"email, name, phone",Yes,None noted,None noted  
421,Dining,Spring Creek Barbeque,Email Club,https://springcreekbarbeque.com/email-club,Yes,,Full Registration,"email, name, phone",Yes,None noted,None noted  
422,Dining,Saltgrass Steak House,Landry's Select Club,https://www.landrysselect.com,No,$25 to join; immediate $25 reward,Paid Subscription,"email, name, payment info",No,None noted,Payment required  
423,Dining,Cotton Patch Cafe,Cotton Patch Club,https://cottonpatch.com/club,Yes,,Full Registration,"email, name, phone",Yes,None noted,None noted  
424,Dining,Taco Bueno,Buenoheads,https://www.tacobueno.com/buenoheads,Yes,,Full Registration,"email, name, phone",Yes,None noted,None noted  
425,Dining,Golden Chick,Golden Club,https://goldenchick.com/golden-club,Yes,$5 off welcome,Paid Subscription,"email, name, payment info",No,None noted,Payment required  
426,Dining,Chicken Express,eClub,https://chickene.com/eclub,Yes,,Full Registration,"email, name, phone",Yes,None noted,None noted  
427,Dining,El Fenix,eClub,https://www.elfenix.com/eclub,Yes,,Full Registration,"email, name, phone",Yes,None noted,None noted  
428,Dining,Mi Cocina,Familia Rewards,https://www.micocina.com/familia,Yes,,Full Registration,"email, name, phone",Yes,None noted,None noted  
429,Dining,Pluckers Wing Bar,Pluckers Club,https://www.pluckers.com/pluckers-club,Yes,Lite is free; full club $20,Paid Subscription,"email, name, payment info",No,None noted,Payment required  
430,Dining,Snuffer's Restaurant & Bar,VIP Club,https://snuffers.com/vip-club,Yes,,Full Registration,"email, name, phone",Yes,None noted,None noted  
431,Dining,Campisi's Restaurant,Campisi's Rewards,https://campisis.us/rewards,Yes,,Full Registration,"email, name, phone",Yes,None noted,None noted  
432,Dining,Perry's Steakhouse & Grille,Perry's Reserve,https://perryssteakhouse.com/reserve,Yes,,Full Registration,"email, name, phone",Yes,None noted,None noted  
433,Dining,Walk-On's Sports Bistreaux,Walk-On's Rewards,https://walk-ons.com/rewards,Yes,,Full Registration,"email, name, phone",Yes,None noted,None noted  
434,Dining,Twin Peaks,Friends of the Peaks,https://twinpeaksrestaurant.com/friends-of-the-peaks,Yes,,Full Registration,"email, name, phone",Yes,None noted,None noted  
435,Dining,Hooters,HootClub,https://www.hooters.com/hootclub,Yes,,Full Registration,"email, name, phone",Yes,None noted,None noted  
436,Dining,Dave & Buster's,D\&B Rewards,https://www.daveandbusters.com/us/en/rewards,Yes,,Full Registration,"email, name, phone",Yes,None noted,None noted  
437,Dining,Main Event,Main Event Rewards,https://www.mainevent.com/rewards,Yes,,Full Registration,"email, name, phone",Yes,None noted,None noted  
438,Dining,Bowlero,Bowlero Rewards,https://www.bowlero.com/rewards,Yes,,Full Registration,"email, name, phone",Yes,None noted,None noted  
439,Dining,Gyu-Kaku Japanese BBQ,Gyu-Kaku App,https://www.gyu-kaku.com/app,Yes,,Full Registration,"email, name, phone",Yes,None noted,None noted  
440,Dining,Kura Revolving Sushi Bar,Kura Rewards,https://kurasushi.com/rewards,Yes,,Full Registration,"email, name, phone",Yes,None noted,None noted  
441,Dining,Gen Korean BBQ,Gen Rewards,https://genkoreanbbq.com/rewards,Yes,,Full Registration,"email, name, phone",Yes,None noted,None noted  
442,Dining,Gordon Biersch,GB Rewards,https://gordonbiersch.com/rewards,Yes,$10 welcome reward,Paid Subscription,"email, name, payment info",No,None noted,Payment required  
443,Dining,Rock Bottom Restaurant & Brewery,Rock Bottom Rewards,https://rockbottom.com/rewards,Yes,,Full Registration,"email, name, phone",Yes,None noted,None noted  
444,Dining,Abuelo's Mexican Restaurant,Mi Abuelo's Rewards,https://www.abuelos.com/mi-abuelos-rewards,Yes,,Full Registration,"email, name, phone",Yes,None noted,None noted  
445,Dining,Rusty Taco,Rusty Taco Rewards,https://rustytaco.com/rewards,Yes,,Full Registration,"email, name, phone",Yes,None noted,None noted  
446,Dining,Lupe Tortilla,Lupe Rewards,https://tex-mex.com/rewards,Yes,,Full Registration,"email, name, phone",Yes,None noted,None noted  
447,Dining,Rosa's Cafe,Rosa's Rewards,https://www.rosascafe.com/rewards.html,Yes,,Full Registration,"email, name, phone",Yes,None noted,None noted  
448,Gas,TXB,TXB Rewards,https://txbstores.com/rewards,Yes,,Full Registration,"email, name, phone",Yes,None noted,None noted  
449,Gas,Toot'n Totum,TnT Rewards,https://www.tootntotum.com/rewards,Yes,,Full Registration,"email, name, phone",Yes,None noted,None noted  
450,Gas,Kent Kwik,Kwik Rewards,https://kentkwik.com/kwik-rewards,Yes,,Full Registration,"email, name, phone",Yes,None noted,None noted  
451,Gas,Pump N Pantry,Pump Perks,https://pumpnpantry.com/pump-perks,Yes,,Full Registration,"email, name, phone",Yes,None noted,None noted  
452,Gas,Kwik Shop,Kwik Rewards,https://www.kwikshop.com/rewards,Yes,,Full Registration,"email, name, phone",Yes,None noted,None noted  
453,Gas,Turkey Hill Minit Markets,Turkey Hill Rewards,https://www.turkeyhillstores.com/rewards,Yes,,Full Registration,"email, name, phone",Yes,None noted,None noted  
454,Gas,Stinker Stores,Pete's Perks,https://www.stinker.com/petes-perks,Yes,,Full Registration,"email, name, phone",Yes,None noted,None noted  
455,Gas,Terrible Herbst,Terrible's Social House,https://www.terribles.com/social-house,Yes,,Full Registration,"email, name, phone",Yes,None noted,None noted  
456,Gas,Rebel Convenience Stores,REBEL Rewards,https://rebelstores.com/rewards,Yes,,Full Registration,"email, name, phone",Yes,None noted,None noted  
457,Catalog,Blair,Blair Credit/Rewards,https://www.blair.com/credit,Yes,Soft pull for catalog pre-approval,Credit Pre-Qual,"email, name, address, SSN-last-4",Partial,None noted,SSN required; soft pull only  
458,Catalog,Haband,Haband Credit,https://www.haband.com/credit,Yes,Connected to Blair network,Full Registration,"email, name, phone",Yes,None noted,None noted  
459,Catalog,Appleseed's,Appleseed's Credit,https://www.appleseeds.com/credit,Yes,Connected to Blair network,Full Registration,"email, name, phone",Yes,None noted,None noted  
460,Catalog,Draper's & Damon's,Draper's Credit,https://www.drapers.com/credit,Yes,Connected to Blair network,Full Registration,"email, name, phone",Yes,None noted,None noted  
461,Catalog,Stoneberry,Stoneberry Credit,https://www.stoneberry.com/credit,Yes,Soft pull to check eligibility,Full Registration,"email, name, phone",Yes,None noted,None noted  
462,Catalog,Masseys,Masseys Credit,https://www.masseys.com/credit,Yes,Connected to Stoneberry network,Full Registration,"email, name, phone",Yes,None noted,None noted  
463,Catalog,Mason Easy-Pay,Mason Credit,https://www.masoneasypay.com/credit,Yes,Connected to Stoneberry network,Full Registration,"email, name, phone",Yes,None noted,None noted  
464,Catalog,K. Jordan,K. Jordan Credit,https://www.kjordan.com/credit,Yes,Connected to Stoneberry network,Full Registration,"email, name, phone",Yes,None noted,None noted  
465,Catalog,Fifth Glamour,Fifth Glamour Credit,https://www.fifthglamour.com/credit,Yes,Connected to Stoneberry network,Full Registration,"email, name, phone",Yes,None noted,None noted  
466,Catalog,Ginny's,Ginny's Credit,https://www.ginnys.com/credit,Yes,Connected to Swiss Colony network,Full Registration,"email, name, phone",Yes,None noted,None noted  
467,Catalog,Carol Wright Gifts,Email Club,https://www.carolwright.com/email-signup,Yes,,Full Registration,"email, name, phone",Yes,None noted,None noted  
468,Catalog,Dr. Leonard's,Email Club,https://www.drleonards.com/email-signup,Yes,,Full Registration,"email, name, phone",Yes,None noted,None noted  
469,Catalog,Lillian Vernon,Email Club,https://www.lillianvernon.com/email-signup,Yes,,Full Registration,"email, name, phone",Yes,None noted,None noted  
470,Catalog,The Popcorn Factory,Celebrations Passport,https://www.thepopcornfactory.com/passport,No,$29.99/yr,Paid Subscription,"email, name, payment info",No,None noted,Payment required  
471,Catalog,Cheryl's Cookies,Celebrations Passport,https://www.cheryls.com/passport,No,Connects to 1-800-Flowers,Paid Subscription,"email, name, payment info",No,None noted,Payment required  
472,Catalog,Stock Yards,Celebrations Passport,https://www.stockyards.com/passport,No,Connects to 1-800-Flowers,Paid Subscription,"email, name, payment info",No,None noted,Payment required  
473,Catalog,Wolferman's Bakery,Celebrations Passport,https://www.wolfermans.com/passport,No,Connects to 1-800-Flowers,Paid Subscription,"email, name, payment info",No,None noted,Payment required  
474,Catalog,Simply Chocolate,Celebrations Passport,https://www.simplychocolate.com/passport,No,Connects to 1-800-Flowers,Paid Subscription,"email, name, payment info",No,None noted,Payment required  
475,Catalog,Personalization Mall,Celebrations Passport,https://www.personalizationmall.com/passport,No,Connects to 1-800-Flowers,Paid Subscription,"email, name, payment info",No,None noted,Payment required  
476,Grocery,Shipt,Shipt Everyday,https://www.shipt.com/register,Yes,Delivery network,Full Registration,"email, name, phone",Yes,None noted,None noted  
477,Grocery,Instacart,Instacart+,https://www.instacart.com/store/instacart-plus,No,Subscription tier,Paid Subscription,"email, name, payment info",No,None noted,Payment required  
478,Grocery,FreshDirect,DeliveryPass,https://www.freshdirect.com/deliverypass,No,Grocery delivery subscription,Paid Subscription,"email, name, payment info",No,None noted,Payment required  
479,Grocery,Peapod/Stop & Shop,GO Pass,https://stopandshop.com/gopass,No,Unlimited delivery subscription,Paid Subscription,"email, name, payment info",No,None noted,Payment required  
480,Grocery,Thrive Market,Thrive Membership,https://thrivemarket.com/register,No,Paid subscription; wholesale pricing,Paid Subscription,"email, name, payment info",No,None noted,Payment required  
481,Grocery,Misfits Market,Misfits Perks,https://www.misfitsmarket.com/rewards,Yes,,Full Registration,"email, name, phone",Yes,None noted,None noted  
482,Grocery,Imperfect Foods,Imperfect Perks,https://www.imperfectfoods.com/rewards,Yes,Connected to Misfits Market,Full Registration,"email, name, phone",Yes,None noted,None noted  
483,Grocery,Boxed,Boxed Up,https://www.boxed.com/boxedup,No,Bulk goods subscription,Paid Subscription,"email, name, payment info",No,None noted,Payment required  
484,Grocery,Weee\!,Weee\! Points,https://www.sayweee.com/en/account/register,Yes,,Full Registration,"email, name, phone",Yes,None noted,None noted  
485,Grocery,Super 1 Foods,Super 1 Rewards,https://www.super1foods.com/rewards,Yes,Brookshire's subsidiary,Full Registration,"email, name, phone",Yes,None noted,None noted  
486,Grocery,Fresh 15,Fresh 15 Rewards,https://www.fresh15.com/rewards,Yes,,Full Registration,"email, name, phone",Yes,None noted,None noted  
487,Grocery,Sellers Bros.,Sellers App,https://www.sellersbros.com/app,Yes,,Full Registration,"email, name, phone",Yes,None noted,None noted  
488,Grocery,Food Town,Food Town App,https://www.yourfoodtown.com/app,Yes,,Full Registration,"email, name, phone",Yes,None noted,None noted  
489,Grocery,Lowe's Market,Lowe's Rewards,https://lowesmarket.com/rewards,Yes,,Full Registration,"email, name, phone",Yes,None noted,None noted  
490,Grocery,Arlan's Market,Arlan's Rewards,https://arlansmarket.com/rewards,Yes,,Full Registration,"email, name, phone",Yes,None noted,None noted  
491,Dining,B\&B Butchers,Berg Hospitality Rewards,https://www.berghospitality.com/rewards,Yes,,Full Registration,"email, name, phone",Yes,None noted,None noted  
492,Catalog,Kansas City Steaks,KC Steaks Rewards,https://www.kansascitysteaks.com/rewards,Yes,,Full Registration,"email, name, phone",Yes,None noted,None noted  
493,Pharmacy,GoodRx,GoodRx Gold,https://www.goodrx.com/gold,No,Subscription for Rx discounts,Paid Subscription,"email, name, payment info",No,None noted,Payment required  
494,Pharmacy,SingleCare,SingleCare Member,https://www.singlecare.com/signup,Yes,,Full Registration,"email, name, phone",Yes,None noted,None noted  
495,Pharmacy,Blink Health,Blink Account,https://www.blinkhealth.com/register,Yes,,Full Registration,"email, name, phone",Yes,None noted,None noted  
496,Pharmacy,Optum Store,Optum Perks,https://perks.optum.com,Yes,,Full Registration,"email, name, phone",Yes,None noted,None noted  
497,Pharmacy,Kroger Health,Kroger Rx Savings Club,https://www.krogersc.com,No,Paid tier,Paid Subscription,"email, name, payment info",No,None noted,Payment required  
498,Pharmacy,Costco Pharmacy,CMPP,https://www.costco.com/cmpp,No,Requires Costco membership,Paid Subscription,"email, name, payment info",No,None noted,Payment required  
499,Pharmacy,Sam's Club Pharmacy,Sam's Club Plus Rx,https://www.samsclub.com/pharmacy,No,Requires Plus Membership,Paid Subscription,"email, name, payment info",No,None noted,Payment required  
500,Pharmacy,Walmart Pharmacy,Walmart+ Rx for Less,https://www.walmart.com/plus,No,Requires Walmart+ subscription,Paid Subscription,"email, name, payment info",No,None noted,Payment required  
501,Pharmacy,CVS Caremark,Caremark Account,https://www.caremark.com/register,Yes,Mail order pharmacy,Full Registration,"email, name, phone",Yes,None noted,None noted  
502,Pharmacy,Express Scripts,Express Scripts Account,https://www.express-scripts.com/register,Yes,Mail order pharmacy,Full Registration,"email, name, phone",Yes,None noted,None noted  
503,Pharmacy,PillPack,Amazon Pharmacy Account,https://pharmacy.amazon.com,Yes,Syncs with Prime,Full Registration,"email, name, phone",Yes,None noted,None noted  
504,Dining,Biggby Coffee,Biggby Nation,https://www.biggby.com/biggby-nation,Yes,,Full Registration,"email, name, phone",Yes,None noted,None noted  
505,Dining,Dunn Brothers Coffee,Dunn Brothers Rewards,https://dunnbrothers.com/rewards,Yes,,Full Registration,"email, name, phone",Yes,None noted,None noted  
506,Dining,Scooter's Coffee,Scooter's Coffee Smiles,https://www.scooterscoffee.com/smiles,Yes,,Full Registration,"email, name, phone",Yes,None noted,None noted  
507,Dining,The Human Bean,Human Bean Rewards,https://thehumanbean.com/rewards,Yes,,Full Registration,"email, name, phone",Yes,None noted,None noted  
508,Dining,Ziggi's Coffee,Ziggi's Rewards,https://www.ziggiscoffee.com/rewards,Yes,,Full Registration,"email, name, phone",Yes,None noted,None noted  
509,Dining,Black Rock Coffee Bar,Black Rock Rewards,https://br.coffee/pages/rewards,Yes,,Full Registration,"email, name, phone",Yes,None noted,None noted  
510,Dining,PJ's Coffee,PJ's Stars,https://www.pjscoffee.com/rewards,Yes,,Full Registration,"email, name, phone",Yes,None noted,None noted  
511,Dining,CC's Coffee House,CC's Rewards,https://www.ccscoffee.com/rewards,Yes,,Full Registration,"email, name, phone",Yes,None noted,None noted  
512,Dining,Port City Java,PCJ Rewards,https://www.portcityjava.com/rewards,Yes,,Full Registration,"email, name, phone",Yes,None noted,None noted  
513,Dining,It's A Grind Coffee House,It's A Grind Rewards,https://www.itsagrind.com/rewards,Yes,,Full Registration,"email, name, phone",Yes,None noted,None noted  
514,Dining,Gloria Jean's Coffees,Gloria Jean's Rewards,https://www.gloriajeans.com/rewards,Yes,,Full Registration,"email, name, phone",Yes,None noted,None noted  
515,Dining,The Coffee Bean & Tea Leaf,Coffee Bean Rewards,https://www.coffeebean.com/rewards,Yes,,Full Registration,"email, name, phone",Yes,None noted,None noted  
516,Dining,Paris Baguette,PB Rewards,https://www.parisbaguette.com/rewards,Yes,,Full Registration,"email, name, phone",Yes,None noted,None noted  
517,Dining,Tous Les Jours,TLJ Rewards,https://www.tljus.com/rewards,Yes,,Full Registration,"email, name, phone",Yes,None noted,None noted  
518,Dining,85 Degrees C Bakery Cafe,85C Rewards,https://www.85cbakerycafe.com/rewards,Yes,,Full Registration,"email, name, phone",Yes,None noted,None noted  
519,Dining,Le Macaron,Le Macaron Rewards,https://lemacaron-us.com/rewards,Yes,,Full Registration,"email, name, phone",Yes,None noted,None noted  
520,Dining,Nothing Bundt Cakes,Bundtlet Club,https://www.nothingbundtcakes.com/bundtlet-club,Yes,,Full Registration,"email, name, phone",Yes,None noted,None noted  
521,Dining,Great Harvest Bread Co.,Great Harvest Rewards,https://www.greatharvest.com/rewards,Yes,,Full Registration,"email, name, phone",Yes,None noted,None noted  
522,Dining,Panera Bread (Sip Club),Unlimited Sip Club,https://www.panerabread.com/en-us/articles/unlimited-sip-club.html,No,Paid subscription,Paid Subscription,"email, name, payment info",No,None noted,Payment required  
523,Dining,Wetzel's Pretzels,Wetzel's Rewards,https://www.wetzels.com/rewards,Yes,,Full Registration,"email, name, phone",Yes,None noted,None noted  
524,Dining,Pretzelmaker,Pretzelmaker Rewards,https://www.pretzelmaker.com/rewards,Yes,,Full Registration,"email, name, phone",Yes,None noted,None noted  
525,Dining,Philly Pretzel Factory,Philly Pretzel Rewards,https://phillypretzelfactory.com/rewards,Yes,,Full Registration,"email, name, phone",Yes,None noted,None noted  
526,Dining,Insomnia Cookies,Insomnia Rewards,https://insomniacookies.com/rewards,Yes,,Full Registration,"email, name, phone",Yes,None noted,None noted  
527,Dining,Crumbl Cookies,Crumbl Rewards,https://crumblcookies.com/rewards,Yes,,Full Registration,"email, name, phone",Yes,None noted,None noted  
528,Dining,Milk Bar,Milk Bar Rewards,https://milkbarstore.com/pages/rewards,Yes,,Full Registration,"email, name, phone",Yes,None noted,None noted  
529,Dining,Sprinkles Cupcakes,Sprinkles Rewards,https://www.sprinkles.com/rewards,Yes,,Full Registration,"email, name, phone",Yes,None noted,None noted  
530,Dining,Gigi's Cupcakes,Gigi's Rewards,https://gigiscupcakes.com/rewards,Yes,,Full Registration,"email, name, phone",Yes,None noted,None noted  
531,Dining,Baked by Melissa,Baked by Melissa Rewards,https://www.bakedbymelissa.com/rewards,Yes,,Full Registration,"email, name, phone",Yes,None noted,None noted  
532,Catalog,Edible Arrangements,Edible Rewards,https://www.ediblearrangements.com/rewards,Yes,,Full Registration,"email, name, phone",Yes,None noted,None noted  
533,Catalog,Fannie May,Fannie May Rewards,https://www.fanniemay.com/rewards,Yes,,Full Registration,"email, name, phone",Yes,None noted,None noted  
534,Catalog,See's Candies,See's Candies Rewards,https://www.sees.com/rewards,Yes,,Full Registration,"email, name, phone",Yes,None noted,None noted  
535,Catalog,Godiva,Godiva Rewards,https://www.godiva.com/rewards,Yes,,Full Registration,"email, name, phone",Yes,None noted,None noted  
536,Catalog,Ghirardelli,Ghirardelli Rewards,https://www.ghirardelli.com/rewards,Yes,,Full Registration,"email, name, phone",Yes,None noted,None noted  
537,Catalog,Lindt,Lindt Rewards,https://www.lindtusa.com/rewards,Yes,,Full Registration,"email, name, phone",Yes,None noted,None noted  
538,Catalog,Rocky Mountain Chocolate Factory,RMCF Rewards,https://www.rmcf.com/rewards,Yes,,Full Registration,"email, name, phone",Yes,None noted,None noted  
539,Catalog,Kilwins,Kilwins Rewards,https://www.kilwins.com/rewards,Yes,,Full Registration,"email, name, phone",Yes,None noted,None noted  
540,Catalog,Candy Warehouse,Candy Warehouse Rewards,https://www.candywarehouse.com/rewards,Yes,,Full Registration,"email, name, phone",Yes,None noted,None noted  
541,Dept Store,Lowe's,MyLowe's Rewards,https://www.lowes.com/mylowes,Yes,,Full Registration,"email, name, phone",Yes,None noted,None noted  
542,Dept Store,Home Depot,Pro Xtra,https://www.homedepot.com/c/pro_xtra,Yes,,Full Registration,"email, name, phone",Yes,None noted,None noted  
543,Dept Store,Menards,Menards Big Card,https://www.menards.com/main/menards-big-card.html,No,Requires credit card,Paid Subscription,"email, name, payment info",No,None noted,Payment required  
544,Dept Store,Ace Hardware,Ace Rewards,https://www.acehardware.com/rewards,Yes,,Full Registration,"email, name, phone",Yes,None noted,None noted  
545,Dept Store,True Value,True Value Rewards,https://www.truevalue.com/rewards,Yes,,Full Registration,"email, name, phone",Yes,None noted,None noted  
546,Dept Store,Do it Best,Do it Best Rewards,https://www.doitbest.com/rewards,Yes,,Full Registration,"email, name, phone",Yes,None noted,None noted  
547,Dept Store,Harbor Freight,Inside Track Club,https://www.harborfreight.com/insidetrack,No,Paid membership,Paid Subscription,"email, name, payment info",No,None noted,Payment required  
548,Dept Store,Tractor Supply Co.,Neighbor's Club,https://www.tractorsupply.com/tsc/cms/neighbors-club,Yes,,Full Registration,"email, name, phone",Yes,None noted,None noted  
549,Dept Store,Rural King,Rural King Rewards,https://www.ruralking.com/rewards,Yes,,Full Registration,"email, name, phone",Yes,None noted,None noted  
550,Dept Store,Atwoods Ranch & Home,Atwoods Rewards,https://www.atwoods.com/rewards,Yes,,Full Registration,"email, name, phone",Yes,None noted,None noted  
551,Dept Store,Orscheln Farm & Home,Orscheln Rewards,https://www.orscheln.com/rewards,Yes,,Full Registration,"email, name, phone",Yes,None noted,None noted  
552,Dept Store,Bomgaars,Bomgaars Rewards,https://www.bomgaars.com/rewards,Yes,,Full Registration,"email, name, phone",Yes,None noted,None noted  
553,Dept Store,Runnings,Runnings Rewards,https://www.runnings.com/rewards,Yes,,Full Registration,"email, name, phone",Yes,None noted,None noted  
554,Dept Store,Fleet Farm,Fleet Farm Rewards,https://www.fleetfarm.com/rewards,Yes,,Full Registration,"email, name, phone",Yes,None noted,None noted  
555,Catalog,Sportsman's Warehouse,Sportsman's Rewards,https://www.sportsmanswarehouse.com/rewards,Yes,,Full Registration,"email, name, phone",Yes,None noted,None noted  
556,Dept Store,Academy Sports + Outdoors,Academy Wallet,https://www.academy.com/rewards,Yes,,Full Registration,"email, name, phone",Yes,None noted,None noted  
557,Dept Store,Big 5 Sporting Goods,Rewards Card,https://www.big5sportinggoods.com/store/content/rewards,Yes,,Full Registration,"email, name, phone",Yes,None noted,None noted  
558,Dept Store,Hibbett Sports,Hibbett Rewards,https://www.hibbett.com/rewards,Yes,,Full Registration,"email, name, phone",Yes,None noted,None noted  
559,Dept Store,Foot Locker,FLX Rewards,https://www.footlocker.com/flx,Yes,,Full Registration,"email, name, phone",Yes,None noted,None noted  
560,Dept Store,Finish Line,Winner's Circle,https://www.finishline.com/store/content/winnerscircle,Yes,,Full Registration,"email, name, phone",Yes,None noted,None noted  
561,Dept Store,Champs Sports,FLX Rewards,https://www.champssports.com/flx,Yes,Connected to Foot Locker,Full Registration,"email, name, phone",Yes,None noted,None noted  
562,Dept Store,Kids Foot Locker,FLX Rewards,https://www.kidsfootlocker.com/flx,Yes,Connected to Foot Locker,Full Registration,"email, name, phone",Yes,None noted,None noted  
563,Dept Store,DSW,DSW VIP,https://www.dsw.com/en/us/vip,Yes,,Full Registration,"email, name, phone",Yes,None noted,None noted  
564,Dept Store,Famous Footwear,Rewards,https://www.famousfootwear.com/en-US/rewards,Yes,,Full Registration,"email, name, phone",Yes,None noted,None noted  
565,Dept Store,Shoe Carnival,Shoe Perks,https://www.shoecarnival.com/shoe-perks,Yes,,Full Registration,"email, name, phone",Yes,None noted,None noted  
566,Dept Store,Rack Room Shoes,Rack Room Rewards,https://www.rackroomshoes.com/rewards,Yes,,Full Registration,"email, name, phone",Yes,None noted,None noted  
567,Dept Store,Payless ShoeSource,Payless Rewards,https://www.payless.com/rewards,Yes,,Full Registration,"email, name, phone",Yes,None noted,None noted  
568,Dept Store,Journeys,Journeys J-Card,https://www.journeys.com/jcard,Yes,,Full Registration,"email, name, phone",Yes,None noted,None noted  
569,Dept Store,Shoe Dept.,Shoe Dept. Encore,https://www.shoedept.com/encore,Yes,,Full Registration,"email, name, phone",Yes,None noted,None noted  
570,Catalog,Steve Madden,SM Rewards,https://www.stevemadden.com/pages/rewards,Yes,,Full Registration,"email, name, phone",Yes,None noted,None noted  
571,Catalog,ALDO,ALDO Crew,https://www.aldoshoes.com/us/en_US/aldocrew,Yes,,Full Registration,"email, name, phone",Yes,None noted,None noted  
572,Catalog,Nine West,Nine West Rewards,https://www.ninewest.com/rewards,Yes,,Full Registration,"email, name, phone",Yes,None noted,None noted  
573,Catalog,Naturalizer,Naturalizer Rewards,https://www.naturalizer.com/rewards,Yes,,Full Registration,"email, name, phone",Yes,None noted,None noted  
574,Catalog,Clarks,Clarks Rewards,https://www.clarksusa.com/rewards,Yes,,Full Registration,"email, name, phone",Yes,None noted,None noted  
575,Catalog,Skechers,Skechers Elite,https://www.skechers.com/elite,Yes,,Full Registration,"email, name, phone",Yes,None noted,None noted  
576,Catalog,New Balance,NB Rewards,https://www.newbalance.com/rewards,Yes,,Full Registration,"email, name, phone",Yes,None noted,None noted  
577,Catalog,Brooks Running,Brooks Run Club,https://www.brooksrunning.com/en_us/run-club,Yes,,Full Registration,"email, name, phone",Yes,None noted,None noted  
578,Catalog,ASICS,ASICS OneASICS,https://www.asics.com/us/en-us/oneasics,Yes,,Full Registration,"email, name, phone",Yes,None noted,None noted  
579,Catalog,Hoka,Hoka Rewards,https://www.hoka.com/en/us/rewards,Yes,,Full Registration,"email, name, phone",Yes,None noted,None noted  
580,Catalog,On Running,On Rewards,https://www.on-running.com/en-us/rewards,Yes,,Full Registration,"email, name, phone",Yes,None noted,None noted  
581,Catalog,Merrell,Merrell Rewards,https://www.merrell.com/US/en/rewards,Yes,,Full Registration,"email, name, phone",Yes,None noted,None noted  
582,Catalog,Columbia Sportswear,Greater Rewards,https://www.columbia.com/greater-rewards,Yes,,Full Registration,"email, name, phone",Yes,None noted,None noted  
583,Catalog,The North Face,XPLR Pass,https://www.thenorthface.com/en-us/xplr-pass,Yes,,Full Registration,"email, name, phone",Yes,None noted,None noted  
584,Catalog,Patagonia,Patagonia Account,https://www.patagonia.com/account/register,Yes,No formal points; repair/trade-in,Full Registration,"email, name, phone",Yes,Bonus points on signup,None noted  
585,Catalog,Arc'teryx,Arc'teryx Rewards,https://arcteryx.com/us/en/rewards,Yes,,Full Registration,"email, name, phone",Yes,None noted,None noted  
586,Catalog,Marmot,Marmot Rewards,https://www.marmot.com/rewards,Yes,,Full Registration,"email, name, phone",Yes,None noted,None noted  
587,Catalog,Osprey,Osprey Rewards,https://www.osprey.com/us/en/rewards,Yes,,Full Registration,"email, name, phone",Yes,None noted,None noted  
588,Catalog,Hydro Flask,Hydro Flask Rewards,https://www.hydroflask.com/rewards,Yes,,Full Registration,"email, name, phone",Yes,None noted,None noted  
589,Catalog,YETI,YETI Rewards,https://www.yeti.com/en_US/rewards,Yes,,Full Registration,"email, name, phone",Yes,None noted,None noted  
590,Catalog,Igloo,Igloo Rewards,https://www.igloocoolers.com/rewards,Yes,,Full Registration,"email, name, phone",Yes,None noted,None noted  
591,Catalog,Traeger Grills,Traeger Rewards,https://www.traeger.com/rewards,Yes,,Full Registration,"email, name, phone",Yes,None noted,None noted  
592,Catalog,Weber Grills,Weber Rewards,https://www.weber.com/US/en/rewards,Yes,,Full Registration,"email, name, phone",Yes,None noted,None noted  
593,Catalog,Char-Broil,Char-Broil Rewards,https://www.charbroil.com/rewards,Yes,,Full Registration,"email, name, phone",Yes,None noted,None noted  
594,Catalog,Pit Boss Grills,Pit Boss Rewards,https://pitboss-grills.com/rewards,Yes,,Full Registration,"email, name, phone",Yes,None noted,None noted  
595,Catalog,Camp Chef,Camp Chef Rewards,https://www.campchef.com/rewards,Yes,,Full Registration,"email, name, phone",Yes,None noted,None noted  
596,Catalog,Lodge Cast Iron,Lodge Rewards,https://www.lodgecastiron.com/rewards,Yes,,Full Registration,"email, name, phone",Yes,None noted,None noted  
597,Catalog,Le Creuset,Le Creuset Rewards,https://www.lecreuset.com/rewards,Yes,,Full Registration,"email, name, phone",Yes,None noted,None noted  
598,Catalog,All-Clad,All-Clad Rewards,https://www.all-clad.com/rewards,Yes,,Full Registration,"email, name, phone",Yes,None noted,None noted  
599,Catalog,KitchenAid,KitchenAid Rewards,https://www.kitchenaid.com/rewards,Yes,,Full Registration,"email, name, phone",Yes,None noted,None noted  
600,Catalog,Vitamix,Vitamix Rewards,https://www.vitamix.com/us/en_us/rewards,Yes,,Full Registration,"email, name, phone",Yes,None noted,None noted  
601,Catalog,Instant Pot,Instant Pot Rewards,https://www.instantpot.com/rewards,Yes,,Full Registration,"email, name, phone",Yes,None noted,None noted  
602,Catalog,Ninja,Ninja Rewards,https://www.ninjakitchen.com/rewards,Yes,,Full Registration,"email, name, phone",Yes,None noted,None noted  
603,Catalog,Cuisinart,Cuisinart Rewards,https://www.cuisinart.com/rewards,Yes,,Full Registration,"email, name, phone",Yes,None noted,None noted  
604,Catalog,Breville,Breville Rewards,https://www.breville.com/us/en/rewards,Yes,,Full Registration,"email, name, phone",Yes,None noted,None noted  
605,Catalog,De'Longhi,De'Longhi Rewards,https://www.delonghi.com/en-us/rewards,Yes,,Full Registration,"email, name, phone",Yes,None noted,None noted  
606,Catalog,Keurig,Keurig Rewards,https://www.keurig.com/rewards,Yes,,Full Registration,"email, name, phone",Yes,None noted,None noted  
607,Catalog,Nespresso,Nespresso & You,https://www.nespresso.com/us/en/rewards,Yes,,Full Registration,"email, name, phone",Yes,None noted,None noted  
608,Catalog,Folgers,Folgers Rewards,https://www.folgers.com/rewards,Yes,,Full Registration,"email, name, phone",Yes,None noted,None noted  
609,Catalog,Maxwell House,Maxwell House Rewards,https://www.maxwellhousecoffee.com/rewards,Yes,,Full Registration,"email, name, phone",Yes,None noted,None noted  
610,Catalog,Green Mountain Coffee,Green Mountain Rewards,https://www.greenmountaincoffee.com/rewards,Yes,,Full Registration,"email, name, phone",Yes,None noted,None noted  
611,Catalog,Chewy,Autoship & Save,https://www.chewy.com/app/content/autoship,Yes,,Full Registration,"email, name, phone",Yes,None noted,None noted  
612,Catalog,Petco,Petco Vital Care,https://www.petco.com/shop/en/petcostore/vital-care,Yes,Free basic tier; paid Premier available,Full Registration,"email, name, phone",Yes,None noted,None noted  
613,Catalog,PetSmart,Treats Rewards,https://www.petsmart.com/treats,Yes,,Full Registration,"email, name, phone",Yes,None noted,None noted  
614,Catalog,Pet Supplies Plus,Pals Rewards,https://www.petsuppliesplus.com/pals-rewards,Yes,,Full Registration,"email, name, phone",Yes,None noted,None noted  
615,Catalog,1-800-PetMeds,AutoShip,https://www.1800petmeds.com/autoship,Yes,,Full Registration,"email, name, phone",Yes,None noted,None noted  
616,Catalog,Doctors Foster and Smith,Email Club,https://www.drsfostersmith.com/email-signup,Yes,,Full Registration,"email, name, phone",Yes,None noted,None noted  
617,Catalog,Petflow,Petflow AutoShip,https://www.petflow.com/autoship,Yes,,Full Registration,"email, name, phone",Yes,None noted,None noted  
618,Catalog,Only Natural Pet,Loyalty Rewards,https://www.onlynaturalpet.com/rewards,Yes,,Full Registration,"email, name, phone",Yes,None noted,None noted  
619,Catalog,Ollie,Ollie Rewards,https://www.myollie.com/rewards,Yes,,Full Registration,"email, name, phone",Yes,None noted,None noted  
620,Catalog,The Farmer's Dog,Referral Program,https://www.thefarmersdog.com/refer,Yes,,Full Registration,"email, name, phone",Yes,None noted,None noted  
621,Catalog,Nom Nom,Nom Nom Rewards,https://www.nomnomnow.com/rewards,Yes,,Full Registration,"email, name, phone",Yes,None noted,None noted  
622,Catalog,Spot & Tango,Spot & Tango Rewards,https://www.spotandtango.com/rewards,Yes,,Full Registration,"email, name, phone",Yes,None noted,None noted  
623,Catalog,Jinx,Jinx Rewards,https://www.jinx.com/rewards,Yes,,Full Registration,"email, name, phone",Yes,None noted,None noted  
624,Catalog,BarkBox,BarkBox Subscription,https://www.barkbox.com/subscribe,No,Subscription model,Paid Subscription,"email, name, payment info",No,None noted,Payment required  
625,Catalog,KitNipBox,KitNipBox Subscription,https://www.kitnipbox.com/subscribe,No,Subscription model,Paid Subscription,"email, name, payment info",No,None noted,Payment required  
626,Catalog,PupBox,PupBox Subscription,https://www.pupbox.com/subscribe,No,Subscription model,Paid Subscription,"email, name, payment info",No,None noted,Payment required  
627,Dept Store,Walmart,Walmart Rewards,https://www.walmart.com/rewards,Yes,Separate from Walmart+,Paid Subscription,"email, name, payment info",No,None noted,Payment required  
628,Dept Store,Sam's Club,Sam's Cash,https://www.samsclub.com/samscash,No,Requires membership,Paid Subscription,"email, name, payment info",No,None noted,Payment required  
629,Dept Store,Costco,Executive Membership,https://www.costco.com/join-costco.html,No,Paid membership; 2% reward,Paid Subscription,"email, name, payment info",No,None noted,Payment required  
630,Dept Store,BJ's Wholesale Club,BJ's Perks Rewards,https://www.bjs.com/perks,No,Requires membership,Paid Subscription,"email, name, payment info",No,None noted,Payment required  
631,Dept Store,Dollar General,myDG Rewards,https://www.dollargeneral.com/mydg,Yes,,Full Registration,"email, name, phone",Yes,None noted,None noted  
632,Dept Store,Dollar Tree,Dollar Tree Plus,https://www.dollartree.com/plus,Yes,,Full Registration,"email, name, phone",Yes,None noted,None noted  
633,Dept Store,Family Dollar,Smart Coupons,https://www.familydollar.com/smart-coupons,Yes,,Full Registration,"email, name, phone",Yes,None noted,None noted  
634,Dept Store,Five Below,Five Below Rewards,https://www.fivebelow.com/rewards,Yes,,Full Registration,"email, name, phone",Yes,None noted,None noted  
635,Dept Store,Big Lots,BIG Rewards,https://www.biglots.com/rewards,Yes,,Full Registration,"email, name, phone",Yes,None noted,None noted  
636,Dept Store,Tuesday Morning,Tuesday Morning Rewards,https://www.tuesdaymorning.com/rewards,Yes,,Full Registration,"email, name, phone",Yes,None noted,None noted  
637,Dept Store,TJ Maxx,TJX Rewards,https://www.tjmaxx.tjx.com/store/jump/topic/tjx-rewards/1500007,No,Requires TJX credit card,Paid Subscription,"email, name, payment info",No,None noted,Payment required  
638,Dept Store,Marshalls,TJX Rewards,https://www.marshalls.com/us/store/jump/topic/tjx-rewards/1500007,No,Requires TJX credit card,Paid Subscription,"email, name, payment info",No,None noted,Payment required  
639,Dept Store,HomeGoods,TJX Rewards,https://www.homegoods.com/us/store/jump/topic/tjx-rewards/1500007,No,Requires TJX credit card,Paid Subscription,"email, name, payment info",No,None noted,Payment required  
640,Dept Store,HomeSense,TJX Rewards,https://www.homesense.com/us/store/jump/topic/tjx-rewards/1500007,No,Requires TJX credit card,Paid Subscription,"email, name, payment info",No,None noted,Payment required  
641,Dept Store,Ross Dress for Less,Ross Rewards,https://www.rossstores.com/rewards,Yes,,Full Registration,"email, name, phone",Yes,None noted,None noted  
642,Dept Store,dd's Discounts,dd's Rewards,https://www.ddsdiscounts.com/rewards,Yes,,Full Registration,"email, name, phone",Yes,None noted,None noted  
643,Dept Store,Stein Mart,Stein Mart Rewards,https://www.steinmart.com/rewards,Yes,,Full Registration,"email, name, phone",Yes,None noted,None noted  
644,Dept Store,Gordmans,Gordmans Rewards,https://www.gordmans.com/rewards,Yes,,Full Registration,"email, name, phone",Yes,None noted,None noted  
645,Dept Store,Bealls,Bealls Rewards,https://www.beallsflorida.com/rewards,Yes,,Full Registration,"email, name, phone",Yes,None noted,None noted  
646,Dept Store,Stage Stores,Stage Rewards,https://www.stagestores.com/rewards,Yes,,Full Registration,"email, name, phone",Yes,None noted,None noted  
647,Dept Store,Cato,Cato Rewards,https://www.catofashions.com/rewards,Yes,,Full Registration,"email, name, phone",Yes,None noted,None noted  
648,Dept Store,Dress Barn,Dress Barn Rewards,https://www.dressbarn.com/rewards,Yes,,Full Registration,"email, name, phone",Yes,None noted,None noted  
649,Dept Store,Charming Charlie,Charming Charlie Rewards,https://www.charmingcharlie.com/rewards,Yes,,Full Registration,"email, name, phone",Yes,None noted,None noted  
650,Dept Store,Francesca's,Francesca's Rewards,https://www.francescas.com/rewards,Yes,,Full Registration,"email, name, phone",Yes,None noted,None noted  
651,Dept Store,Maurices,maurices Rewards,https://www.maurices.com/rewards,Yes,,Full Registration,"email, name, phone",Yes,None noted,None noted  
652,Catalog,Talbots,Talbots Rewards,https://www.talbots.com/rewards,Yes,,Full Registration,"email, name, phone",Yes,None noted,None noted  
653,Catalog,Ann Taylor,Ann Taylor Rewards,https://www.anntaylor.com/rewards,Yes,,Full Registration,"email, name, phone",Yes,None noted,None noted  
654,Catalog,LOFT,LOFT Rewards,https://www.loft.com/rewards,Yes,,Full Registration,"email, name, phone",Yes,None noted,None noted  
655,Catalog,J.Jill,J.Jill Rewards,https://www.jjill.com/rewards,Yes,,Full Registration,"email, name, phone",Yes,None noted,None noted  
656,Catalog,Coldwater Creek,Coldwater Creek Rewards,https://www.coldwatercreek.com/rewards,Yes,,Full Registration,"email, name, phone",Yes,None noted,None noted  
657,Catalog,Chadwick's,Chadwick's Rewards,https://www.chadwicks.com/rewards,Yes,,Full Registration,"email, name, phone",Yes,None noted,None noted  
658,Catalog,Roaman's,Roaman's Rewards,https://www.roamans.com/rewards,Yes,,Full Registration,"email, name, phone",Yes,None noted,None noted  
659,Catalog,Woman Within,Woman Within Rewards,https://www.womanwithin.com/rewards,Yes,,Full Registration,"email, name, phone",Yes,None noted,None noted  
660,Catalog,Jessica London,Jessica London Rewards,https://www.jessicalondon.com/rewards,Yes,,Full Registration,"email, name, phone",Yes,None noted,None noted  
661,Catalog,Catherine's,Catherine's Rewards,https://www.catherines.com/rewards,Yes,,Full Registration,"email, name, phone",Yes,None noted,None noted  
662,Grocery,El Rio Grande Latin Market,El Rio App,https://elriogrande.net/app,Yes,,Full Registration,"email, name, phone",Yes,None noted,None noted  
663,Gas,Casey's General Store,Casey's Rewards,https://www.caseys.com/register,Yes,,Full Registration,"email, name, phone",Yes,None noted,None noted  
664,Gas,QuikTrip,QT Rewards,https://www.quiktrip.com/qt-rewards,Yes,,Full Registration,"email, name, phone",Yes,None noted,None noted  
665,Gas,Kum & Go,\&Rewards,https://www.kumandgo.com/rewards/signup,Yes,,Full Registration,"email, name, phone",Yes,None noted,None noted  
666,Gas,Maverik,Adventure Club,https://maverik.com/register,Yes,,Full Registration,"email, name, phone",Yes,None noted,None noted  
667,Gas,Murphy USA,Murphy Drive Rewards,https://www.murphydriverewards.com/signup,Yes,,Full Registration,"email, name, phone",Yes,None noted,None noted  
668,Gas,Love's Travel Stops,My Love Rewards,https://www.loves.com/en/my-love-rewards/register,Yes,,Full Registration,"email, name, phone",Yes,None noted,None noted  
669,Gas,Pilot Flying J,myRewards Plus,https://myrewards.pilotflyingj.com/register,Yes,,Full Registration,"email, name, phone",Yes,None noted,None noted  
670,Gas,Sunoco,Sunoco Go Rewards,https://www.sunoco.com/go-rewards/sign-up,Yes,,Full Registration,"email, name, phone",Yes,None noted,None noted  
671,Gas,Valero,Valero Pay+,https://www.valero.com/en-us/valeropayplus,Yes,,Full Registration,"email, name, phone",Yes,None noted,None noted  
672,Gas,Wawa,Wawa Rewards,https://www.wawa.com/register,Yes,,Full Registration,"email, name, phone",Yes,None noted,None noted  
673,Gas,Sheetz,My Sheetz Rewardz,https://www.sheetz.com/register,Yes,,Full Registration,"email, name, phone",Yes,None noted,None noted  
674,Grocery,Sprouts Farmers Market,Sprouts App,https://www.sprouts.com/app,Yes,,Full Registration,"email, name, phone",Yes,None noted,None noted  
675,Grocery,Natural Grocers,{N}power,https://www.naturalgrocers.com/npower,Yes,,Full Registration,"email, name, phone",Yes,None noted,None noted  
676,Grocery,Earth Fare,Earth Fare Rewards,https://www.earthfare.com/rewards,Yes,,Full Registration,"email, name, phone",Yes,None noted,None noted  
677,Grocery,Lucky's Market,Lucky's Rewards,https://luckysmarket.com/rewards,Yes,,Full Registration,"email, name, phone",Yes,None noted,None noted  
678,Grocery,Winn-Dixie,SE Grocers Rewards,https://www.winndixie.com/rewards,Yes,,Full Registration,"email, name, phone",Yes,None noted,None noted  
679,Grocery,BI-LO,SE Grocers Rewards,https://www.bi-lo.com/rewards,Yes,,Full Registration,"email, name, phone",Yes,None noted,None noted  
680,Grocery,Harveys Supermarket,SE Grocers Rewards,https://www.harveyssupermarkets.com/rewards,Yes,,Full Registration,"email, name, phone",Yes,None noted,None noted  
681,Catalog,Restoration Hardware,RH Members Program,https://rh.com/us/en/members-program,No,Paid subscription; 25% savings,Paid Subscription,"email, name, payment info",No,None noted,Payment required  
682,Catalog,Ballard Designs,Ballard Rewards,https://www.ballarddesigns.com/credit-card,No,Requires credit card,Paid Subscription,"email, name, payment info",No,None noted,Payment required  
683,Free Samples & Rebates,Influenster,Influenster Community,https://www.influenster.com,Yes,Requires social media,Full Registration,"email, name, phone",Yes,None noted,None noted  
684,Free Samples & Rebates,BzzAgent,BzzAgent Panel,https://www.bzzagent.com,Yes,Receive products for reviews,Full Registration,"email, name, phone",Yes,None noted,None noted  
685,Free Samples & Rebates,PINCHme,PINCHme Sample Club,https://www.pinchme.com,Yes,Earn points for samples,Full Registration,"email, name, phone",Yes,Bonus points on signup,None noted  
686,Free Samples & Rebates,Home Tester Club,Home Tester Club,https://www.hometesterclub.com,Yes,Product testing,Full Registration,"email, name, phone",Yes,None noted,None noted  
687,Free Samples & Rebates,SampleSource,SampleSource,https://www.samplesource.com,Yes,Household samples,Full Registration,"email, name, phone",Yes,None noted,None noted  
688,Free Samples & Rebates,Crowdtap,Crowdtap Influencer,https://www.crowdtap.com,Yes,Opinions for rewards,Full Registration,"email, name, phone",Yes,None noted,None noted  
689,Free Samples & Rebates,Smiley360,Smiley360,https://www.smiley360.com,Yes,Sampling campaigns,Full Registration,"email, name, phone",Yes,None noted,None noted  
690,Free Samples & Rebates,Vocalpoint,Vocalpoint,https://www.vocalpoint.com,Yes,Mom-focused,Full Registration,"email, name, phone",Yes,None noted,None noted  
691,Free Samples & Rebates,P\&G Good Everyday,P\&G Good Everyday,https://www.pggodeveryday.com,Yes,Points for scans,Full Registration,"email, name, phone",Yes,Bonus points on signup,None noted  
692,Free Samples & Rebates,MomSelect,MomSelect Community,https://www.momselect.com,Yes,Samples for moms,Full Registration,"email, name, phone",Yes,None noted,None noted  
693,Free Samples & Rebates,SheSpeaks,SheSpeaks Influencer,https://www.shespeaks.com,Yes,Women testers,Full Registration,"email, name, phone",Yes,None noted,None noted  
694,Free Samples & Rebates,The Pink Panel,The Pink Panel,https://www.pinkpanel.com,Yes,Beauty testing,Full Registration,"email, name, phone",Yes,None noted,None noted  
695,Free Samples & Rebates,Trybe,Trybe Rewards,https://www.trybe.com,Yes,Activity rewards,Full Registration,"email, name, phone",Yes,None noted,None noted  
696,Free Samples & Rebates,Nielsen,Nielsen Consumer Panel,https://consumerviews.nielsen.com,Yes,Scanner rewards,Full Registration,"email, name, phone",Yes,None noted,None noted  
697,Free Samples & Rebates,National Consumer Panel,NCP Panel,https://www.nationalconsumerpanel.com,Yes,Receipt scanning,Full Registration,"email, name, phone",Yes,None noted,None noted  
698,Free Samples & Rebates,Shopkick,Shopkick Rewards,https://www.shopkick.com,Yes,Earn kicks,Full Registration,"email, name, phone",Yes,None noted,None noted  
699,Free Samples & Rebates,Ibotta,Ibotta Cash Back,https://ibotta.com,Yes,Receipt rebates,Full Registration,"email, name, phone",Yes,None noted,None noted  
700,Free Samples & Rebates,Fetch Rewards,Fetch Rewards,https://www.fetchrewards.com,Yes,Scan receipts,Full Registration,"email, name, phone",Yes,None noted,None noted  
701,Free Samples & Rebates,Receipt Hog,Receipt Hog,https://www.receipthog.com,Yes,Receipt scanning,Full Registration,"email, name, phone",Yes,None noted,None noted  
702,Free Samples & Rebates,Checkout 51,Checkout 51,https://www.checkout51.com,Yes,Rebates,Full Registration,"email, name, phone",Yes,None noted,None noted  
703,Free Samples & Rebates,SavingStar,SavingStar,https://www.savingstar.com,Yes,Grocery rebates,Full Registration,"email, name, phone",Yes,None noted,None noted  
704,Free Samples & Rebates,Coupons.com,Coupons.com,https://www.coupons.com,Yes,Digital coupons,Full Registration,"email, name, phone",Yes,None noted,None noted  
705,Free Samples & Rebates,Rakuten,Rakuten Cash Back,https://www.rakuten.com,Yes,Shopping rebates,Full Registration,"email, name, phone",Yes,None noted,None noted  
706,Free Samples & Rebates,Honey,Honey Gold,https://www.honey.com,Yes,Discount application,Full Registration,"email, name, phone",Yes,Discount on first purchase,None noted  
707,Free Samples & Rebates,TopCashback,TopCashback,https://www.topcashback.com,Yes,Cash back,Full Registration,"email, name, phone",Yes,Cash back on first purchase,None noted  
708,Free Samples & Rebates,BeFrugal,BeFrugal,https://www.befrugal.com,Yes,Cash back,Full Registration,"email, name, phone",Yes,Cash back on first purchase,None noted  
709,Free Samples & Rebates,Giving Assistant,Giving Assistant,https://www.givingassistant.org,Yes,Cash back + charity,Full Registration,"email, name, phone",Yes,Cash back on first purchase,None noted  
710,Free Samples & Rebates,ActiveJunky,ActiveJunky,https://www.activejunky.com,Yes,Military discounts,Full Registration,"email, name, phone",Yes,Discount on first purchase,None noted  
711,Free Samples & Rebates,The Freebie Guy,Freebie Alerts,https://thefreebieguy.com/freebies,Yes,Daily freebies,Full Registration,"email, name, phone",Yes,None noted,None noted  
712,Sweepstakes & Contests,Publishers Clearing House,PCH Sweepstakes,https://www.pch.com/sweepstakes,Yes,Cash prizes,Full Registration,"email, name, phone",Yes,None noted,None noted  
713,Sweepstakes & Contests,PCH,PCH All Sweepstakes,https://www.pch.com/sweepstakes/all-pch-sweeps,Yes,Multiple sweepstakes,Full Registration,"email, name, phone",Yes,None noted,None noted  
714,Sweepstakes & Contests,HGTV,HGTV Sweepstakes,https://www.hgtv.com/sweepstakes,Yes,Home giveaways,Full Registration,"email, name, phone",Yes,None noted,None noted  
715,Sweepstakes & Contests,HGTV,HGTV Dream Home 2026,https://www.hgtv.com/sweepstakes/hgtv-dream-home,Yes,Dec 2025 - Feb 2026,Full Registration,"email, name, phone",Yes,None noted,None noted  
716,Sweepstakes & Contests,HGTV,HGTV Smart Home 2026,https://www.hgtv.com/sweepstakes/hgtv-smart-home,Yes,Starting April 2026,Full Registration,"email, name, phone",Yes,None noted,None noted  
717,Sweepstakes & Contests,AARP,AARP Sweepstakes,https://www.aarp.org/entertainment/sweeps,Yes,Member benefits,Full Registration,"email, name, phone",Yes,None noted,None noted  
718,Sweepstakes & Contests,Contest Girl,Contest Directory,https://www.contestgirl.com,Yes,Sweepstakes aggregator,Full Registration,"email, name, phone",Yes,None noted,None noted  
719,Sweepstakes & Contests,Sweepstakes Advantage,Sweepstakes Database,https://www.sweepsadvantage.com,Yes,Contest listings,Full Registration,"email, name, phone",Yes,None noted,None noted  
720,Sweepstakes & Contests,Sweepstakes Bible,Giveaway Directory,https://www.sweepstakesbible.com,Yes,Verified sweepstakes,Full Registration,"email, name, phone",Yes,None noted,None noted  
721,Sweepstakes & Contests,The Freebie Guy,Instant Win Games,https://thefreebieguy.com/current-list-of-instant-win-games,Yes,Daily updates,Full Registration,"email, name, phone",Yes,None noted,None noted  
722,Soft Pull Credit Cards,Discover,Discover Pre-Approval,https://www.discovercard.com/application/preapproval/initial,Yes,Soft pull only; no credit impact,Credit Pre-Qual,"email, name, address, SSN-last-4",Partial,None noted,SSN required; soft pull only  
723,Soft Pull Credit Cards,Capital One,Capital One Pre-Approval,https://www.capitalone.com/apply/credit-cards/preapprove,Yes,90 second check; soft pull,Credit Pre-Qual,"email, name, address, SSN-last-4",Partial,None noted,SSN required; soft pull only  
724,Soft Pull Credit Cards,Navy Federal Credit Union,Navy Federal Pre-Qual,https://www.navyfederal.org/loans-cards/credit-cards/prequalification.html,Yes,Soft pull; membership required,Credit Pre-Qual,"email, name, address, SSN-last-4",Partial,None noted,SSN required; soft pull only  
725,Soft Pull Credit Cards,Alliant Credit Union,Alliant Pre-Qual,https://www.alliantcreditunion.org/money-mentor/credit-card-prequalification,Yes,Soft pull,Credit Pre-Qual,"email, name, address, SSN-last-4",Partial,None noted,SSN required; soft pull only  
726,Soft Pull Credit Cards,Advantage One Credit Union,Check My Rate,https://www.myaocu.com/check-my-rate,Yes,Soft pull,Credit Pre-Qual,"email, name, address, SSN-last-4",Partial,None noted,SSN required; soft pull only  
727,Soft Pull Credit Cards,OpenSky,OpenSky Pre-Qual,https://www.openskycredit.com,Yes,Soft pull,Credit Pre-Qual,"email, name, address, SSN-last-4",Partial,None noted,SSN required; soft pull only  
728,Soft Pull Credit Cards,Upgrade,Upgrade Pre-Qual,https://www.upgradecreditcards.com,Yes,Soft pull,Credit Pre-Qual,"email, name, address, SSN-last-4",Partial,None noted,SSN required; soft pull only  
729,Soft Pull Credit Cards,Mission Lane,Mission Lane Pre-Qual,https://www.missionlane.com,Yes,Soft pull,Credit Pre-Qual,"email, name, address, SSN-last-4",Partial,None noted,SSN required; soft pull only  
730,Soft Pull Credit Cards,Walmart,Walmart Credit Card Pre-Qual,https://www.walmart.com/credit/apply,Yes,Soft pull possible,Credit Pre-Qual,"email, name, address, SSN-last-4",Partial,None noted,SSN required; soft pull only  
731,Soft Pull Credit Cards,Target,Target Circle Card Pre-Qual,https://www.target.com/circle/creditcard,Yes,Soft pull,Credit Pre-Qual,"email, name, address, SSN-last-4",Partial,None noted,SSN required; soft pull only  
732,Soft Pull Credit Cards,Amazon,Amazon Pre-Qual,https://www.amazon.com/secured-credit-card,Yes,Soft pull,Credit Pre-Qual,"email, name, address, SSN-last-4",Partial,None noted,SSN required; soft pull only  
733,Soft Pull Credit Cards,Chevron,Techron Advantage Card,https://www.chevrontexacocards.com,Yes,Fuel discounts,Credit Pre-Qual,"email, name, address, SSN-last-4",Partial,None noted,SSN required; soft pull only  
734,Soft Pull Credit Cards,Shell,Shell Fuel Rewards Card,https://www.shell.us/rewards-and-savings/fuel-rewards.html,Yes,Points,Credit Pre-Qual,"email, name, address, SSN-last-4",Partial,None noted,SSN required; soft pull only  
735,Soft Pull Credit Cards,ExxonMobil,ExxonMobil Rewards+ Card,https://www.exxon.com/en/rewards-program,Yes,Points,Credit Pre-Qual,"email, name, address, SSN-last-4",Partial,None noted,SSN required; soft pull only  
736,Soft Pull Credit Cards,BP,BPme Rewards Card,https://www.bp.com/en/us/united-states/shop/bpme-rewards,Yes,Free to join,Credit Pre-Qual,"email, name, address, SSN-last-4",Partial,None noted,SSN required; soft pull only  
737,Soft Pull Credit Cards,Speedway,Speedway Rewards Card,https://www.speedway.com/rewards,Yes,Free to join,Credit Pre-Qual,"email, name, address, SSN-last-4",Partial,None noted,SSN required; soft pull only  
738,Soft Pull Credit Cards,Circle K,Circle K Easy Rewards,https://www.circlek.com/rewards,Yes,Free to join,Credit Pre-Qual,"email, name, address, SSN-last-4",Partial,None noted,SSN required; soft pull only  
739,Soft Pull Credit Cards,Murphy USA,Murphy Drive Rewards Card,https://www.murphyusa.com/rewards,Yes,Free to join,Credit Pre-Qual,"email, name, address, SSN-last-4",Partial,None noted,SSN required; soft pull only  
740,Soft Pull Credit Cards,Sheetz,Sheetz Freakies,https://www.sheetz.com/rewards,Yes,Free to join,Credit Pre-Qual,"email, name, address, SSN-last-4",Partial,None noted,SSN required; soft pull only  
741,Soft Pull Credit Cards,Wawa,Wawa Rewards Card,https://www.wawa.com/rewards,Yes,Free to join,Credit Pre-Qual,"email, name, address, SSN-last-4",Partial,None noted,SSN required; soft pull only  
742,Soft Pull Credit Cards,QuikTrip,QT Rewards Card,https://www.quiktrip.com/rewards,Yes,Free to join,Credit Pre-Qual,"email, name, address, SSN-last-4",Partial,None noted,SSN required; soft pull only  
743,Soft Pull Credit Cards,7-Eleven,7-Eleven Rewards Card,https://www.7-eleven.com/rewards,Yes,Free to join,Credit Pre-Qual,"email, name, address, SSN-last-4",Partial,None noted,SSN required; soft pull only  
744,Soft Pull Credit Cards,Love's,Love's My Rewards Card,https://www.loves.com/rewards,Yes,Free to join,Credit Pre-Qual,"email, name, address, SSN-last-4",Partial,None noted,SSN required; soft pull only  
745,Soft Pull Credit Cards,Pilot Flying J,Pilot Flying J Rewards Card,https://www.pilotflyingj.com/rewards,Yes,Free to join,Credit Pre-Qual,"email, name, address, SSN-last-4",Partial,None noted,SSN required; soft pull only  
746,Soft Pull Credit Cards,TravelCenters of America,TA Petro Rewards,https://www.ta-petro.com/rewards,Yes,Free to join,Credit Pre-Qual,"email, name, address, SSN-last-4",Partial,None noted,SSN required; soft pull only  
747,Entertainment & Streaming,AMC Theatres,AMC Stubs Insider,https://www.amctheatres.com/amcstubs/insider,Yes,Movie rewards,Full Registration,"email, name, phone",Yes,None noted,None noted  
748,Entertainment & Streaming,AMC Theatres,AMC Stubs Sign-Up,https://www.amctheatres.com/sign-up,Yes,Free membership,Full Registration,"email, name, phone",Yes,None noted,None noted  
749,Entertainment & Streaming,Regal Cinemas,Regal Crown Club,https://www.regmovies.com/regal-crown-club,Yes,Movie points,Full Registration,"email, name, phone",Yes,Bonus points on signup,None noted  
750,Entertainment & Streaming,Regal Cinemas,Regal Crown Club Rewards,https://rewards.regmovies.com,Yes,Points system,Full Registration,"email, name, phone",Yes,Bonus points on signup,None noted  
751,Entertainment & Streaming,Cinemark,Cinemark Rewards,https://www.cinemark.com/rewards,Yes,,Full Registration,"email, name, phone",Yes,None noted,None noted  
752,Entertainment & Streaming,AMC Theatres,AMC Stubs Premiere GO,https://www.amctheatres.com/amcstubs/premiere-go,Yes,Free tier,Full Registration,"email, name, phone",Yes,None noted,None noted  
753,Entertainment & Streaming,Cinemark,Cinemark Movie Club,https://www.cinemark.com/movie-club,No,Subscription option,Paid Subscription,"email, name, payment info",No,None noted,Payment required  
754,Entertainment & Streaming,Fandango,Fandango Rewards,https://www.fandango.com/rewards,Yes,Movie rewards,Full Registration,"email, name, phone",Yes,None noted,None noted  
755,Entertainment & Streaming,Atom Tickets,Atom Rewards,https://www.atomtickets.com/rewards,Yes,,Full Registration,"email, name, phone",Yes,None noted,None noted  
756,Entertainment & Streaming,Peacock,Peacock Free,https://www.peacocktv.com,Yes,Free tier,Full Registration,"email, name, phone",Yes,None noted,None noted  
757,Entertainment & Streaming,Tubi,Tubi,https://tubitv.com,Yes,Free streaming,Full Registration,"email, name, phone",Yes,None noted,None noted  
758,Entertainment & Streaming,Pluto TV,Pluto TV,https://www.pluto.tv,Yes,Free streaming,Full Registration,"email, name, phone",Yes,None noted,None noted  
759,Entertainment & Streaming,Crackle,Crackle,https://www.crackle.com,Yes,Free streaming,Full Registration,"email, name, phone",Yes,None noted,None noted  
760,Entertainment & Streaming,IMDb TV,IMDb TV,https://www.imdb.com/tv,Yes,Free streaming,Full Registration,"email, name, phone",Yes,None noted,None noted  
761,Entertainment & Streaming,The Roku Channel,Roku Channel,https://therokuchannel.roku.com,Yes,Free streaming,Full Registration,"email, name, phone",Yes,None noted,None noted  
762,Entertainment & Streaming,Xumo,Xumo,https://www.xumo.com,Yes,Free streaming,Full Registration,"email, name, phone",Yes,None noted,None noted  
763,Entertainment & Streaming,Vudu,Vudu Free,https://www.vudu.com,Yes,Free movies,Full Registration,"email, name, phone",Yes,None noted,None noted  
764,Entertainment & Streaming,Spotify,Spotify Free Tier,https://www.spotify.com/us/free,Yes,Free with ads,Full Registration,"email, name, phone",Yes,None noted,None noted  
765,Entertainment & Streaming,Pandora,Pandora Free,https://www.pandora.com,Yes,Free with ads,Full Registration,"email, name, phone",Yes,None noted,None noted  
766,Entertainment & Streaming,iHeartRadio,iHeartRadio Free,https://www.iheart.com,Yes,Free radio,Full Registration,"email, name, phone",Yes,None noted,None noted  
767,Entertainment & Streaming,TuneIn,TuneIn Free,https://tunein.com,Yes,Free radio,Full Registration,"email, name, phone",Yes,None noted,None noted  
768,Entertainment & Streaming,Xbox,Xbox Rewards,https://www.xbox.com/en-US/rewards,Yes,Points,Full Registration,"email, name, phone",Yes,Bonus points on signup,None noted  
769,Entertainment & Streaming,Nintendo,My Nintendo,https://my.nintendo.com,Yes,Points,Full Registration,"email, name, phone",Yes,Bonus points on signup,None noted  
770,Entertainment & Streaming,PlayStation,PlayStation Stars,https://www.playstation.com/en-us/playstation-stars,Yes,Free to join (ending July 2025),Full Registration,"email, name, phone",Yes,None noted,None noted  
771,Entertainment & Streaming,Discord,Discord Nitro Free,https://discord.com,Yes,Free tier,Full Registration,"email, name, phone",Yes,None noted,None noted  
772,Entertainment & Streaming,Twitch,Twitch Free,https://www.twitch.tv,Yes,Free to watch,Full Registration,"email, name, phone",Yes,None noted,None noted  
773,Entertainment & Streaming,TikTok,TikTok Rewards,https://www.tiktok.com/rewards,Yes,,Full Registration,"email, name, phone",Yes,None noted,None noted  
774,Entertainment & Streaming,YouTube,YouTube Free,https://www.youtube.com,Yes,Free with ads,Full Registration,"email, name, phone",Yes,None noted,None noted  
775,Electronics & Tech,Best Buy,My Best Buy,https://www.bestbuy.com/site/customer-management/my-best-buy,Yes,Free loyalty,Full Registration,"email, name, phone",Yes,None noted,None noted  
776,Books & Education,Barnes & Noble,Barnes & Noble Membership,https://www.barnesandnoble.com/membership,Yes,Free tier,Full Registration,"email, name, phone",Yes,None noted,None noted  
777,Books & Education,Books-A-Million,BAM\! Rewards,https://www.booksamillion.com/rewards,Yes,,Full Registration,"email, name, phone",Yes,None noted,None noted  
778,Jewelry & Watches,Zales,Vault Rewards,https://www.zales.com/vault-rewards,Yes,Earn gems,Full Registration,"email, name, phone",Yes,None noted,None noted  
779,Jewelry & Watches,Kay Jewelers,Vault Rewards,https://www.kay.com/vault-rewards,Yes,,Full Registration,"email, name, phone",Yes,None noted,None noted  
780,Jewelry & Watches,Jared,Vault Rewards,https://www.jared.com/vault-rewards,Yes,,Full Registration,"email, name, phone",Yes,None noted,None noted  
781,Jewelry & Watches,Kay Outlet,Kay Outlet Rewards,https://www.kayoutlet.com/credit-landing,Yes,Store credit available,Full Registration,"email, name, phone",Yes,None noted,None noted  
782,Jewelry & Watches,Kay Jewelers,Kay Rewards,https://www.kay.com/rewards,Yes,,Full Registration,"email, name, phone",Yes,None noted,None noted  
783,Jewelry & Watches,Zales,Zales Rewards,https://www.zales.com/rewards,Yes,,Full Registration,"email, name, phone",Yes,None noted,None noted  
784,Jewelry & Watches,Jared,Jared Galleria Rewards,https://www.jared.com/rewards,Yes,,Full Registration,"email, name, phone",Yes,None noted,None noted  
785,Jewelry & Watches,Helzberg Diamonds,Helzberg Rewards,https://www.helzberg.com,Yes,,Full Registration,"email, name, phone",Yes,None noted,None noted  
786,Jewelry & Watches,White Flash,White Flash Rewards,https://www.whiteflash.com/rewards,Yes,Diamond rewards,Full Registration,"email, name, phone",Yes,None noted,None noted  
787,Jewelry & Watches,Brian Gavin,Brian Gavin Rewards,https://www.briangavin.com/rewards,Yes,Diamond program,Full Registration,"email, name, phone",Yes,None noted,None noted  
788,Jewelry & Watches,Blue Nile,Blue Nile Loyalty,https://www.bluenile.com/loyalty,Yes,Points program,Full Registration,"email, name, phone",Yes,Bonus points on signup,None noted  
789,Jewelry & Watches,James Allen,James Allen Rewards,https://www.jamesallen.com/rewards,Yes,,Full Registration,"email, name, phone",Yes,None noted,None noted  
790,Jewelry & Watches,Ritani,Ritani Rewards,https://www.ritani.com/rewards,Yes,,Full Registration,"email, name, phone",Yes,None noted,None noted  
791,Jewelry & Watches,Michael Hill,Michael Hill Rewards,https://www.michaelhill.com/rewards,Yes,,Full Registration,"email, name, phone",Yes,None noted,None noted  
792,Jewelry & Watches,Peoples Jewellers,Peoples Rewards,https://www.peoplesjewellers.com/rewards,Yes,,Full Registration,"email, name, phone",Yes,None noted,None noted  
793,Jewelry & Watches,Birks,Birks Rewards,https://www.birks.com/rewards,Yes,Luxury,Full Registration,"email, name, phone",Yes,None noted,None noted  
794,Jewelry & Watches,Cartier,Cartier Care Program,https://www.cartier.com/en-us/services,Yes,Warranty,Full Registration,"email, name, phone",Yes,None noted,None noted  
795,Jewelry & Watches,Tiffany & Co.,Tiffany Circle Membership,https://www.tiffany.com/jewelry-watches/tiffany-circle,Yes,VIP,Full Registration,"email, name, phone",Yes,None noted,None noted  
796,Jewelry & Watches,Van Cleef & Arpels,Van Cleef Arpels Circle,https://www.vancleefarpels.com/en_us,Yes,VIP,Full Registration,"email, name, phone",Yes,None noted,None noted  
797,Jewelry & Watches,Bvlgari,Bvlgari Privilege Club,https://www.bulgari.com/en-us/bulgari-privilege-club,Yes,VIP,Full Registration,"email, name, phone",Yes,None noted,None noted  
798,Jewelry & Watches,Chopard,Chopard Care,https://www.chopard.com/en-us/services/care,Yes,Service,Full Registration,"email, name, phone",Yes,None noted,None noted  
799,Jewelry & Watches,Piaget,Piaget Care,https://www.piaget.com/us/customer-service,Yes,Warranty,Full Registration,"email, name, phone",Yes,None noted,None noted  
800,Jewelry & Watches,Vacheron Constantin,Vacheron Care,https://www.vacheronconstantin.com/en_us/services,Yes,Warranty,Full Registration,"email, name, phone",Yes,None noted,None noted  
801,Jewelry & Watches,Audemars Piguet,AP Care,https://www.audemarspiguet.com/en_us/care,Yes,Service,Full Registration,"email, name, phone",Yes,None noted,None noted  
802,Jewelry & Watches,Patek Philippe,Patek Philippe Care,https://www.patek.com/en_us/customer-service,Yes,Warranty,Full Registration,"email, name, phone",Yes,None noted,None noted  
803,Jewelry & Watches,IWC,IWC Care,https://www.iwc.com/en_us/customer-service,Yes,Warranty,Full Registration,"email, name, phone",Yes,None noted,None noted  
804,Jewelry & Watches,Jaeger-LeCoultre,JLC Care,https://www.jaeger-lecoultre.com/us_en/customer-service,Yes,Warranty,Full Registration,"email, name, phone",Yes,None noted,None noted  
805,Jewelry & Watches,Omega,Omega Care,https://www.omega.com/en-us/customer-service,Yes,Warranty,Full Registration,"email, name, phone",Yes,None noted,None noted  
806,Jewelry & Watches,Breitling,Breitling Care,https://www.breitling.com/en-us/customer-service,Yes,Warranty,Full Registration,"email, name, phone",Yes,None noted,None noted  
807,Jewelry & Watches,Rolex,Rolex Care,https://www.rolex.com/en-us/customer-service,Yes,Warranty,Full Registration,"email, name, phone",Yes,None noted,None noted  
808,Jewelry & Watches,Tudor,Tudor Care,https://www.tudorwatch.com/en-us/customer-service,Yes,Warranty,Full Registration,"email, name, phone",Yes,None noted,None noted  
809,Jewelry & Watches,Panerai,Panerai Care,https://www.panerai.com/en-us/customer-service,Yes,Warranty,Full Registration,"email, name, phone",Yes,None noted,None noted  
810,Jewelry & Watches,Girard-Perregaux,GP Care,https://www.girard-perregaux.com/en_us/customer-service,Yes,Warranty,Full Registration,"email, name, phone",Yes,None noted,None noted  
811,Jewelry & Watches,Hublot,Hublot Care,https://www.hublot.com/en-us/customer-service,Yes,Warranty,Full Registration,"email, name, phone",Yes,None noted,None noted  
812,Jewelry & Watches,TAG Heuer,TAG Heuer Care,https://www.tagheuer.com/en-us/customer-service,Yes,Warranty,Full Registration,"email, name, phone",Yes,None noted,None noted  
813,Jewelry & Watches,Longines,Longines Care,https://www.longines.com/en-us/customer-service,Yes,Warranty,Full Registration,"email, name, phone",Yes,None noted,None noted  
814,Jewelry & Watches,Tissot,Tissot Care,https://www.tissot.com/us_en/customer-service,Yes,Warranty,Full Registration,"email, name, phone",Yes,None noted,None noted  
815,Jewelry & Watches,Hamilton,Hamilton Care,https://www.hamiltonwatch.com/us_en/customer-service,Yes,Warranty,Full Registration,"email, name, phone",Yes,None noted,None noted  
816,Jewelry & Watches,Oris,Oris Care,https://www.oris.ch/en_us/customer-service,Yes,Warranty,Full Registration,"email, name, phone",Yes,None noted,None noted  
817,Jewelry & Watches,Frederique Constant,FC Care,https://www.frederique-constant.com/us_en/customer-service,Yes,Warranty,Full Registration,"email, name, phone",Yes,None noted,None noted  
818,Jewelry & Watches,Seiko,Seiko Care,https://www.seikowatches.com/us_en/customer-service,Yes,Warranty,Full Registration,"email, name, phone",Yes,None noted,None noted  
819,Jewelry & Watches,Citizen,Citizen Care,https://www.citizenwatch.com/us_en/customer-service,Yes,Warranty,Full Registration,"email, name, phone",Yes,None noted,None noted  
820,Jewelry & Watches,Bulova,Bulova Care,https://www.bulova.com/us_en/customer-service,Yes,Warranty,Full Registration,"email, name, phone",Yes,None noted,None noted  
821,Jewelry & Watches,Movado,Movado Care,https://www.movado.com/us_en/customer-service,Yes,Warranty,Full Registration,"email, name, phone",Yes,None noted,None noted  
822,Jewelry & Watches,Ebel,Ebel Care,https://www.ebel.com/us_en/customer-service,Yes,Warranty,Full Registration,"email, name, phone",Yes,None noted,None noted  
823,Jewelry & Watches,Calvin Klein,Calvin Klein Rewards,https://www.calvinklein.com/us/rewards,Yes,Fashion,Full Registration,"email, name, phone",Yes,None noted,None noted  
824,Jewelry & Watches,Michael Kors,Michael Kors Rewards,https://www.michaelkors.com/rewards,Yes,Fashion,Full Registration,"email, name, phone",Yes,None noted,None noted  
825,Jewelry & Watches,Kate Spade,Kate Spade Rewards,https://www.katespade.com/rewards,Yes,Fashion,Full Registration,"email, name, phone",Yes,None noted,None noted  
826,Jewelry & Watches,Tory Burch,Tory Burch Rewards,https://www.toryburch.com/rewards,Yes,Fashion,Full Registration,"email, name, phone",Yes,None noted,None noted  
827,Jewelry & Watches,Coach,Coach Rewards,https://www.coach.com/rewards,Yes,Fashion,Full Registration,"email, name, phone",Yes,None noted,None noted  
828,Jewelry & Watches,Dooney & Bourke,Dooney & Bourke Rewards,https://www.dooney.com/rewards,Yes,Fashion,Full Registration,"email, name, phone",Yes,None noted,None noted  
829,Jewelry & Watches,Fossil,Fossil Insider,https://www.fossil.com/en_us/insider,Yes,Fashion,Full Registration,"email, name, phone",Yes,None noted,None noted  
830,Jewelry & Watches,Rebecca Minkoff,Rebecca Minkoff Rewards,https://www.rebeccaminkoff.com/rewards,Yes,Fashion,Full Registration,"email, name, phone",Yes,None noted,None noted  
831,Jewelry & Watches,Pandora,Pandora Club,https://www.pandora.com/club,Yes,Charms,Full Registration,"email, name, phone",Yes,None noted,None noted  
832,Jewelry & Watches,Swarovski,Swarovski Crystal Society,https://www.swarovski.com/club,Yes,Collectors,Full Registration,"email, name, phone",Yes,None noted,None noted  
833,Jewelry & Watches,Alex and Ani,A\&A Rewards,https://www.alexandani.com/rewards,Yes,Charity,Full Registration,"email, name, phone",Yes,None noted,None noted  
834,Jewelry & Watches,Gorham,Gorham Collectors,https://www.gorham.co.uk/collectors,Yes,China,Full Registration,"email, name, phone",Yes,None noted,None noted  
835,Jewelry & Watches,Wedgwood,Wedgwood Rewards,https://www.wedgwood.com/rewards,Yes,China,Full Registration,"email, name, phone",Yes,None noted,None noted  
836,Jewelry & Watches,Waterford,Waterford Rewards,https://www.waterford.com/rewards,Yes,Crystal,Full Registration,"email, name, phone",Yes,None noted,None noted  
837,Jewelry & Watches,Lenox,Lenox Rewards,https://www.lenox.com/rewards,Yes,China,Full Registration,"email, name, phone",Yes,None noted,None noted  
838,Jewelry & Watches,Jacob & Co.,Jacob & Co. Concierge,https://www.jacobandco.com/contact,Yes,VIP service,Full Registration,"email, name, phone",Yes,None noted,None noted  
839,Gas,Shell,Shell Go+,https://www.shell.us/gas-and-charging/go-plus,Yes,,Full Registration,"email, name, phone",Yes,None noted,None noted  
840,Gas,Shell,Shell Fuel Rewards Status,https://www.fuelrewards.com/status,Yes,,Full Registration,"email, name, phone",Yes,None noted,None noted  
841,Gas,Chevron,Chevron Rewards,https://www.chevron.com/rewards,Yes,,Full Registration,"email, name, phone",Yes,None noted,None noted  
842,Gas,Texaco,Texaco Rewards,https://www.texaco.com/rewards,Yes,,Full Registration,"email, name, phone",Yes,None noted,None noted  
843,Gas,ExxonMobil,ExxonMobil Rewards+,https://rewards.exxon.com,Yes,,Full Registration,"email, name, phone",Yes,None noted,None noted  
844,Gas,Mobil,Mobil Rewards,https://www.mobil.com/rewards,Yes,,Full Registration,"email, name, phone",Yes,None noted,None noted  
845,Gas,Marathon,Marathon Rewards,https://www.marathon.com/rewards,Yes,,Full Registration,"email, name, phone",Yes,None noted,None noted  
846,Gas,Valero,Valero Rewards,https://www.valero.com/rewards,Yes,,Full Registration,"email, name, phone",Yes,None noted,None noted  
847,Gas,Phillips 66,Phillips 66 Rewards,https://www.phillips66.com/rewards,Yes,,Full Registration,"email, name, phone",Yes,None noted,None noted  
848,Gas,Conoco,Conoco Rewards,https://www.conoco.com/rewards,Yes,,Full Registration,"email, name, phone",Yes,None noted,None noted  
849,Gas,76,76 Rewards,https://www.76.com/rewards,Yes,,Full Registration,"email, name, phone",Yes,None noted,None noted  
850,Gas,RaceTrac,RaceTrac Rewards,https://www.racetrac.com/rewards,Yes,,Full Registration,"email, name, phone",Yes,None noted,None noted  
851,Gas,Casey's,Casey's Rewards,https://www.caseys.com/rewards,Yes,,Full Registration,"email, name, phone",Yes,None noted,None noted  
852,Gas,Kum & Go,Kum & Go Rewards,https://www.kumandgo.com/rewards,Yes,,Full Registration,"email, name, phone",Yes,None noted,None noted  
853,Gas,Gate Petroleum,Gate Rewards,https://www.gatepetro.com/rewards,Yes,,Full Registration,"email, name, phone",Yes,None noted,None noted  
854,Gas,QuickChek,QuickChek Rewards,https://www.quickchek.com/rewards,Yes,,Full Registration,"email, name, phone",Yes,None noted,None noted  
855,Gas,GetGo,GetGo Rewards,https://www.getgogas.com/rewards,Yes,,Full Registration,"email, name, phone",Yes,None noted,None noted  
856,Gas,Buc-ee's,Buc-ee's Rewards,https://www.buc-ees.com/rewards,Yes,,Full Registration,"email, name, phone",Yes,None noted,None noted  
857,Gas,Yesway,Yesway Rewards,https://www.yesway.com/rewards,Yes,,Full Registration,"email, name, phone",Yes,None noted,None noted  
858,Grocery,Kroger,Kroger Rewards,https://www.kroger.com/pr/free-membership,Yes,Fuel points,Full Registration,"email, name, phone",Yes,Bonus points on signup,None noted  
859,Grocery,Safeway,Safeway for U,https://www.safeway.com/foru-guest.html,Yes,,Full Registration,"email, name, phone",Yes,None noted,None noted  
860,Grocery,Albertsons,Albertsons for U,https://www.albertsons.com/foru,Yes,,Full Registration,"email, name, phone",Yes,None noted,None noted  
861,Grocery,Publix,Club Publix,https://www.publix.com/club-publix,Yes,,Full Registration,"email, name, phone",Yes,None noted,None noted  
862,Grocery,Meijer,Meijer mPerks,https://www.meijer.com/mperks,Yes,,Full Registration,"email, name, phone",Yes,None noted,None noted  
863,Grocery,Giant Food,Giant Flexible Rewards,https://www.giantfood.com/rewards,Yes,,Full Registration,"email, name, phone",Yes,None noted,None noted  
864,Grocery,Harris Teeter,Harris Teeter Rewards,https://www.harristeeter.com/rewards,Yes,,Full Registration,"email, name, phone",Yes,None noted,None noted  
865,Grocery,Stop & Shop,Stop & Shop Rewards,https://www.stopandshop.com/rewards,Yes,,Full Registration,"email, name, phone",Yes,None noted,None noted  
866,Grocery,Food Lion,Food Lion Rewards,https://www.foodlion.com/rewards,Yes,,Full Registration,"email, name, phone",Yes,None noted,None noted  
867,Grocery,Wegmans,Wegmans Rewards,https://www.wegmans.com/rewards,Yes,,Full Registration,"email, name, phone",Yes,None noted,None noted  
868,Grocery,H-E-B,H-E-B Rewards,https://www.heb.com/rewards,Yes,,Full Registration,"email, name, phone",Yes,None noted,None noted  
869,Grocery,Sprouts,Sprouts Rewards,https://www.sprouts.com/rewards,Yes,,Full Registration,"email, name, phone",Yes,None noted,None noted  
870,Grocery,ALDI,ALDI Express,https://www.aldi.us/aldi-express,Yes,,Full Registration,"email, name, phone",Yes,None noted,None noted  
871,Grocery,Giant Eagle,Giant Eagle Rewards,https://www.gianteagle.com/rewards,Yes,,Full Registration,"email, name, phone",Yes,None noted,None noted  
872,Grocery,Hy-Vee,Hy-Vee Rewards,https://www.hy-vee.com/rewards,Yes,,Full Registration,"email, name, phone",Yes,None noted,None noted  
873,Grocery,Jewel-Osco,Jewel-Osco Rewards,https://www.jewelosco.com/rewards,Yes,,Full Registration,"email, name, phone",Yes,None noted,None noted  
874,Pharmacy,CVS,CVS ExtraBucks,https://www.cvs.com/extracare/overview,Yes,,Full Registration,"email, name, phone",Yes,None noted,None noted  
875,Pharmacy,CVS,CVS ExtraCare Sign-Up,https://www.cvs.com/extracare/home,Yes,,Full Registration,"email, name, phone",Yes,None noted,None noted  
876,Pharmacy,CVS,CVS ExtraCare New Card,https://www.cvs.com/extracare/new-card,Yes,,Full Registration,"email, name, phone",Yes,None noted,None noted  
877,Pharmacy,Walgreens,Walgreens Cash Rewards,https://www.walgreens.com/rewards,Yes,,Full Registration,"email, name, phone",Yes,None noted,None noted  
878,Pharmacy,Rite Aid,Rite Aid Rewards,https://www.riteaid.com/rewards,Yes,,Full Registration,"email, name, phone",Yes,None noted,None noted  
879,Pharmacy,BJ's Wholesale,BJ's Rewards,https://www.bjs.com/rewards,Yes,,Full Registration,"email, name, phone",Yes,None noted,None noted  
880,Dining,Chick-fil-A,Chick-fil-A One,https://www.chick-fil-a.com/one,Yes,Tiered,Full Registration,"email, name, phone",Yes,None noted,None noted  
881,Dining,Starbucks,Starbucks Rewards,https://www.starbucks.com/rewards,Yes,,Full Registration,"email, name, phone",Yes,None noted,None noted  
882,Dining,McDonald's,McDonald's App,https://www.mcdonalds.com/us/en-us/mcd-app.html,Yes,,Full Registration,"email, name, phone",Yes,None noted,None noted  
883,Dining,Subway,Subway MyWay,https://www.subway.com/en-US/myway,Yes,,Full Registration,"email, name, phone",Yes,None noted,None noted  
884,Dining,Taco Bell,Taco Bell Rewards,https://www.tacobell.com/rewards,Yes,,Full Registration,"email, name, phone",Yes,None noted,None noted  
885,Dining,Chipotle,Chipotle Rewards,https://www.chipotle.com/rewards,Yes,,Full Registration,"email, name, phone",Yes,None noted,None noted  
886,Dining,Panera,Panera Rewards,https://www.panerabread.com/rewards,Yes,,Full Registration,"email, name, phone",Yes,None noted,None noted  
887,Dining,Wendy's,Wendy's Rewards,https://www.wendys.com/rewards,Yes,,Full Registration,"email, name, phone",Yes,None noted,None noted  
888,Dining,Dunkin',Dunkin' Rewards,https://www.dunkindonuts.com/dunkin-rewards,Yes,,Full Registration,"email, name, phone",Yes,None noted,None noted  
889,Dining,Olive Garden,Olive Garden Rewards,https://www.olivegarden.com/rewards,Yes,,Full Registration,"email, name, phone",Yes,None noted,None noted  
890,Dining,Outback,Outback Rewards,https://www.outback.com/rewards,Yes,,Full Registration,"email, name, phone",Yes,None noted,None noted  
891,Dining,Chili's,Chili's Rewards,https://www.chilis.com/rewards,Yes,,Full Registration,"email, name, phone",Yes,None noted,None noted  
892,Dining,Applebee's,Applebee's Rewards,https://www.applebees.com/rewards,Yes,,Full Registration,"email, name, phone",Yes,None noted,None noted  
893,Dining,TGI Friday's,TGI Friday's Rewards,https://www.tgifridays.com/rewards,Yes,,Full Registration,"email, name, phone",Yes,None noted,None noted  
894,Dining,Popeyes,Popeyes Rewards,https://www.popeyes.com/rewards,Yes,,Full Registration,"email, name, phone",Yes,None noted,None noted  
895,Dining,Burger King,BK Crown,https://www.bk.com/crown,Yes,,Full Registration,"email, name, phone",Yes,None noted,None noted  
896,Dining,Jack in the Box,Jack in the Box Rewards,https://www.jackinthebox.com/rewards,Yes,,Full Registration,"email, name, phone",Yes,None noted,None noted  
897,Dining,Whataburger,Whataburger Rewards,https://www.whataburger.com/rewards,Yes,,Full Registration,"email, name, phone",Yes,None noted,None noted  
898,Dining,Shake Shack,Shake Shack Rewards,https://www.shakeshack.com/rewards,Yes,,Full Registration,"email, name, phone",Yes,None noted,None noted  
899,Dining,Five Guys,Five Guys Rewards,https://www.fiveguys.com/rewards,Yes,,Full Registration,"email, name, phone",Yes,None noted,None noted  
900,Dining,Mellow Mushroom,Mellow Rewards,https://www.mellowmushroom.com/rewards,Yes,,Full Registration,"email, name, phone",Yes,None noted,None noted  
901,Dining,MOD Pizza,MOD Rewards,https://www.modpizza.com/rewards,Yes,,Full Registration,"email, name, phone",Yes,None noted,None noted  
902,Dining,California Pizza Kitchen,CPK Rewards,https://www.cpk.com/rewards,Yes,,Full Registration,"email, name, phone",Yes,None noted,None noted  
903,Dining,Papa John's,Papa Rewards,https://www.papajohns.com/rewards,Yes,,Full Registration,"email, name, phone",Yes,None noted,None noted  
904,Dining,Little Caesars,Little Caesars Rewards,https://www.littlecaesars.com/rewards,Yes,,Full Registration,"email, name, phone",Yes,None noted,None noted  
905,Dining,Marco's Pizza,Marco's Rewards,https://www.marcos.com/rewards,Yes,,Full Registration,"email, name, phone",Yes,None noted,None noted  
906,Dining,Donatos,Donatos Rewards,https://www.donatos.com/rewards,Yes,,Full Registration,"email, name, phone",Yes,None noted,None noted  
907,Dining,Sbarro,Sbarro Rewards,https://www.sbarro.com/rewards,Yes,,Full Registration,"email, name, phone",Yes,None noted,None noted  
908,Dining,Pizza Hut,Pizza Hut Rewards,https://www.pizzahut.com/rewards,Yes,,Full Registration,"email, name, phone",Yes,None noted,None noted  
909,Dining,Domino's,Domino's Rewards,https://www.dominos.com/rewards,Yes,,Full Registration,"email, name, phone",Yes,None noted,None noted  
910,Dining,BJ's Restaurants,BJ's Rewards,https://www.bjsrestaurants.com/rewards,Yes,,Full Registration,"email, name, phone",Yes,None noted,None noted  
911,Dining,Perkins,Perkins Rewards,https://www.perkinsrestaurants.com/rewards,Yes,,Full Registration,"email, name, phone",Yes,None noted,None noted  
912,Dept Store,Nordstrom,Nordy Club,https://www.nordstrom.com/nordy-club,Yes,,Full Registration,"email, name, phone",Yes,None noted,None noted  
913,Dept Store,Nordstrom Rack,Nordstrom Rack Rewards,https://www.nordstromrack.com,Yes,,Full Registration,"email, name, phone",Yes,None noted,None noted  
914,Dept Store,Saks Fifth Avenue,SaksFirst,https://www.saksfifthavenue.com/saksfirst,Yes,,Full Registration,"email, name, phone",Yes,None noted,None noted  
915,Dept Store,Saks Off 5th,SaksFirst,https://www.saksoff5th.com,Yes,,Full Registration,"email, name, phone",Yes,None noted,None noted  
916,Dept Store,Neiman Marcus,InCircle,https://www.neimanmarcus.com/incircle,Yes,,Full Registration,"email, name, phone",Yes,None noted,None noted  
917,Dept Store,Bergdorf Goodman,BG Rewards,https://www.bergdorfgoodman.com/rewards,Yes,,Full Registration,"email, name, phone",Yes,None noted,None noted  
918,Dept Store,Bloomingdale's,Bloomingdale's Rewards,https://www.bloomingdales.com/rewards,Yes,,Full Registration,"email, name, phone",Yes,None noted,None noted  
919,Dept Store,Macy's,Star Rewards,https://www.macys.com/account/starrewards,Yes,,Full Registration,"email, name, phone",Yes,None noted,None noted  
920,Dept Store,JCPenney,JCPenney Rewards,https://www.jcpenney.com/rewards,Yes,,Full Registration,"email, name, phone",Yes,None noted,None noted  
921,Dept Store,Kohl's,Kohl's Rewards,https://www.kohls.com/feature/rewards.jsp,Yes,,Full Registration,"email, name, phone",Yes,None noted,None noted  
922,Dept Store,Dillard's,Dillard's Card,https://www.dillards.com,Yes,,Full Registration,"email, name, phone",Yes,None noted,None noted  
923,Dept Store,Belk,Belk Rewards,https://www.belk.com/rewards,Yes,,Full Registration,"email, name, phone",Yes,None noted,None noted  
924,Dept Store,Lord & Taylor,L\&T Rewards,https://www.lordandtaylor.com,Yes,,Full Registration,"email, name, phone",Yes,None noted,None noted  
925,Dept Store,Von Maur,Von Maur Account,https://www.vonmaur.com,Yes,,Full Registration,"email, name, phone",Yes,None noted,None noted  
926,Dept Store,Dick's Sporting Goods,ScoreCard,https://www.dickssportinggoods.com/scorecard,Yes,,Full Registration,"email, name, phone",Yes,None noted,None noted  
927,Dept Store,REI,REI Co-op Membership,https://www.rei.com/membership,No,$30 lifetime fee,Paid Subscription,"email, name, payment info",No,None noted,Payment required  
928,Beauty & Cosmetics,Sephora,Beauty Insider,https://www.sephora.com/beauty/loyalty-program,Yes,Tiered,Full Registration,"email, name, phone",Yes,None noted,None noted  
929,Beauty & Cosmetics,Sephora,Beauty Insider Alt,https://www.sephora.com/BeautyInsider,Yes,Alternative signup,Full Registration,"email, name, phone",Yes,None noted,None noted  
930,Beauty & Cosmetics,Ulta Beauty,Ulta Rewards,https://www.ulta.com/rewards/all,Yes,44M+ members,Full Registration,"email, name, phone",Yes,None noted,None noted  
931,Beauty & Cosmetics,MAC,MAC Rewards,https://www.maccosmetics.com/rewards,Yes,,Full Registration,"email, name, phone",Yes,None noted,None noted  
932,Beauty & Cosmetics,Clinique,Clinique Rewards,https://www.clinique.com/rewards,Yes,,Full Registration,"email, name, phone",Yes,None noted,None noted  
933,Beauty & Cosmetics,Estee Lauder,EL Rewards,https://www.esteelauder.com/rewards,Yes,,Full Registration,"email, name, phone",Yes,None noted,None noted  
934,Beauty & Cosmetics,Lancôme,Lancôme Rewards,https://www.lancome.com/rewards,Yes,,Full Registration,"email, name, phone",Yes,None noted,None noted  
935,Beauty & Cosmetics,Dermablend,Dermablend Rewards,https://www.dermablend.com/rewards,Yes,,Full Registration,"email, name, phone",Yes,None noted,None noted  
936,Beauty & Cosmetics,BareMinerals,BM Rewards,https://www.bareminerals.com/rewards,Yes,,Full Registration,"email, name, phone",Yes,None noted,None noted  
937,Beauty & Cosmetics,Too Faced,TF Rewards,https://www.toofaced.com/rewards,Yes,,Full Registration,"email, name, phone",Yes,None noted,None noted  
938,Beauty & Cosmetics,Urban Decay,UD Rewards,https://www.urbandecay.com/rewards,Yes,,Full Registration,"email, name, phone",Yes,None noted,None noted  
939,Beauty & Cosmetics,Benefit Cosmetics,Benefit Rewards,https://www.benefitcosmetics.com/rewards,Yes,,Full Registration,"email, name, phone",Yes,None noted,None noted  
940,Beauty & Cosmetics,NARS,NARS Club,https://www.narscosmetics.com/club,Yes,,Full Registration,"email, name, phone",Yes,None noted,None noted  
941,Beauty & Cosmetics,Bobbi Brown,BB Rewards,https://www.bobbibrowncosmetics.com/rewards,Yes,,Full Registration,"email, name, phone",Yes,None noted,None noted  
942,Beauty & Cosmetics,Make Up For Ever,MUE Rewards,https://www.makeupforever.com/rewards,Yes,,Full Registration,"email, name, phone",Yes,None noted,None noted  
943,Beauty & Cosmetics,ColourPop,ColourPop Rewards,https://colourpop.com/rewards,Yes,,Full Registration,"email, name, phone",Yes,None noted,None noted  
944,Beauty & Cosmetics,e.l.f. Cosmetics,e.l.f. Love,https://www.elfcosmetics.com/love,Yes,,Full Registration,"email, name, phone",Yes,None noted,None noted  
945,Beauty & Cosmetics,NYX Cosmetics,NYX Rewards,https://www.nyxcosmetics.com/rewards,Yes,,Full Registration,"email, name, phone",Yes,None noted,None noted  
946,Beauty & Cosmetics,Revlon,Revlon Rewards,https://www.revlon.com/rewards,Yes,,Full Registration,"email, name, phone",Yes,None noted,None noted  
947,Beauty & Cosmetics,L'Oreal Paris,L'Oreal Insider,https://www.lorealparisusa.com/insider,Yes,,Full Registration,"email, name, phone",Yes,None noted,None noted  
948,Beauty & Cosmetics,Maybelline,MNY Rewards,https://www.maybelline.com/rewards,Yes,,Full Registration,"email, name, phone",Yes,None noted,None noted  
949,Fashion & Apparel,Nike,Nike Membership,https://www.nike.com/us/membership,Yes,,Full Registration,"email, name, phone",Yes,None noted,None noted  
950,Fashion & Apparel,Adidas,Adidas Creators Club,https://www.adidas.com/us/creators-club,Yes,,Full Registration,"email, name, phone",Yes,None noted,None noted  
951,Fashion & Apparel,Under Armour,Under Armour Rewards,https://www.underarmour.com/en-us/rewards,Yes,,Full Registration,"email, name, phone",Yes,None noted,None noted  
952,Fashion & Apparel,Puma,PUMA Rewards,https://www.puma.com/us/en/rewards,Yes,,Full Registration,"email, name, phone",Yes,None noted,None noted  
953,Fashion & Apparel,Converse,Converse Rewards,https://www.converse.com/rewards,Yes,,Full Registration,"email, name, phone",Yes,None noted,None noted  
954,Fashion & Apparel,Vans,Vans Family,https://www.vans.com/us/en/family,Yes,,Full Registration,"email, name, phone",Yes,None noted,None noted  
955,Fashion & Apparel,Reebok,Reebok Rewards,https://www.reebok.com/us/rewards,Yes,,Full Registration,"email, name, phone",Yes,None noted,None noted  
956,Fashion & Apparel,FILA,FILA Rewards,https://www.fila.com/rewards,Yes,,Full Registration,"email, name, phone",Yes,None noted,None noted  
957,Fashion & Apparel,Levi's,Levi's Friends & Family,https://www.levis.com/us/en/friends-family,Yes,,Full Registration,"email, name, phone",Yes,None noted,None noted  
958,Fashion & Apparel,Wrangler,Wrangler Rewards,https://www.wrangler.com/rewards,Yes,,Full Registration,"email, name, phone",Yes,None noted,None noted  
959,Fashion & Apparel,Lee,Lee Rewards,https://www.lee.com/rewards,Yes,,Full Registration,"email, name, phone",Yes,None noted,None noted  
960,Fashion & Apparel,Guess,Guess Rewards,https://www.guess.com/us/en/rewards,Yes,,Full Registration,"email, name, phone",Yes,None noted,None noted  
961,Fashion & Apparel,Ulla Johnson,UJ Rewards,https://www.ullajohnson.com/rewards,Yes,,Full Registration,"email, name, phone",Yes,None noted,None noted  
962,Fashion & Apparel,Uniqlo,Uniqlo Rewards,https://www.uniqlo.com/us/rewards,Yes,,Full Registration,"email, name, phone",Yes,None noted,None noted  
963,Fashion & Apparel,Gap,Gap Rewards,https://www.gap.com/rewards,Yes,,Full Registration,"email, name, phone",Yes,None noted,None noted  
964,Fashion & Apparel,Old Navy,Navy Rewards,https://www.oldnavy.com/rewards,Yes,,Full Registration,"email, name, phone",Yes,None noted,None noted  
965,Fashion & Apparel,Banana Republic,BR Rewards,https://www.bananarepublic.com/rewards,Yes,,Full Registration,"email, name, phone",Yes,None noted,None noted  
966,Fashion & Apparel,Express,Express Rewards,https://www.express.com/rewards,Yes,,Full Registration,"email, name, phone",Yes,None noted,None noted  
967,Fashion & Apparel,Forever 21,F21 Rewards,https://www.forever21.com/rewards,Yes,,Full Registration,"email, name, phone",Yes,None noted,None noted  
968,Fashion & Apparel,H\&M,H\&M Membership,https://www2.hm.com/en_us/member.html,Yes,,Full Registration,"email, name, phone",Yes,None noted,None noted  
969,Fashion & Apparel,Zara,Zara Newsletter,https://www.zara.com/us,Yes,Free newsletter,Email Only,email,Yes,None noted,None noted  
970,Catalog,Pet Valu,Pet Valu Rewards,https://www.petvalu.com/rewards,Yes,,Full Registration,"email, name, phone",Yes,None noted,None noted  
971,Auto,Toyota,Toyota Rewards,https://www.toyota.com/rewards,Yes,,Full Registration,"email, name, phone",Yes,None noted,None noted  
972,Auto,Honda,Honda Rewards,https://www.honda.com/rewards,Yes,,Full Registration,"email, name, phone",Yes,None noted,None noted  
973,Auto,Ford,Ford Pass,https://www.ford.com/owner/fordpass,Yes,,Full Registration,"email, name, phone",Yes,None noted,None noted  
974,Auto,Chevrolet,Chevy My Rewards,https://www.chevrolet.com/owner/benefits,Yes,,Full Registration,"email, name, phone",Yes,None noted,None noted  
975,Auto,Hyundai,Hyundai Rewards,https://www.hyundaiusa.com/rewards,Yes,,Full Registration,"email, name, phone",Yes,None noted,None noted  
976,Auto,Kia,Kia Rewards,https://www.kia.com/us/rewards,Yes,,Full Registration,"email, name, phone",Yes,None noted,None noted  
977,Auto,Nissan,Nissan Rewards,https://www.nissanusa.com/rewards,Yes,,Full Registration,"email, name, phone",Yes,None noted,None noted  
978,Auto,Subaru,Subaru Rewards,https://www.subaru.com/rewards,Yes,,Full Registration,"email, name, phone",Yes,None noted,None noted  
979,Auto,Mazda,Mazda Rewards,https://www.mazdausa.com/rewards,Yes,,Full Registration,"email, name, phone",Yes,None noted,None noted  
980,Auto,Volkswagen,VW Rewards,https://www.vw.com/rewards,Yes,,Full Registration,"email, name, phone",Yes,None noted,None noted  
981,Auto,BMW,BMW Rewards,https://www.bmwusa.com/rewards,Yes,,Full Registration,"email, name, phone",Yes,None noted,None noted  
982,Auto,Mercedes-Benz,MB Rewards,https://www.mbusa.com/rewards,Yes,,Full Registration,"email, name, phone",Yes,None noted,None noted  
983,Auto,Audi,Audi Rewards,https://www.audiusa.com/rewards,Yes,,Full Registration,"email, name, phone",Yes,None noted,None noted  
984,Auto,Lexus,Lexus Rewards,https://www.lexus.com/rewards,Yes,,Full Registration,"email, name, phone",Yes,None noted,None noted  
985,Auto,Acura,Acura Rewards,https://www.acura.com/rewards,Yes,,Full Registration,"email, name, phone",Yes,None noted,None noted  
986,Auto,Infiniti,Infiniti Rewards,https://www.infiniti.com/rewards,Yes,,Full Registration,"email, name, phone",Yes,None noted,None noted  
987,Auto,Cadillac,Cadillac Rewards,https://www.cadillac.com/rewards,Yes,,Full Registration,"email, name, phone",Yes,None noted,None noted  
988,Auto,Buick,Buick Rewards,https://www.buick.com/rewards,Yes,,Full Registration,"email, name, phone",Yes,None noted,None noted  
989,Auto,GMC,GMC Rewards,https://www.gmc.com/rewards,Yes,,Full Registration,"email, name, phone",Yes,None noted,None noted  
990,Auto,Ram,Ram Rewards,https://www.ramtrucks.com/rewards,Yes,,Full Registration,"email, name, phone",Yes,None noted,None noted  
991,Auto,Jeep,Jeep Rewards,https://www.jeep.com/rewards,Yes,,Full Registration,"email, name, phone",Yes,None noted,None noted  
992,Auto,Dodge,Dodge Rewards,https://www.dodge.com/rewards,Yes,,Full Registration,"email, name, phone",Yes,None noted,None noted  
993,Auto,Chrysler,Chrysler Rewards,https://www.chrysler.com/rewards,Yes,,Full Registration,"email, name, phone",Yes,None noted,None noted  
994,Auto,Volvo,Volvo Rewards,https://www.volvocars.com/rewards,Yes,,Full Registration,"email, name, phone",Yes,None noted,None noted  
995,Auto,Porsche,Porsche Rewards,https://www.porsche.com/usa/rewards,Yes,,Full Registration,"email, name, phone",Yes,None noted,None noted  
996,Dept Store,Northern Tool,NT Rewards,https://www.northerntool.com/rewards,Yes,,Full Registration,"email, name, phone",Yes,None noted,None noted  
997,Electronics & Tech,Apple,Apple ID,https://appleid.apple.com,Yes,,Full Registration,"email, name, phone",Yes,None noted,None noted  
998,Electronics & Tech,Samsung,Samsung Rewards,https://www.samsung.com/us/rewards,Yes,,Full Registration,"email, name, phone",Yes,None noted,None noted  
999,Electronics & Tech,Google,Google Play,https://play.google.com/store,Yes,,Full Registration,"email, name, phone",Yes,None noted,None noted  
1000,Electronics & Tech,Microsoft,Microsoft Account,https://account.microsoft.com,Yes,,Full Registration,"email, name, phone",Yes,None noted,None noted  
1001,Electronics & Tech,Microsoft,Microsoft Rewards,https://rewards.microsoft.com,Yes,Points,Full Registration,"email, name, phone",Yes,Bonus points on signup,None noted  
1002,Electronics & Tech,Best Buy,My Best Buy,https://www.bestbuy.com/my-best-buy,Yes,,Full Registration,"email, name, phone",Yes,None noted,None noted  
1003,Electronics & Tech,B\&H Photo,B\&H Rewards,https://www.bhphotovideo.com/rewards,Yes,,Full Registration,"email, name, phone",Yes,None noted,None noted  
1004,Electronics & Tech,Newegg,Newegg Rewards,https://www.newegg.com/rewards,Yes,,Full Registration,"email, name, phone",Yes,None noted,None noted  
1005,Electronics & Tech,GameStop,PowerUp Rewards,https://www.gamestop.com/powerup-rewards,Yes,,Full Registration,"email, name, phone",Yes,None noted,None noted  
1006,Electronics & Tech,Dell,Dell Rewards,https://www.dell.com/rewards,Yes,,Full Registration,"email, name, phone",Yes,None noted,None noted  
1007,Electronics & Tech,HP,HP Rewards,https://www.hp.com/us-en/shop/rewards,Yes,,Full Registration,"email, name, phone",Yes,None noted,None noted  
1008,Electronics & Tech,Lenovo,Lenovo Rewards,https://www.lenovo.com/us/en/rewards,Yes,,Full Registration,"email, name, phone",Yes,None noted,None noted  
1009,Soft Pull Credit Cards,USAA,USAA Pre-Qual,https://www.usaa.com/credit-cards,Yes,Free membership,Credit Pre-Qual,"email, name, address, SSN-last-4",Partial,None noted,SSN required; soft pull only  
1010,Soft Pull Credit Cards,PenFed,PenFed Pre-Qual,https://www.penfed.org/credit-cards,Yes,Free membership,Credit Pre-Qual,"email, name, address, SSN-last-4",Partial,None noted,SSN required; soft pull only  
1011,Soft Pull Credit Cards,State Employees (NC),SECU Cards,https://www.ncsecu.org/credit-cards,Yes,Free membership,Credit Pre-Qual,"email, name, address, SSN-last-4",Partial,None noted,SSN required; soft pull only  
1012,Soft Pull Credit Cards,Golden 1 Credit Union,Golden 1 Cards,https://www.golden1.com/credit-cards,Yes,Free membership,Credit Pre-Qual,"email, name, address, SSN-last-4",Partial,None noted,SSN required; soft pull only  
1013,Soft Pull Credit Cards,SchoolsFirst FCU,SchoolsFirst FCU,https://www.schoolsfirstfcu.org/credit-cards,Yes,Free membership,Credit Pre-Qual,"email, name, address, SSN-last-4",Partial,None noted,SSN required; soft pull only  
1014,Soft Pull Credit Cards,Logix Federal Credit Union,Logix Cards,https://www.logixbanking.com/credit-cards,Yes,Free membership,Credit Pre-Qual,"email, name, address, SSN-last-4",Partial,None noted,SSN required; soft pull only  
1015,Soft Pull Credit Cards,RBFCU,RBFCU Cards,https://www.rbfcu.org/credit-cards,Yes,Free membership,Credit Pre-Qual,"email, name, address, SSN-last-4",Partial,None noted,SSN required; soft pull only  
1016,Soft Pull Credit Cards,Tower Federal Credit Union,Tower FCU,https://www.towerfcu.org/credit-cards,Yes,Free membership,Credit Pre-Qual,"email, name, address, SSN-last-4",Partial,None noted,SSN required; soft pull only  
1017,Soft Pull Credit Cards,Patelco Credit Union,Patelco Cards,https://www.patelco.org/credit-cards,Yes,Free membership,Credit Pre-Qual,"email, name, address, SSN-last-4",Partial,None noted,SSN required; soft pull only  
1018,BNPL & Fintech,Affirm,Affirm,https://www.affirm.com,Yes,Soft pull check,Credit Pre-Qual,"email, name, address, SSN-last-4",Partial,None noted,SSN required; soft pull only  
1019,BNPL & Fintech,Klarna,Klarna,https://www.klarna.com/us,Yes,,Credit Pre-Qual,"email, name, address, SSN-last-4",Partial,None noted,SSN required; soft pull only  
1020,BNPL & Fintech,Afterpay,Afterpay,https://www.afterpay.com,Yes,,Credit Pre-Qual,"email, name, address, SSN-last-4",Partial,None noted,SSN required; soft pull only  
1021,BNPL & Fintech,Sezzle,Sezzle,https://www.sezzle.com,Yes,,Credit Pre-Qual,"email, name, address, SSN-last-4",Partial,None noted,SSN required; soft pull only  
1022,BNPL & Fintech,Zip (QuadPay),Zip,https://zip.co/us,Yes,,Credit Pre-Qual,"email, name, address, SSN-last-4",Partial,None noted,SSN required; soft pull only  
1023,BNPL & Fintech,PayPal,PayPal Pay in 4,https://www.paypal.com/us/webapps/mpp/pay-in-4,Yes,,Credit Pre-Qual,"email, name, address, SSN-last-4",Partial,None noted,SSN required; soft pull only  
1024,Shipping & Delivery,UPS,UPS My Choice,https://www.ups.com/us/en/services/account-management/my-choice,Yes,Delivery alerts,Full Registration,"email, name, phone",Yes,None noted,None noted  
1025,Shipping & Delivery,FedEx,FedEx Delivery Manager,https://www.fedex.com/en-us/delivery-manager,Yes,Alerts,Full Registration,"email, name, phone",Yes,None noted,None noted  
1026,Shipping & Delivery,USPS,USPS Informed Delivery,https://informeddelivery.usps.com,Yes,Scan mail,Full Registration,"email, name, phone",Yes,None noted,None noted  
1027,Shipping & Delivery,DHL,DHL Rewards,https://www.dhl.com/us-en/rewards,Yes,,Full Registration,"email, name, phone",Yes,None noted,None noted  
1028,Shipping & Delivery,OnTrac,OnTrac Tracking,https://www.ontrac.com/track,Yes,Free tracking,Full Registration,"email, name, phone",Yes,None noted,None noted  
1029,Shipping & Delivery,LaserShip,LaserShip Track,https://www.lasership.com/track,Yes,Free tracking,Full Registration,"email, name, phone",Yes,None noted,None noted  
1030,Adoption & Animal Welfare,Petfinder,Petfinder Adoption,https://www.petfinder.com,Yes,Adopt pets,Full Registration,"email, name, phone",Yes,None noted,None noted  
1031,Adoption & Animal Welfare,Adopt-a-Pet,Adopt-a-Pet,https://www.adoptapet.com,Yes,,Full Registration,"email, name, phone",Yes,None noted,None noted  
1032,Adoption & Animal Welfare,ASPCA,ASPCA Adoptions,https://www.aspca.org,Yes,,Full Registration,"email, name, phone",Yes,None noted,None noted  
1033,Adoption & Animal Welfare,Humane Society,Humane Society,https://www.humanesociety.org,Yes,,Full Registration,"email, name, phone",Yes,None noted,None noted  
1034,Adoption & Animal Welfare,Rescue Me,Rescue Me,https://www.rescueme.org,Yes,,Full Registration,"email, name, phone",Yes,None noted,None noted  
1035,Adoption & Animal Welfare,Petango,Petango,https://www.petango.com,Yes,,Full Registration,"email, name, phone",Yes,None noted,None noted  
1036,Adoption & Animal Welfare,AKC,AKC Marketplace,https://marketplace.akc.org,Yes,,Full Registration,"email, name, phone",Yes,None noted,None noted  
1037,Adoption & Animal Welfare,AKC Rescue,AKC Rescue Network,https://www.akc.org/akc-rescue-network,Yes,,Full Registration,"email, name, phone",Yes,None noted,None noted  
1038,Books & Education,Amazon Kindle,Kindle Owners,https://www.amazon.com/kindle-dbs/manage,Yes,,Full Registration,"email, name, phone",Yes,None noted,None noted  
1039,Books & Education,Audible,Audible Free,https://www.audible.com,Yes,Free trials,Full Registration,"email, name, phone",Yes,None noted,None noted  
1040,Books & Education,Scribd,Scribd Free,https://www.scribd.com,Yes,Free tier,Full Registration,"email, name, phone",Yes,None noted,None noted  
1041,Books & Education,Libby,Libby,https://libbyapp.com,Yes,Free library,Full Registration,"email, name, phone",Yes,None noted,None noted  
1042,Books & Education,OverDrive,OverDrive,https://www.overdrive.com,Yes,Free library,Full Registration,"email, name, phone",Yes,None noted,None noted  
1043,Books & Education,Hoopla,Hoopla,https://www.hoopladigital.com,Yes,Free library,Full Registration,"email, name, phone",Yes,None noted,None noted  
1044,Books & Education,Kanopy,Kanopy,https://www.kanopy.com,Yes,Free library,Full Registration,"email, name, phone",Yes,None noted,None noted  
1045,Books & Education,Project Gutenberg,Gutenberg,https://www.gutenberg.org,Yes,Free ebooks,Full Registration,"email, name, phone",Yes,None noted,None noted  
1046,Books & Education,LibriVox,LibriVox,https://librivox.org,Yes,Free audiobooks,Full Registration,"email, name, phone",Yes,None noted,None noted  
1047,Books & Education,Open Library,Open Library,https://openlibrary.org,Yes,,Full Registration,"email, name, phone",Yes,None noted,None noted  
1048,Books & Education,BookBub,BookBub,https://www.bookbub.com,Yes,Free deals,Full Registration,"email, name, phone",Yes,None noted,None noted  
1049,Books & Education,Goodreads,Goodreads,https://www.goodreads.com,Yes,Free social,Full Registration,"email, name, phone",Yes,None noted,None noted  
1050,Travel & Airlines,Southwest Airlines,Rapid Rewards,https://www.southwest.com/rapid-rewards,Yes,,Full Registration,"email, name, phone",Yes,None noted,None noted  
1051,Travel & Airlines,Delta Airlines,SkyMiles,https://www.delta.com/skymiles,Yes,,Full Registration,"email, name, phone",Yes,None noted,None noted  
1052,Travel & Airlines,American Airlines,AAdvantage,https://www.aa.com/aadvantage-program/main,Yes,,Full Registration,"email, name, phone",Yes,None noted,None noted  
1053,Travel & Airlines,United Airlines,MileagePlus,https://www.united.com/ual/en/us/mileageplus,Yes,,Full Registration,"email, name, phone",Yes,None noted,None noted  
1054,Travel & Airlines,JetBlue,TrueBlue,https://www.jetblue.com/trueblue,Yes,,Full Registration,"email, name, phone",Yes,None noted,None noted  
1055,Travel & Airlines,Alaska Airlines,Mileage Plan,https://www.alaskaair.com/mileage-plan,Yes,,Full Registration,"email, name, phone",Yes,None noted,None noted  
1056,Travel & Airlines,Spirit Airlines,Free Spirit,https://www.spirit.com/free-spirit,Yes,,Full Registration,"email, name, phone",Yes,None noted,None noted  
1057,Travel & Airlines,Frontier Airlines,Frontier Miles,https://www.flyfrontier.com/miles,Yes,,Full Registration,"email, name, phone",Yes,None noted,None noted  
1058,Travel & Airlines,Hawaiian Airlines,HawaiianMiles,https://www.hawaiianairlines.com/miles,Yes,,Full Registration,"email, name, phone",Yes,None noted,None noted  
1059,Travel & Airlines,Hilton,Hilton Honors,https://www.hilton.com/en/hilton-honors,Yes,,Full Registration,"email, name, phone",Yes,None noted,None noted  
1060,Travel & Airlines,Marriott,Marriott Bonvoy,https://www.marriott.com/loyalty.mi,Yes,,Full Registration,"email, name, phone",Yes,None noted,None noted  
1061,Travel & Airlines,Hyatt,World of Hyatt,https://www.hyatt.com/en-US/rewards,Yes,,Full Registration,"email, name, phone",Yes,None noted,None noted  
1062,Travel & Airlines,IHG Hotels,IHG Rewards,https://www.ihg.com/rewards,Yes,,Full Registration,"email, name, phone",Yes,None noted,None noted  
1063,Travel & Airlines,Choice Hotels,Choice Privileges,https://www.choicehotels.com/rewards,Yes,,Full Registration,"email, name, phone",Yes,None noted,None noted  
1064,Travel & Airlines,Wyndham Hotels,Wyndham Rewards,https://www.wyndhamrewards.com,Yes,,Full Registration,"email, name, phone",Yes,None noted,None noted  
1065,Car Rental,Hertz,Hertz Gold Plus Rewards,https://www.hertz.com/rentacar/rewards,Yes,,Full Registration,"email, name, phone",Yes,None noted,None noted  
1066,Car Rental,Enterprise,Enterprise Plus,https://www.enterprise.com/en_US/enterprise-plus.html,Yes,,Full Registration,"email, name, phone",Yes,None noted,None noted  
1067,Car Rental,Avis,Avis Preferred,https://www.avis.com/en_US/loyalty/avis-preferred.html,Yes,,Full Registration,"email, name, phone",Yes,None noted,None noted  
1068,Car Rental,Budget,Budget Fastbreak,https://www.budget.com/en_US/loyalty/fastbreak.html,Yes,,Full Registration,"email, name, phone",Yes,None noted,None noted  
1069,Car Rental,National,Emerald Club,https://www.nationalcar.com/en_US/loyalty/emerald-club.html,Yes,,Full Registration,"email, name, phone",Yes,None noted,None noted  
1070,Car Rental,Alamo,Alamo Insider,https://www.alamo.com/en_US/loyalty/alamo-insider.html,Yes,,Full Registration,"email, name, phone",Yes,None noted,None noted  
1071,Car Rental,Thrifty,Thrifty Blue Chip,https://www.thrifty.com/en_US/loyalty/blue-chip.html,Yes,,Full Registration,"email, name, phone",Yes,None noted,None noted  
1072,Car Rental,Dollar,Dollar Express,https://www.dollar.com/en_US/loyalty/express.html,Yes,,Full Registration,"email, name, phone",Yes,None noted,None noted  
1073,Car Rental,Sixt,Sixt Express,https://www.sixt.com/loyalty/sixt-express,Yes,,Full Registration,"email, name, phone",Yes,None noted,None noted  
1074,Luxury Brands,Bottega Veneta,Bottega Veneta Newsletter,https://www.bottegaveneta.com/en_us,Yes,Free newsletter,Email Only,email,Yes,None noted,None noted  
1075,Luxury Brands,Gucci,Gucci Newsletter,https://www.gucci.com/us/en/news,Yes,Exclusive access,Email Only,email,Yes,None noted,None noted  
1076,Luxury Brands,Prada,Prada Communication,https://www.prada.com/us/en,Yes,Free newsletter,Email Only,email,Yes,None noted,None noted  
1077,Luxury Brands,Versace,Versace Rewards,https://www.versace.com/us/en/rewards,Yes,,Email Only,email,Yes,None noted,None noted  
1078,Luxury Brands,Dolce & Gabbana,D\&G Newsletter,https://www.dolcegabbana.com/en-us,Yes,,Email Only,email,Yes,None noted,None noted  
1079,Luxury Brands,Fendi,Fendi ICON,https://www.fendi.com/us/icon,Yes,,Email Only,email,Yes,None noted,None noted  
1080,Luxury Brands,Salvatore Ferragamo,Ferragamo Newsletter,https://www.ferragamo.com,Yes,,Email Only,email,Yes,None noted,None noted  
1081,Luxury Brands,Moschino,Moschino Newsletter,https://www.moschino.com,Yes,Free newsletter,Email Only,email,Yes,None noted,None noted  
1082,Luxury Brands,Roberto Coin,Roberto Coin Club,https://www.robertocoin.com/loyalty,Yes,,Email Only,email,Yes,None noted,None noted  
1083,Luxury Brands,Pomellato,Pomellato Newsletter,https://www.pomellato.com,Yes,Free newsletter,Email Only,email,Yes,None noted,None noted  
1084,Luxury Brands,Buccellati,Buccellati Newsletter,https://www.buccellati.com,Yes,,Email Only,email,Yes,None noted,None noted  
1085,Luxury Brands,Damiani,Damiani Newsletter,https://www.damiani.com,Yes,,Email Only,email,Yes,None noted,None noted  
1086,Luxury Brands,Chaumet,Chaumet Newsletter,https://www.chaumet.com,Yes,,Email Only,email,Yes,None noted,None noted  
1087,Luxury Brands,Boucheron,Boucheron Newsletter,https://www.boucheron.com,Yes,Free newsletter,Email Only,email,Yes,None noted,None noted  
1088,Luxury Brands,Dior,Dior Joy,https://www.dior.com/en_us/dior-joy,Yes,,Email Only,email,Yes,None noted,None noted  
1089,Luxury Brands,Chanel,Chanel Newsletter,https://www.chanel.com/us,Yes,,Email Only,email,Yes,None noted,None noted  
1090,Luxury Brands,Hermès,Hermès Newsletter,https://www.hermes.com/us/en,Yes,Free newsletter,Email Only,email,Yes,None noted,None noted  
1091,Luxury Brands,Louis Vuitton,LV Newsletter,https://us.louisvuitton.com/eng-us/stories,Yes,,Email Only,email,Yes,None noted,None noted  
1092,Luxury Brands,Givenchy,Givenchy Newsletter,https://www.givenchy.com/us/en,Yes,Free newsletter,Email Only,email,Yes,None noted,None noted  
1093,Luxury Brands,YSL,YSL Beauty Club,https://www.ysl.com/us,Yes,,Email Only,email,Yes,None noted,None noted  
1094,Luxury Brands,Lanvin,Lanvin Newsletter,https://www.lanvin.com,Yes,Free newsletter,Email Only,email,Yes,None noted,None noted  
1095,Jewelry & Watches,Mikimoto,Mikimoto Rewards,https://www.mikimoto.com/us/loyalty-program,Yes,,Full Registration,"email, name, phone",Yes,None noted,None noted  
1096,Jewelry & Watches,Tasaki,Tasaki Newsletter,https://www.tasaki.co.jp,Yes,Free newsletter,Email Only,email,Yes,None noted,None noted  
1097,Jewelry & Watches,Grand Seiko,Grand Seiko Care,https://www.grandseiko.com/us_en/customer-service,Yes,Free warranty,Full Registration,"email, name, phone",Yes,None noted,None noted  
1098,Jewelry & Watches,Casio,Casio Watch Care,https://www.casio.com/us/watches,Yes,Free warranty,Full Registration,"email, name, phone",Yes,None noted,None noted  
1099,Jewelry & Watches,Orient,Orient Care,https://www.orient-watch.com/customer-service,Yes,Free warranty,Full Registration,"email, name, phone",Yes,None noted,None noted  
1100,Jewelry & Watches,Citizen Eco-Drive,Citizen Eco-Drive,https://www.citizenwatch.com/us_en/eco-drive,Yes,,Full Registration,"email, name, phone",Yes,None noted,None noted  
1101,Luxury Brands,Chow Tai Fook,CTF Club,https://www.chowtaifook.com,Yes,,Email Only,email,Yes,None noted,None noted  
1102,Luxury Brands,Luk Fook,Luk Fook VIP,https://www.lukfook.com,Yes,,Email Only,email,Yes,None noted,None noted  
1103,Luxury Brands,Tiancheng,Tiancheng Rewards,https://www.tiancheng.com,Yes,,Email Only,email,Yes,None noted,None noted  
1104,Luxury Brands,China Gold,China Gold Club,https://www.chinagold.com,Yes,,Email Only,email,Yes,None noted,None noted  
1105,Luxury Brands,Lao Feng Xiang,LFX Rewards,https://www.laofengxiang.com,Yes,,Email Only,email,Yes,None noted,None noted  
1106,Health & Wellness,GNC,GNC Rewards,https://www.gnc.com/rewards,Yes,,Full Registration,"email, name, phone",Yes,None noted,None noted  
1107,Health & Wellness,Vitamin Shoppe,VS Rewards,https://www.vitaminshoppe.com/rewards,Yes,,Full Registration,"email, name, phone",Yes,None noted,None noted  
1108,Health & Wellness,Whole Foods,Whole Foods 365,https://www.wholefoodsmarket.com/365,Yes,,Full Registration,"email, name, phone",Yes,None noted,None noted  
1109,Health & Wellness,Natural Grocers,NG Rewards,https://www.naturalgrocers.com/rewards,Yes,,Full Registration,"email, name, phone",Yes,None noted,None noted  
1110,Health & Wellness,CVS Health,CVS Health,https://www.cvs.com,Yes,,Full Registration,"email, name, phone",Yes,None noted,None noted  
1111,Electronics & Tech,NVIDIA,NVIDIA GeForce Rewards,https://www.nvidia.com/en-us/geforce/rewards,Yes,,Full Registration,"email, name, phone",Yes,None noted,None noted  
1112,Electronics & Tech,Intel,Intel Insider,https://www.intel.com/content/www/us/en/insider.html,Yes,,Full Registration,"email, name, phone",Yes,None noted,None noted  
1113,Electronics & Tech,AMD,AMD Rewards,https://www.amd.com/en/rewards,Yes,,Full Registration,"email, name, phone",Yes,None noted,None noted  
1114,Electronics & Tech,ASUS,ASUS Rewards,https://www.asus.com/us/Content.aspx?Content_Id=12819,Yes,,Full Registration,"email, name, phone",Yes,None noted,None noted  
1115,Electronics & Tech,Acer,Acer Rewards,https://www.acer.com/us-en/rewards,Yes,,Full Registration,"email, name, phone",Yes,None noted,None noted  
1116,Luxury Brands,Louis Vuitton,LV Client Services,https://us.louisvuitton.com/eng-us/my-account,Yes,Ultra Luxury; Elite clienteling account,Email Only,email,Yes,None noted,None noted  
1117,Luxury Brands,Gucci,Gucci Osteria Club,https://www.gucci.com/us/en/my-account/login,Yes,Ultra Luxury; VIP membership portal,Email Only,email,Yes,None noted,None noted  
1118,Luxury Brands,Prada,Prada Account,https://www.prada.com/us/en/account.html,Yes,Ultra Luxury; Personal account / clienteling,Email Only,email,Yes,None noted,None noted  
1119,Luxury Brands,Chanel,Chanel Account,https://www.chanel.com/us/services,Yes,Ultra Luxury; VIP client services,Email Only,email,Yes,None noted,None noted  
1120,Luxury Brands,Hermès,Hermès Account,https://www.hermes.com/us/en/store/account,Yes,Ultra Luxury; Boutique loyalty program,Email Only,email,Yes,None noted,None noted  
1121,Luxury Brands,Dior,Dior Account,https://www.dior.com/en_us/account,Yes,Ultra Luxury; Beauty & fashion VIP tier,Email Only,email,Yes,None noted,None noted  
1122,Luxury Brands,Burberry,Burberry Account,https://us.burberry.com/login,Yes,Ultra Luxury; B-Series loyalty perks,Full Registration,"email, name, phone",Yes,None noted,None noted  
1123,Luxury Brands,Versace,Versace Account,https://www.versace.com/us/en-us/login,Yes,Ultra Luxury; VIP client rewards,Email Only,email,Yes,None noted,None noted  
1124,Luxury Brands,Balenciaga,Balenciaga Account,https://www.balenciaga.com/en-us/login,Yes,Ultra Luxury; Member account,Full Registration,"email, name, phone",Yes,None noted,None noted  
1125,Luxury Brands,Saint Laurent,YSL Account,https://www.ysl.com/us/en-us/account,Yes,Ultra Luxury; YSL clienteling,Full Registration,"email, name, phone",Yes,None noted,None noted  
1126,Luxury Brands,Bottega Veneta,BV Account,https://www.bottegaveneta.com/en-us/account,Yes,Ultra Luxury; VIP services,Email Only,email,Yes,None noted,None noted  
1127,Luxury Brands,Valentino,Valentino Account,https://www.valentino.com/en-us/account.html,Yes,Ultra Luxury; Client loyalty,Full Registration,"email, name, phone",Yes,None noted,None noted  
1128,Luxury Brands,Givenchy,Givenchy Account,https://www.givenchy.com/en-us/account,Yes,Ultra Luxury; Client account,Email Only,email,Yes,None noted,None noted  
1129,Luxury Brands,Alexander McQueen,McQueen Account,https://www.alexandermcqueen.com/en-us/account,Yes,Ultra Luxury; VIP tier,Full Registration,"email, name, phone",Yes,None noted,None noted  
1130,Luxury Brands,Moncler,Moncler Account,https://www.moncler.com/en-us/account,Yes,Ultra Luxury; Privileged membership,Full Registration,"email, name, phone",Yes,None noted,None noted  
1131,Luxury Brands,Stone Island,Stone Island Account,https://www.stoneisland.com/us/login,Yes,Ultra Luxury; Member benefits,Full Registration,"email, name, phone",Yes,None noted,None noted  
1132,Luxury Brands,Off-White,Off-White Account,https://www.off---white.com/en-us/account,Yes,Ultra Luxury; Exclusive drops access,Full Registration,"email, name, phone",Yes,None noted,None noted  
1133,Luxury Brands,Brunello Cucinelli,BC Account,https://www.brunellocucinelli.com/en-us/account,Yes,Ultra Luxury; Artisan client services,Full Registration,"email, name, phone",Yes,None noted,None noted  
1134,Luxury Brands,Tom Ford,Tom Ford Account,https://www.tomford.com/account,Yes,Ultra Luxury; VIP client portal,Full Registration,"email, name, phone",Yes,None noted,None noted  
1135,Luxury Brands,Ermenegildo Zegna,Zegna Account,https://www.zegna.com/us-en/account,Yes,Ultra Luxury; Bespoke loyalty,Full Registration,"email, name, phone",Yes,None noted,None noted  
1136,Luxury Brands,Loro Piana,LP Account,https://www.loropiana.com/en/account,Yes,Ultra Luxury; Cashmere VIP,Full Registration,"email, name, phone",Yes,None noted,None noted  
1137,Luxury Brands,Fendi,Fendi Account,https://www.fendi.com/en-us/account,Yes,Ultra Luxury; FF Member Club,Email Only,email,Yes,None noted,None noted  
1138,Luxury Brands,Loewe,Loewe Account,https://www.loewe.com/en-us/account.html,Yes,Ultra Luxury; Craft loyalty,Full Registration,"email, name, phone",Yes,None noted,None noted  
1139,Luxury Brands,Celine,Celine Account,https://www.celine.com/en-us/account.html,Yes,Ultra Luxury; VIP services,Full Registration,"email, name, phone",Yes,None noted,None noted  
1140,Luxury Brands,Kenzo,Kenzo Account,https://www.kenzo.com/en-us/account,Yes,Ultra Luxury; Artist loyalty,Full Registration,"email, name, phone",Yes,None noted,None noted  
1141,Luxury Brands,Marni,Marni Account,https://www.marni.com/en-us/account,Yes,Ultra Luxury; Artisan loyalty,Full Registration,"email, name, phone",Yes,None noted,None noted  
1142,Luxury Brands,Maison Margiela,MM6 Account,https://www.maisonmargiela.com/us/maison-margiela/account,Yes,Ultra Luxury; Deconstructed loyalty,Full Registration,"email, name, phone",Yes,None noted,None noted  
1143,Luxury Brands,Acne Studios,Acne Account,https://www.acnestudios.com/us/en/account,Yes,Ultra Luxury; Scandi loyalty,Full Registration,"email, name, phone",Yes,None noted,None noted  
1144,Luxury Brands,Rick Owens,Rick Owens Account,https://www.rickowens.eu/en/US/account,Yes,Ultra Luxury; Dark luxury membership,Full Registration,"email, name, phone",Yes,None noted,None noted  
1145,Luxury Brands,Comme des Garçons,CDG Account,https://shop.comme-des-garcons.com/en/account,Yes,Ultra Luxury; Avant-garde loyalty,Full Registration,"email, name, phone",Yes,None noted,None noted  
1146,Jewelry & Watches,Tiffany & Co.,Tiffany Account,https://www.tiffany.com/account,Yes,Ultra Luxury; Blue Box loyalty,Full Registration,"email, name, phone",Yes,None noted,None noted  
1147,Jewelry & Watches,Cartier,Cartier Account,https://www.cartier.com/en-us/my-account.html,Yes,Ultra Luxury; Maison loyalty,Full Registration,"email, name, phone",Yes,None noted,None noted  
1148,Jewelry & Watches,Rolex,Rolex Account,https://www.rolex.com/en-us/rolex-owners.html,Yes,Ultra Luxury; Certified Pre-Owned,Full Registration,"email, name, phone",Yes,None noted,None noted  
1149,Jewelry & Watches,Omega,Omega Account,https://www.omegawatches.com/en-us/my-account,Yes,Ultra Luxury; Elite watch club,Full Registration,"email, name, phone",Yes,None noted,None noted  
1150,Jewelry & Watches,TAG Heuer,TAG Account,https://www.tagheuer.com/en-us/account,Yes,Ultra Luxury; Connected loyalty,Full Registration,"email, name, phone",Yes,None noted,None noted  
1151,Jewelry & Watches,IWC,IWC Account,https://www.iwc.com/en/account.html,Yes,Ultra Luxury; Pilot's loyalty,Full Registration,"email, name, phone",Yes,None noted,None noted  
1152,Jewelry & Watches,Patek Philippe,PP Account,https://www.patek.com/en/service/services,Yes,Ultra Luxury; Collector services,Full Registration,"email, name, phone",Yes,None noted,None noted  
1153,Jewelry & Watches,Audemars Piguet,AP Account,https://www.audemarspiguet.com/com/en/ap-house,Yes,Ultra Luxury; AP House loyalty,Full Registration,"email, name, phone",Yes,None noted,None noted  
1154,Jewelry & Watches,Vacheron Constantin,VC Account,https://www.vacheron-constantin.com/en/home.html,Yes,Ultra Luxury; Maison VIP,Full Registration,"email, name, phone",Yes,None noted,None noted  
1155,Jewelry & Watches,Bvlgari,Bvlgari Account,https://www.bulgari.com/en-us/mia-bvlgari,Yes,Ultra Luxury; MIA Bvlgari loyalty,Full Registration,"email, name, phone",Yes,None noted,None noted  
1156,Jewelry & Watches,Van Cleef & Arpels,VCA Account,https://www.vancleefarpels.com/us/en/my-account.html,Yes,Ultra Luxury; High jewelry loyalty,Full Registration,"email, name, phone",Yes,None noted,None noted  
1157,Jewelry & Watches,Harry Winston,HW Account,https://www.harrywinston.com/en/account,Yes,Ultra Luxury; Ultimate luxury,Full Registration,"email, name, phone",Yes,None noted,None noted  
1158,Jewelry & Watches,Chopard,Chopard Account,https://www.chopard.com/en-us/account,Yes,Ultra Luxury; Happy Diamonds loyalty,Full Registration,"email, name, phone",Yes,None noted,None noted  
1159,Jewelry & Watches,Graff,Graff Account,https://www.graff.com,Yes,Ultra Luxury; Exceptional diamonds club,Full Registration,"email, name, phone",Yes,None noted,None noted  
1160,Jewelry & Watches,De Beers,DB Forevermark,https://www.debeers.com/en-us,Yes,Ultra Luxury; Diamond loyalty program,Full Registration,"email, name, phone",Yes,None noted,None noted  
1161,Dept Store,Neiman Marcus,NM InCircle,https://www.neimanmarcus.com/c/incircle-cat000730,Yes,Ultra Luxury; Top-tier luxury rewards,Full Registration,"email, name, phone",Yes,None noted,None noted  
1162,Dept Store,Bergdorf Goodman,BG Rewards,https://www.bergdorfgoodman.com/c/bgr-cat000000,Yes,Ultra Luxury; BG loyalty program,Full Registration,"email, name, phone",Yes,None noted,None noted  
1163,Dept Store,Bloomingdale's,Loyallist,https://www.bloomingdales.com/loyalty,Yes,Ultra Luxury; Loyallist points,Full Registration,"email, name, phone",Yes,Bonus points on signup,None noted  
1164,Dept Store,Net-A-Porter,NET Rewards,https://www.net-a-porter.com/en-us/porter/loyalty,Yes,Ultra Luxury; NAP loyalty,Full Registration,"email, name, phone",Yes,None noted,None noted  
1165,Dept Store,Mr Porter,MRP Account,https://www.mrporter.com/en-us/account,Yes,Ultra Luxury; Men's luxury loyalty,Full Registration,"email, name, phone",Yes,None noted,None noted  
1166,Dept Store,Mytheresa,MT Account,https://www.mytheresa.com/en-us/service/account.html,Yes,Ultra Luxury; Exclusive access,Full Registration,"email, name, phone",Yes,None noted,None noted  
1167,Dept Store,Matches Fashion,Matches Account,https://www.matchesfashion.com/us/account,Yes,Ultra Luxury; VIP rewards,Full Registration,"email, name, phone",Yes,None noted,None noted  
1168,Dept Store,Ssense,Ssense Account,https://www.ssense.com/en-us/account,Yes,Ultra Luxury; Member access,Full Registration,"email, name, phone",Yes,None noted,None noted  
1169,Dept Store,Farfetch,FARFETCH ACCESS,https://www.farfetch.com/farfetch-access-programme,Yes,Ultra Luxury; Tiered luxury access,Full Registration,"email, name, phone",Yes,None noted,None noted  
1170,Beauty & Cosmetics,La Mer,La Mer Account,https://www.cremedelamer.com/account,Yes,Ultra Luxury; Luxe skincare loyalty,Full Registration,"email, name, phone",Yes,None noted,None noted  
1171,Beauty & Cosmetics,La Prairie,LP Account,https://www.laprairie.com/en-us/my-account,Yes,Ultra Luxury; Swiss beauty loyalty,Full Registration,"email, name, phone",Yes,None noted,None noted  
1172,Beauty & Cosmetics,SK-II,SK-II Account,https://www.sk-ii.com/en/account,Yes,Ultra Luxury; Pitera loyalty,Full Registration,"email, name, phone",Yes,None noted,None noted  
1173,Beauty & Cosmetics,Sisley Paris,Sisley Account,https://www.sisley-paris.com/en-US/account,Yes,Ultra Luxury; Phyto-aromatic loyalty,Full Registration,"email, name, phone",Yes,None noted,None noted  
1174,Beauty & Cosmetics,Clé de Peau,CDP Account,https://www.cledepeaubeaute.com/en/account,Yes,Ultra Luxury; Radiance loyalty,Full Registration,"email, name, phone",Yes,None noted,None noted  
1175,Beauty & Cosmetics,Jo Malone,JM Account,https://www.jomalone.com/us/account,Yes,Ultra Luxury; Fragrance loyalty,Full Registration,"email, name, phone",Yes,None noted,None noted  
1176,Beauty & Cosmetics,Tom Ford Beauty,TFB Account,https://www.tomfordbeauty.com/account,Yes,Ultra Luxury; Private Blend loyalty,Full Registration,"email, name, phone",Yes,None noted,None noted  
1177,Beauty & Cosmetics,Creed,Creed Account,https://www.creedperfume.com/en-us/account,Yes,Ultra Luxury; Legacy fragrance loyalty,Full Registration,"email, name, phone",Yes,None noted,None noted  
1178,Beauty & Cosmetics,Diptyque,Diptyque Account,https://www.diptyqueparis.com/en_us/account,Yes,Ultra Luxury; Candle & fragrance loyalty,Full Registration,"email, name, phone",Yes,None noted,None noted  
1179,Beauty & Cosmetics,Aesop,Aesop Account,https://www.aesop.com/us/account,Yes,Ultra Luxury; Botanical luxury loyalty,Full Registration,"email, name, phone",Yes,None noted,None noted  
1180,Beauty & Cosmetics,Tatcha,Tatcha Account,https://www.tatcha.com/account,Yes,Ultra Luxury; Japanese beauty loyalty,Full Registration,"email, name, phone",Yes,None noted,None noted  
1181,Beauty & Cosmetics,Dr. Barbara Sturm,Sturm Account,https://www.drsturm.com/account,Yes,Ultra Luxury; Bio-hacking loyalty,Full Registration,"email, name, phone",Yes,None noted,None noted  
1182,Beauty & Cosmetics,Augustinus Bader,AB Account,https://www.augustinusbader.com/en-us/account,Yes,Ultra Luxury; TFC8 loyalty,Full Registration,"email, name, phone",Yes,None noted,None noted  
1183,Beauty & Cosmetics,111SKIN,111SKIN Account,https://www.111skin.com/account,Yes,Ultra Luxury; Clinic-grade loyalty,Full Registration,"email, name, phone",Yes,None noted,None noted  
1184,Beauty & Cosmetics,Kiehl's,Kiehl's Rewards,https://www.kiehls.com/our-rewards,Yes,Ultra Luxury; Apothecary rewards,Full Registration,"email, name, phone",Yes,None noted,None noted  
1185,Travel & Hotels,Marriott,Marriott Bonvoy,https://www.marriott.com/loyalty,Yes,Ultra Luxury; 140+ brands loyalty,Full Registration,"email, name, phone",Yes,None noted,None noted  
1186,Travel & Hotels,Hyatt,World of Hyatt,https://world.of.hyatt.com/content/globalhyatt/en_US/my-account/create-account.html,Yes,Ultra Luxury; Globalist tier loyalty,Full Registration,"email, name, phone",Yes,None noted,None noted  
1187,Travel & Hotels,Four Seasons,Four Seasons Account,https://www.fourseasons.com/preferredpartner,Yes,Ultra Luxury; Preferred partner loyalty,Full Registration,"email, name, phone",Yes,None noted,None noted  
1188,Travel & Hotels,Ritz-Carlton,RC Rewards (Bonvoy),https://www.ritzcarlton.com/en/hotel-loyalty,Yes,Ultra Luxury; Via Marriott Bonvoy,Full Registration,"email, name, phone",Yes,None noted,None noted  
1189,Travel & Hotels,St. Regis,St. Regis (Bonvoy),https://www.stregis.com/loyalty,Yes,Ultra Luxury; Via Marriott Bonvoy,Full Registration,"email, name, phone",Yes,None noted,None noted  
1190,Travel & Hotels,Waldorf Astoria,WA Honors,https://www.waldorfastoria.com/hilton-honors,Yes,Ultra Luxury; Via Hilton Honors,Full Registration,"email, name, phone",Yes,None noted,None noted  
1191,Travel & Hotels,Rosewood,Rosewood Journeys,https://www.rosewoodhotels.com/en/rosewood-journeys,Yes,Ultra Luxury; Private club loyalty,Full Registration,"email, name, phone",Yes,None noted,None noted  
1192,Travel & Hotels,Belmond,Belmond Bellini Club,https://www.belmond.com/bellini-club,Yes,Ultra Luxury; Orient-Express luxury,Full Registration,"email, name, phone",Yes,None noted,None noted  
1193,Travel & Hotels,Aman,Aman Residences,https://www.aman.com,Yes,Ultra Luxury; Ultra-exclusive membership,Full Registration,"email, name, phone",Yes,None noted,None noted  
1194,Travel & Hotels,Six Senses,Six Senses Rewards,https://www.sixsenses.com/en/account,Yes,Ultra Luxury; Wellness loyalty,Full Registration,"email, name, phone",Yes,None noted,None noted  
1195,Travel & Hotels,Mandarin Oriental,Fan Club,https://www.mandarinoriental.com/fan-club,Yes,Ultra Luxury; Fan Club by MO,Full Registration,"email, name, phone",Yes,None noted,None noted  
1196,Travel & Hotels,Peninsula,Peninsula Academy,https://www.peninsula.com/en/misc/peninsula-academy,Yes,Ultra Luxury; Experiential loyalty,Full Registration,"email, name, phone",Yes,None noted,None noted  
1197,Travel & Hotels,Shangri-La,Golden Circle,https://www.shangri-la.com/en/goldenCircle,Yes,Ultra Luxury; Asia-Pacific luxury loyalty,Full Registration,"email, name, phone",Yes,None noted,None noted  
1198,Travel & Airlines,Emirates,Emirates Skywards,https://www.emirates.com/us/english/skywards,Yes,Ultra Luxury; Premium miles program,Full Registration,"email, name, phone",Yes,None noted,None noted  
1199,Travel & Airlines,Qatar Airways,Qatar Privilege Club,https://www.qatarairways.com/en-us/privilege-club.html,Yes,Ultra Luxury; 5-star miles loyalty,Full Registration,"email, name, phone",Yes,None noted,None noted  
1200,Travel & Airlines,Singapore Airlines,KrisFlyer,https://www.singaporeair.com/en_UK/ppsclub-krisflyer/join-krisflyer,Yes,Ultra Luxury; World-class miles loyalty,Full Registration,"email, name, phone",Yes,None noted,None noted  
1201,Travel & Airlines,Etihad,Etihad Guest,https://www.etihad.com/en-us/etihad-guest,Yes,Ultra Luxury; Gulf carrier loyalty,Full Registration,"email, name, phone",Yes,None noted,None noted  
1202,Travel & Airlines,Cathay Pacific,Asia Miles,https://www.cathaypacific.com/cx/en_US/loyalty-programme/asia-miles.html,Yes,Ultra Luxury; Asia Miles program,Full Registration,"email, name, phone",Yes,None noted,None noted  
1203,Travel & Airlines,Lufthansa,Miles & More,https://www.miles-and-more.com/row/en.html,Yes,Ultra Luxury; European premium miles,Full Registration,"email, name, phone",Yes,None noted,None noted  
1204,Travel & Airlines,British Airways,Executive Club,https://www.britishairways.com/en-us/executive-club,Yes,Ultra Luxury; Avios loyalty,Full Registration,"email, name, phone",Yes,None noted,None noted  
1205,Travel & Airlines,Air France,Flying Blue,https://www.airfranceklm.com/en/flying-blue-program,Yes,Ultra Luxury; KLM Flying Blue,Full Registration,"email, name, phone",Yes,None noted,None noted  
1206,Travel & Airlines,Qantas,Qantas Frequent Flyer,https://www.qantas.com/au/en/frequent-flyer.html,Yes,Ultra Luxury; Australian airline loyalty,Full Registration,"email, name, phone",Yes,None noted,None noted  
1207,Travel & Airlines,Virgin Atlantic,Flying Club,https://www.virginatlantic.com/flying-club,Yes,Ultra Luxury; Virgin Points,Full Registration,"email, name, phone",Yes,Bonus points on signup,None noted  
1208,Auto,BMW,BMW Loyalty Rewards,https://www.bmwusa.com/content/bmwusa/marketUS/bmw_us_website/en/home0/owners.html,Yes,Ultra Luxury; Owner rewards program,Full Registration,"email, name, phone",Yes,None noted,None noted  
1209,Auto,Mercedes-Benz,MB Star Loyalty,https://www.mbusa.com/en/owners,Yes,Ultra Luxury; Star loyalty tier,Full Registration,"email, name, phone",Yes,None noted,None noted  
1210,Auto,Audi,Audi Loyalty,https://www.audiusa.com/us/web/en/owner-resources.html,Yes,Ultra Luxury; Audi Owner benefits,Full Registration,"email, name, phone",Yes,None noted,None noted  
1211,Auto,Lexus,Lexus Loyalty,https://www.lexus.com/owners,Yes,Ultra Luxury; Owner concierge loyalty,Full Registration,"email, name, phone",Yes,None noted,None noted  
1212,Auto,Porsche,Porsche Loyalty,https://www.porsche.com/usa/accessoriesandservice/porschedriversselection,Yes,Ultra Luxury; Driven loyalty,Full Registration,"email, name, phone",Yes,None noted,None noted  
1213,Auto,Tesla,Tesla Account,https://www.tesla.com/account,Yes,Ultra Luxury; Referral rewards,Full Registration,"email, name, phone",Yes,None noted,None noted  
1214,Auto,Land Rover,Land Rover Loyalty,https://www.landroverusa.com/current-offers/loyalty.html,Yes,Ultra Luxury; Discovery loyalty,Full Registration,"email, name, phone",Yes,None noted,None noted  
1215,Auto,Volvo,Volvo Loyalty,https://www.volvocars.com/us/own/loyalty,Yes,Ultra Luxury; Sustainable loyalty,Full Registration,"email, name, phone",Yes,None noted,None noted  
1216,Sports & Outdoors,Rapha,RCC Membership,https://content.rapha.cc/us/en/rcc,Yes,Ultra Luxury; Premium cycling club,Full Registration,"email, name, phone",Yes,None noted,None noted  
1217,Fashion & Apparel,Lululemon,lululemon membership,https://shop.lululemon.com/membership,No,Ultra Luxury; Free + paid tiers,Paid Subscription,"email, name, payment info",No,None noted,Payment required  
1218,Fashion & Apparel,Arc'teryx,Arc'teryx Account,https://www.arcteryx.com/us/en/account,Yes,Ultra Luxury; Warranty + loyalty,Full Registration,"email, name, phone",Yes,None noted,None noted  
1219,Fashion & Apparel,Patagonia,Patagonia Account,https://www.patagonia.com/shop/my-account,Yes,Ultra Luxury; Worn Wear loyalty,Full Registration,"email, name, phone",Yes,None noted,None noted  
1220,Fashion & Apparel,Canada Goose,CG Account,https://www.canadagoose.com/us/en/account,Yes,Ultra Luxury; Generations loyalty,Full Registration,"email, name, phone",Yes,None noted,None noted  
1221,Sports & Outdoors,Oakley,Oakley Rewards,https://www.oakley.com/en-us/category/rewards,Yes,Ultra Luxury; Sport eyewear loyalty,Full Registration,"email, name, phone",Yes,None noted,None noted  
1222,Sports & Outdoors,Titleist,Titleist Account,https://www.titleist.com/account/login,Yes,Ultra Luxury; Golf premium loyalty,Full Registration,"email, name, phone",Yes,None noted,None noted  
1223,Sports & Outdoors,Callaway,Callaway Rewards,https://www.callawaygolf.com/rewards,Yes,Ultra Luxury; Golf loyalty program,Full Registration,"email, name, phone",Yes,None noted,None noted  
1224,Sports & Outdoors,TaylorMade,TM Account,https://www.taylormadegolf.com/account,Yes,Ultra Luxury; Golf club loyalty,Full Registration,"email, name, phone",Yes,None noted,None noted  
1225,Dining,Moët & Chandon,LVMH Cellar Club,https://www.moet.com/en-us/account,Yes,Ultra Luxury; Champagne loyalty,Full Registration,"email, name, phone",Yes,None noted,None noted  
1226,Dining,Hennessy,Hennessy Account,https://www.hennessy.com/en-us/account,Yes,Ultra Luxury; Cognac loyalty,Full Registration,"email, name, phone",Yes,None noted,None noted  
1227,Dining,Dom Pérignon,DP Account,https://www.domperignon.com/us-en/account,Yes,Ultra Luxury; Prestige cuvée loyalty,Full Registration,"email, name, phone",Yes,None noted,None noted  
1228,Dining,Rémy Martin,Rémy Account,https://www.remymartin.com/en-us/account,Yes,Ultra Luxury; Cognac loyalty,Full Registration,"email, name, phone",Yes,None noted,None noted  
1229,Dining,Glenfiddich,WG+ Membership,https://www.glenfiddich.com/us/wg-plus,Yes,Ultra Luxury; Single malt whisky loyalty,Full Registration,"email, name, phone",Yes,None noted,None noted  
1230,Dining,Macallan,Macallan Account,https://www.themacallan.com/en/account,Yes,Ultra Luxury; Whisky loyalty,Full Registration,"email, name, phone",Yes,None noted,None noted  
1231,Electronics & Tech,Bang & Olufsen,B\&O Account,https://www.bang-olufsen.com/en/us/account,Yes,Ultra Luxury; Audiophile loyalty,Full Registration,"email, name, phone",Yes,None noted,None noted  
1232,Electronics & Tech,Bose,Bose Account,https://www.bose.com/account,Yes,Ultra Luxury; Sound loyalty,Full Registration,"email, name, phone",Yes,None noted,None noted  
1233,Electronics & Tech,Sonos,Sonos Account,https://www.sonos.com/en-us/account,Yes,Ultra Luxury; Home audio loyalty,Full Registration,"email, name, phone",Yes,None noted,None noted  
1234,Electronics & Tech,Sony,Sony Rewards,https://www.sony.com/en/articles/sony-rewards,Yes,Ultra Luxury; Points per purchase,Full Registration,"email, name, phone",Yes,Bonus points on signup,None noted  
1235,Dining,Nobu,Nobu More Moments,https://www.noburestaurants.com/global/en/loyalty,Yes,Ultra Luxury; Michelin dining loyalty,Full Registration,"email, name, phone",Yes,None noted,None noted  
1236,Dining,Cipriani,Cipriani Private Members,https://www.cipriani.com,Yes,Ultra Luxury; Private dining club,Full Registration,"email, name, phone",Yes,None noted,None noted  
1237,Dining,STK Steakhouse,ONE Hospitality Rewards,https://www.togrp.com/loyalty,Yes,Ultra Luxury; Fine dining rewards,Full Registration,"email, name, phone",Yes,None noted,None noted  
1238,Dining,Capital Grille,Darden Rewards,https://www.thecapitalgrille.com/rewards,Yes,Ultra Luxury; Steakhouse rewards,Full Registration,"email, name, phone",Yes,None noted,None noted  
1239,Dining,Morton's,Landry's Select Club,https://www.mortons.com,Yes,Ultra Luxury; Steakhouse loyalty,Full Registration,"email, name, phone",Yes,None noted,None noted  
1240,Dining,Ruth's Chris,RC Prime Rewards,https://www.ruthschris.com/prime-rewards,Yes,Ultra Luxury; Steakhouse points,Full Registration,"email, name, phone",Yes,Bonus points on signup,None noted  
1241,Fashion & Apparel,SKIMS,SKIMS Rewards,https://skims.com/pages/faqs,Yes,Ultra Luxury; Kim K brand loyalty,Full Registration,"email, name, phone",Yes,None noted,None noted  
1242,Dept Store,Wesfarmers OnePass,OnePass,https://onepass.com.au/getting-started,No,Ultra Luxury; AU subscription loyalty,Paid Subscription,"email, name, payment info",No,None noted,Payment required  
1243,Free Samples & Rebates,Rakuten,Rakuten Points,https://www.rakuten.com/welcome.htm,Yes,Ultra Luxury; Cash-back + points portal,Full Registration,"email, name, phone",Yes,Bonus points on signup,None noted  
1244,Catalog,Sotheby's,Sotheby's Preferred,https://www.sothebys.com/en/about/services/preferred,Yes,Ultra Luxury; Art collector loyalty,Full Registration,"email, name, phone",Yes,None noted,None noted  
1245,Catalog,Christie's,Christie's Account,https://www.christies.com/account/signin,Yes,Ultra Luxury; Art auction loyalty,Full Registration,"email, name, phone",Yes,None noted,None noted  
1246,Fashion & Apparel,Ralph Lauren,RL Rewards,https://www.ralphlauren.com/customerservice/index.jsp?ab=global_help_loyalty,Yes,Premium; RL Family loyalty,Full Registration,"email, name, phone",Yes,None noted,None noted  
1247,Fashion & Apparel,Michael Kors,MK Rewards,https://www.michaelkors.com/customer-service/loyalty-program,Yes,Premium; MKors loyalty,Full Registration,"email, name, phone",Yes,None noted,None noted  
1248,Fashion & Apparel,Hugo Boss,BOSS Experience,https://www.hugoboss.com/us/customer-service/loyalty.html,Yes,Premium mens loyalty,Full Registration,"email, name, phone",Yes,None noted,None noted  
1249,Fashion & Apparel,Ted Baker,Ted's Club,https://www.tedbaker.com/us/loyalty,Yes,Premium; British quirky loyalty,Full Registration,"email, name, phone",Yes,None noted,None noted  
1250,Fashion & Apparel,Banana Republic,BR Rewards,https://bananarepublic.gap.com/customerService/info.do?cid=85777,Yes,Premium; BR loyalty via Gap,Full Registration,"email, name, phone",Yes,None noted,None noted  
1251,Fashion & Apparel,J.Crew,J.Crew Rewards,https://www.jcrew.com/r/jcrew-rewards,Yes,Premium; JCrew loyalty,Full Registration,"email, name, phone",Yes,None noted,None noted  
1252,Fashion & Apparel,J.Crew Factory,JCF Rewards,https://factory.jcrew.com/r/jcrew-rewards,Yes,Premium; Factory loyalty,Full Registration,"email, name, phone",Yes,None noted,None noted  
1253,Fashion & Apparel,Anthropologie,AnthroPerks,https://www.anthropologie.com/help/anthro-perks,Yes,Premium; Free perks program,Full Registration,"email, name, phone",Yes,None noted,None noted  
1254,Fashion & Apparel,Free People,FP Rewards,https://www.freepeople.com/help/free-people-rewards,Yes,Premium; Boho loyalty,Full Registration,"email, name, phone",Yes,None noted,None noted  
1255,Fashion & Apparel,Urban Outfitters,UO Rewards,https://www.urbanoutfitters.com/urban-outfitters-rewards,Yes,Premium; Urban loyalty,Full Registration,"email, name, phone",Yes,None noted,None noted  
1256,Fashion & Apparel,AllSaints,AllSaints Rewards,https://www.allsaints.com/us/customer-service/AllSaints-Rewards,Yes,Premium; British brand loyalty,Full Registration,"email, name, phone",Yes,None noted,None noted  
1257,Fashion & Apparel,Club Monaco,CM Loyalty,https://www.clubmonaco.com/en/US/customer-service/loyalty-program,Yes,Premium; Modern luxury loyalty,Full Registration,"email, name, phone",Yes,None noted,None noted  
1258,Fashion & Apparel,Mango,Mango Loyalty,https://shop.mango.com/us/loyalty,Yes,Premium; Spanish fashion loyalty,Full Registration,"email, name, phone",Yes,None noted,None noted  
1259,Fashion & Apparel,COS,COS Account,https://www.cos.com/en_usd/loyalty,Yes,Premium; H\&M Group premium,Full Registration,"email, name, phone",Yes,None noted,None noted  
1260,Fashion & Apparel,& Other Stories,Stories Account,https://www.stories.com/en_usd/loyalty,Yes,Premium; H\&M Group fashion,Full Registration,"email, name, phone",Yes,None noted,None noted  
1261,Fashion & Apparel,Reiss,Reiss Rewards,https://www.reiss.com/us/loyalty,Yes,Premium; British tailoring loyalty,Full Registration,"email, name, phone",Yes,None noted,None noted  
1262,Fashion & Apparel,Rag & Bone,R\&B Membership,https://www.rag-bone.com/rewards,Yes,Premium; NYC fashion loyalty,Full Registration,"email, name, phone",Yes,None noted,None noted  
1263,Fashion & Apparel,Theory,Theory Rewards,https://www.theory.com/rewards,Yes,Premium; Contemporary luxury loyalty,Full Registration,"email, name, phone",Yes,None noted,None noted  
1264,Fashion & Apparel,Vince,Vince Account,https://www.vince.com/account,Yes,Premium; Modern essentials loyalty,Full Registration,"email, name, phone",Yes,None noted,None noted  
1265,Fashion & Apparel,Eileen Fisher,EF Renew,https://www.eileenfisher.com/renew,Yes,Premium; Sustainable fashion loyalty,Full Registration,"email, name, phone",Yes,None noted,None noted  
1266,Fashion & Apparel,Tommy Hilfiger,TH Rewards,https://usa.tommy.com/en/rewards-program,Yes,Premium; Classic American loyalty,Full Registration,"email, name, phone",Yes,None noted,None noted  
1267,Fashion & Apparel,Calvin Klein,CK Rewards,https://www.calvinklein.us/en/rewards,Yes,Premium; Minimalist loyalty,Full Registration,"email, name, phone",Yes,None noted,None noted  
1268,Footwear,Cole Haan,CH Grand Rewards,https://www.colehaan.com/rewards,Yes,Premium; Comfort luxury loyalty,Full Registration,"email, name, phone",Yes,None noted,None noted  
1269,Footwear,Steve Madden,SM Rewards,https://www.stevemadden.com/pages/sm-rewards,Yes,Premium; Fashion footwear loyalty,Full Registration,"email, name, phone",Yes,None noted,None noted  
1270,Footwear,Ecco,Ecco Account,https://us.ecco.com/account,Yes,Premium; Danish comfort loyalty,Full Registration,"email, name, phone",Yes,None noted,None noted  
1271,Footwear,Ugg,UGG Rewards,https://www.ugg.com/rewards,Yes,Premium; Lifestyle loyalty,Full Registration,"email, name, phone",Yes,None noted,None noted  
1272,Footwear,Timberland,Timberland Rewards,https://www.timberland.com/en-us/c/timsquad,Yes,Premium; TimSquad loyalty,Full Registration,"email, name, phone",Yes,None noted,None noted  
1273,Footwear,Vans,Family Rewards,https://www.vans.com/en-us/vans-family,Yes,Premium; Free to join skate loyalty,Full Registration,"email, name, phone",Yes,None noted,None noted  
1274,Footwear,Converse,Converse Stars,https://www.converse.com/c/en/converse-stars-loyalty,Yes,Premium; Nike-powered loyalty,Full Registration,"email, name, phone",Yes,None noted,None noted  
1275,Sports & Outdoors,Columbia Sportswear,Greater Rewards,https://www.columbia.com/c/rewards,Yes,Premium; Outdoor loyalty,Full Registration,"email, name, phone",Yes,None noted,None noted  
1276,Sports & Outdoors,Under Armour,UA Rewards,https://www.underarmour.com/en-us/ua-rewards,Yes,Premium; Performance loyalty,Full Registration,"email, name, phone",Yes,None noted,None noted  
1277,Sports & Outdoors,Brooks Running,Brooks ID,https://www.brooksrunning.com/en_us/account,Yes,Premium; Running brand loyalty,Full Registration,"email, name, phone",Yes,None noted,None noted  
1278,Sports & Outdoors,Salomon,Salomon Account,https://www.salomon.com/en-us/account,Yes,Premium; Trail sports loyalty,Full Registration,"email, name, phone",Yes,None noted,None noted  
1279,Sports & Outdoors,Keen,KEEN Loyalty,https://www.keenfootwear.com/pages/rewards,Yes,Premium; Outdoor footwear loyalty,Full Registration,"email, name, phone",Yes,None noted,None noted  
1280,Electronics & Tech,Samsung,Samsung Rewards,https://www.samsung.com/us/account,Yes,Premium; Samsung account rewards,Full Registration,"email, name, phone",Yes,None noted,None noted  
1281,Electronics & Tech,Dell,Dell Rewards,https://www.dell.com/en-us/dell-rewards,Yes,Premium; Dell Advantage program,Full Registration,"email, name, phone",Yes,None noted,None noted  
1282,Electronics & Tech,HP,HP Rewards,https://store.hp.com/us/en/rewards,Yes,Premium; HP loyalty,Full Registration,"email, name, phone",Yes,None noted,None noted  
1283,Electronics & Tech,Lenovo,Lenovo Rewards,https://rewards.lenovo.com,Yes,Premium; Lenovo loyalty,Full Registration,"email, name, phone",Yes,None noted,None noted  
1284,Electronics & Tech,ASUS,ASUS Rewards,https://www.asus.com/us/support/FAQ/1046028,Yes,Premium; ROG loyalty,Full Registration,"email, name, phone",Yes,None noted,None noted  
1285,Electronics & Tech,Razer,Razer Silver,https://www.razer.com/razer-silver,Yes,Premium; Gaming loyalty,Full Registration,"email, name, phone",Yes,None noted,None noted  
1286,Electronics & Tech,Corsair,iCUE Rewards,https://www.corsair.com/us/en/account,Yes,Premium; PC gaming loyalty,Full Registration,"email, name, phone",Yes,None noted,None noted  
1287,Beauty & Cosmetics,MAC Cosmetics,MAC Select,https://www.maccosmetics.com/mac-select,Yes,Premium; Artist-pro loyalty,Full Registration,"email, name, phone",Yes,None noted,None noted  
1288,Beauty & Cosmetics,NARS,NARS Account,https://www.narscosmetics.com/en/nars-account.html,Yes,Premium; Pro makeup loyalty,Full Registration,"email, name, phone",Yes,None noted,None noted  
1289,Beauty & Cosmetics,Charlotte Tilbury,CT Rewards,https://www.charlottetilbury.com/us/rewards,Yes,Premium; Magic loyalty,Full Registration,"email, name, phone",Yes,None noted,None noted  
1290,Beauty & Cosmetics,Laura Mercier,LM Account,https://www.lauramercier.com/loyalty,Yes,Premium; Flawless loyalty,Full Registration,"email, name, phone",Yes,None noted,None noted  
1291,Beauty & Cosmetics,Benefit Cosmetics,Benefit Rewards,https://www.benefitcosmetics.com/en-us/perks,Yes,Premium; Perk-o-rama loyalty,Full Registration,"email, name, phone",Yes,None noted,None noted  
1292,Beauty & Cosmetics,Too Faced,TF Rewards,https://www.toofaced.com/pages/rewards,Yes,Premium; Born This Way loyalty,Full Registration,"email, name, phone",Yes,None noted,None noted  
1293,Beauty & Cosmetics,Urban Decay,UD Rewards,https://www.urbandecay.com/loyalty,Yes,Premium; Vice loyalty,Full Registration,"email, name, phone",Yes,None noted,None noted  
1294,Beauty & Cosmetics,GLAMGLOW,GG Account,https://www.glamglow.com/loyalty,Yes,Premium; Mask loyalty,Full Registration,"email, name, phone",Yes,None noted,None noted  
1295,Beauty & Cosmetics,Origins,Origins Account,https://www.origins.com/rewards,Yes,Premium; Plant-powered loyalty,Full Registration,"email, name, phone",Yes,None noted,None noted  
1296,Beauty & Cosmetics,Shiseido,Beauty Key,https://www.shiseido.com/us/en/beautykey,Yes,Premium; J-beauty loyalty,Full Registration,"email, name, phone",Yes,None noted,None noted  
1297,Beauty & Cosmetics,Lancôme,Rose Beauty,https://www.lancome-usa.com/rosebeauty,Yes,Premium; Rose-level loyalty,Full Registration,"email, name, phone",Yes,None noted,None noted  
1298,Travel & Airlines,American Airlines,AAdvantage,https://www.aa.com/aadvantage,Yes,Premium; Legacy carrier miles,Full Registration,"email, name, phone",Yes,None noted,None noted  
1299,Travel & Airlines,Delta,SkyMiles,https://www.delta.com/us/en/skymiles/overview,Yes,Premium; Sky loyalty program,Full Registration,"email, name, phone",Yes,None noted,None noted  
1300,Travel & Airlines,United,MileagePlus,https://www.united.com/ual/en/us/fly/mileageplus.html,Yes,Premium; Star Alliance miles,Full Registration,"email, name, phone",Yes,None noted,None noted  
1301,Travel & Airlines,Southwest,Rapid Rewards,https://www.southwest.com/rapidrewards,Yes,Premium; Companion Pass loyalty,Full Registration,"email, name, phone",Yes,None noted,None noted  
1302,Travel & Airlines,JetBlue,TrueBlue,https://trueblue.jetblue.com,Yes,Premium; Mosaic status loyalty,Full Registration,"email, name, phone",Yes,None noted,None noted  
1303,Travel & Airlines,Alaska Airlines,Mileage Plan,https://www.alaskaair.com/content/mileage-plan,Yes,Premium; Best miles value,Full Registration,"email, name, phone",Yes,None noted,None noted  
1304,Travel & Hotels,Choice Hotels,Choice Privileges,https://www.choicehotels.com/choice-privileges,Yes,Premium; Free enrollment,Full Registration,"email, name, phone",Yes,None noted,None noted  
1305,Travel & Hotels,Wyndham,Wyndham Rewards,https://www.wyndhamhotels.com/wyndham-rewards,Yes,Premium; Most properties worldwide,Full Registration,"email, name, phone",Yes,None noted,None noted  
1306,Travel & Hotels,IHG,IHG One Rewards,https://www.ihg.com/onerewards/content/us/en/home,Yes,Premium; InterContinental group,Full Registration,"email, name, phone",Yes,None noted,None noted  
1307,Travel & Hotels,Best Western,BW Rewards,https://www.bestwestern.com/en_US/best-western-rewards.html,Yes,Premium; North America loyalty,Full Registration,"email, name, phone",Yes,None noted,None noted  
1308,Travel & Hotels,Radisson,Radisson Rewards,https://www.radissonhotels.com/en-us/radisson-rewards,Yes,Premium; Global hotel loyalty,Full Registration,"email, name, phone",Yes,None noted,None noted  
1309,Travel & Hotels,GHA Discovery,GHA DISCOVERY,https://www.ghadiscovery.com,Yes,Premium; Independent hotel loyalty,Full Registration,"email, name, phone",Yes,None noted,None noted  
1310,Car Rental,Hertz,Hertz Gold+,https://www.hertz.com/us/en/gold-plus-rewards,Yes,Premium; Skip-counter loyalty,Full Registration,"email, name, phone",Yes,None noted,None noted  
1311,Car Rental,Enterprise,Enterprise Plus,https://www.enterprise.com/en/loyalty.html,Yes,Premium; Weekend rentals loyalty,Full Registration,"email, name, phone",Yes,None noted,None noted  
1312,Car Rental,National,Emerald Club,https://www.nationalcar.com/en/emerald-club.html,Yes,Premium; Executive counter,Full Registration,"email, name, phone",Yes,None noted,None noted  
1313,Car Rental,Avis,Avis Preferred,https://www.avis.com/en/avispreferred,Yes,Premium; Preferred+ loyalty,Full Registration,"email, name, phone",Yes,None noted,None noted  
1314,Car Rental,Budget,Budget Fastbreak,https://www.budget.com/en/home/fastbreak,Yes,Premium; Fast-break loyalty,Full Registration,"email, name, phone",Yes,None noted,None noted  
1315,Car Rental,Alamo,Alamo Insiders,https://www.alamo.com/en_US/car-rental/profile/insiders.html,Yes,Premium; Insiders loyalty,Full Registration,"email, name, phone",Yes,None noted,None noted  
1316,Car Rental,Dollar,Dollar Express,https://www.dollar.com/en/home/Loyalty/Express-Renters,Yes,Premium; Express renters,Full Registration,"email, name, phone",Yes,None noted,None noted  
1317,Car Rental,Thrifty,Blue Chip,https://www.thrifty.com/en/home/loyalty/blue-chip,Yes,Premium; Blue Chip loyalty,Full Registration,"email, name, phone",Yes,None noted,None noted  
1318,Dining,Olive Garden,OG Rewards,https://www.olivegarden.com/eclub,Yes,Premium; Pasta loyalty,Full Registration,"email, name, phone",Yes,None noted,None noted  
1319,Dining,Outback,Dine Rewards,https://www.outback.com/dine-rewards,Yes,Premium; Bloomin Brands loyalty,Full Registration,"email, name, phone",Yes,None noted,None noted  
1320,Dining,Applebee's,Applebee's Rewards,https://www.applebees.com/en/rewards,Yes,Premium; Neighborhood loyalty,Full Registration,"email, name, phone",Yes,None noted,None noted  
1321,Dining,IHOP,International Bank,https://www.ihop.com/en/rewards,Yes,Premium; Pancake loyalty,Full Registration,"email, name, phone",Yes,None noted,None noted  
1322,Dining,Denny's,Denny's Rewards,https://www.dennys.com/rewards,Yes,Premium; Diner loyalty,Full Registration,"email, name, phone",Yes,None noted,None noted  
1323,Dining,Buffalo Wild Wings,BWW Blazin Rewards,https://www.buffalowildwings.com/en/rewards,Yes,Premium; Sports bar loyalty,Full Registration,"email, name, phone",Yes,None noted,None noted  
1324,Dining,Cheesecake Factory,CF Rewards,https://www.thecheesecakefactory.com/rewards,Yes,Premium; Grand loyalty,Full Registration,"email, name, phone",Yes,None noted,None noted  
1325,Dining,LongHorn Steakhouse,Darden Rewards,https://www.longhornsteakhouse.com/rewards,Yes,Premium; Steak loyalty,Full Registration,"email, name, phone",Yes,None noted,None noted  
1326,Grocery,Publix,Publix Club,https://www.publix.com/savings/club-publix,Yes,Mainstream; Free member perks,Full Registration,"email, name, phone",Yes,None noted,None noted  
1327,Grocery,Whole Foods,Amazon Prime Perks,https://www.wholefoodsmarket.com/prime,Yes,Mainstream; Prime-linked grocery,Full Registration,"email, name, phone",Yes,None noted,None noted  
1328,Grocery,H-E-B,H-E-B Loyalty,https://www.heb.com/loyalty,Yes,Mainstream; Texas grocery loyalty,Full Registration,"email, name, phone",Yes,None noted,None noted  
1329,Grocery,Wegmans,Wegmans App,https://www.wegmans.com/app,Yes,Mainstream; Northeast grocery loyalty,Full Registration,"email, name, phone",Yes,None noted,None noted  
1330,Grocery,Stop & Shop,Go Rewards,https://stopandshop.com/savings-center/rewards,Yes,Mainstream; Gas + grocery,Full Registration,"email, name, phone",Yes,None noted,None noted  
1331,Grocery,Giant Food,Giant Flexible Rewards,https://giantfood.com/savings/rewards,Yes,Mainstream; Mid-Atlantic grocery,Full Registration,"email, name, phone",Yes,None noted,None noted  
1332,Grocery,ShopRite,Price Plus Club,https://www.shoprite.com/smship/priceplus/signup,Yes,Mainstream; NJ grocery loyalty,Full Registration,"email, name, phone",Yes,None noted,None noted  
1333,Grocery,Hy-Vee,Hy-Vee Rewards,https://www.hy-vee.com/my-hy-vee/rewards,Yes,Mainstream; Midwest grocery,Full Registration,"email, name, phone",Yes,None noted,None noted  
1334,Grocery,Fresh Market,Fresh Market Rewards,https://www.thefreshmarket.com/rewards,Yes,Mainstream; Specialty grocery,Full Registration,"email, name, phone",Yes,None noted,None noted  
1335,Grocery,Trader Joe's,No formal program,https://www.traderjoes.com/home/about-us/crew,Yes,Mainstream; Community loyalty only,Full Registration,"email, name, phone",Yes,None noted,None noted  
1336,Pharmacy,Walgreens,myWalgreens,https://www.walgreens.com/topic/promotion/mywalgreens.jsp,Yes,Mainstream; Cash rewards + Rx savings,Full Registration,"email, name, phone",Yes,None noted,None noted  
1337,Pharmacy,Rite Aid,wellness+ rewards,https://www.riteaid.com/pharmacy/benefits/wellness-plus,Yes,Mainstream; Points per dollar,Full Registration,"email, name, phone",Yes,Bonus points on signup,None noted  
1338,Pharmacy,Duane Reade,DR Rewards,https://www.duanereade.com/account,Yes,Mainstream; NYC Walgreens loyalty,Full Registration,"email, name, phone",Yes,None noted,None noted  
1339,Pharmacy,Bartell Drugs,Rewards Card,https://www.bartelldrugs.com/rewards,Yes,Mainstream; PNW pharmacy loyalty,Full Registration,"email, name, phone",Yes,None noted,None noted  
1340,Electronics & Tech,Best Buy,My Best Buy,https://www.bestbuy.com/site/best-buy-membership/my-best-buy/pcmcat309300050007.c,Yes,Mainstream; Free membership tier,Full Registration,"email, name, phone",Yes,None noted,None noted  
1341,Electronics & Tech,GameStop,PowerUp Rewards,https://www.gamestop.com/pro,Yes,Mainstream; Gaming trade-in loyalty,Full Registration,"email, name, phone",Yes,None noted,None noted  
1342,Electronics & Tech,Micro Center,Micro Center Insider,https://www.microcenter.com/site/customer/loyalty.aspx,Yes,Mainstream; PC enthusiast loyalty,Full Registration,"email, name, phone",Yes,None noted,None noted  
1343,Electronics & Tech,B\&H Photo,B\&H Payboo,https://www.bhphotovideo.com/find/payboo.jsp,Yes,Mainstream; Photo + AV loyalty,Full Registration,"email, name, phone",Yes,None noted,None noted  
1344,Electronics & Tech,Adorama,Adorama Rewards,https://www.adorama.com/alc/adorama-credit-card,Yes,Mainstream; Camera loyalty,Full Registration,"email, name, phone",Yes,None noted,None noted  
1345,Catalog,PetSmart,Treats Rewards,https://www.petsmart.com/help/H0016c_treats_about.html,Yes,Mainstream; Free pet loyalty,Full Registration,"email, name, phone",Yes,None noted,None noted  
1346,Catalog,Petco,Vital Care Core,https://www.petco.com/shop/en/petcostore/membership,No,Mainstream; Free + paid tiers,Paid Subscription,"email, name, payment info",No,None noted,Payment required  
1347,Catalog,Petland,Petland Rewards,https://petland.com/rewards,Yes,Mainstream; Exotic pet loyalty,Full Registration,"email, name, phone",Yes,None noted,None noted  
1348,Home & Catalog,Michaels,Michaels Rewards,https://www.michaels.com/rewards/rewards-faq,Yes,Mainstream; Free craft loyalty,Full Registration,"email, name, phone",Yes,None noted,None noted  
1349,Home & Catalog,Hobby Lobby,HL Rewards,https://www.hobbylobby.com/rewards,Yes,Mainstream; Craft savings,Full Registration,"email, name, phone",Yes,None noted,None noted  
1350,Home & Catalog,Jo-Ann,Jo-Ann Rewards,https://www.joann.com/rewards,Yes,Mainstream; Fabric & craft loyalty,Full Registration,"email, name, phone",Yes,None noted,None noted  
1351,Home & Catalog,Ace Hardware,Ace Rewards,https://www.acehardware.com/ace-rewards,Yes,Mainstream; Helpful hardware loyalty,Full Registration,"email, name, phone",Yes,None noted,None noted  
1352,Home & Catalog,True Value,True Value Rewards,https://rewards.truevalue.com,Yes,Mainstream; Local hardware loyalty,Full Registration,"email, name, phone",Yes,None noted,None noted  
1353,Home & Catalog,Do It Best,Best Rewards,https://www.doitbest.com/global/resources/best-rewards,Yes,Mainstream; Co-op hardware loyalty,Full Registration,"email, name, phone",Yes,None noted,None noted  
1354,Books & Education,Books-A-Million,Millionaire's Club,https://www.booksamillion.com/help/club.html,Yes,Mainstream; Book loyalty,Full Registration,"email, name, phone",Yes,None noted,None noted  
1355,Books & Education,Half Price Books,HPB Rewards,https://www.halfpricebooks.com/rewards,Yes,Mainstream; Used books loyalty,Full Registration,"email, name, phone",Yes,None noted,None noted  
1356,Catalog,Build-A-Bear,Bonus Club,https://www.buildabear.com/brand-account-bonus-club.html,Yes,Mainstream; Child-friendly loyalty,Full Registration,"email, name, phone",Yes,None noted,None noted  
1357,Catalog,LEGO,LEGO Insiders,https://www.lego.com/en-us/service/help-topics/article/earning-and-spending-lego-insiders-points,Yes,Mainstream; VIP brick loyalty,Full Registration,"email, name, phone",Yes,None noted,None noted  
1358,Home & Catalog,Home Depot,Pro Xtra,https://www.homedepot.com/c/pro-xtra,Yes,Mainstream; Pro contractor loyalty,Full Registration,"email, name, phone",Yes,None noted,None noted  
1359,Home & Catalog,Lowe's,MyLowe's Rewards,https://www.lowes.com/l/about/mylowes-rewards,Yes,Mainstream; Home loyalty,Full Registration,"email, name, phone",Yes,None noted,None noted  
1360,Home & Catalog,Menards,Menards Big Card,https://www.menards.com/main/menuitem.html?id=1490994,Yes,Mainstream; 11% rebate loyalty,Full Registration,"email, name, phone",Yes,None noted,None noted  
1361,Home & Catalog,84 Lumber,84 Lumber Rewards,https://www.84lumber.com/84lumber-rewards,Yes,Mainstream; Pro lumber loyalty,Full Registration,"email, name, phone",Yes,None noted,None noted  
1362,Home & Catalog,Floor & Decor,Pro Premier Rewards,https://www.flooranddecor.com/pro,Yes,Mainstream; Flooring pro loyalty,Full Registration,"email, name, phone",Yes,None noted,None noted  
1363,Home & Catalog,IKEA,IKEA Family,https://www.ikea.com/us/en/ikea-family,Yes,Mainstream; Free member benefits,Full Registration,"email, name, phone",Yes,None noted,None noted  
1364,Home & Catalog,Wayfair,Wayfair Rewards,https://www.wayfair.com/wayfair-rewards,Yes,Mainstream; Free loyalty card,Full Registration,"email, name, phone",Yes,None noted,None noted  
1365,Home & Catalog,Crate & Barrel,CB2 Rewards,https://www.cb2.com/category/rewards,Yes,Mainstream; Modern home loyalty,Full Registration,"email, name, phone",Yes,None noted,None noted  
1366,Home & Catalog,West Elm,Key Rewards,https://www.westelm.com/pages/loyalty,Yes,Mainstream; Williams-Sonoma loyalty,Full Registration,"email, name, phone",Yes,None noted,None noted  
1367,Home & Catalog,Williams-Sonoma,The Key,https://www.williams-sonoma.com/the-key,Yes,Mainstream; Cross-brand rewards,Full Registration,"email, name, phone",Yes,None noted,None noted  
1368,Home & Catalog,Pottery Barn,The Key,https://www.potterybarn.com/pages/the-key,Yes,Mainstream; Family loyalty,Full Registration,"email, name, phone",Yes,None noted,None noted  
1369,Home & Catalog,Restoration Hardware,RH Members,https://rh.com/content/page.jsp?id=pg_membership,No,Mainstream; Paid membership perks,Paid Subscription,"email, name, payment info",No,None noted,Payment required  
1370,Home & Catalog,HomeGoods,TJX Rewards,https://www.homegoods.com/tjx-rewards,Yes,Mainstream; Treasure hunt loyalty,Full Registration,"email, name, phone",Yes,None noted,None noted  
1371,Home & Catalog,Tuesday Morning,TM Perks,https://www.tuesdaymorning.com,Yes,Mainstream; Off-price home loyalty,Full Registration,"email, name, phone",Yes,Discount on first purchase,None noted  
1372,Fashion & Apparel,Gap,Encore Program,https://www.gap.com/customer-service/encore-program,Yes,Mainstream; Gap Inc loyalty,Full Registration,"email, name, phone",Yes,None noted,None noted  
1373,Fashion & Apparel,Old Navy,Navyist Rewards,https://oldnavy.gap.com/customerService/info.do?cid=1095422,Yes,Mainstream; Old Navy loyalty,Full Registration,"email, name, phone",Yes,None noted,None noted  
1374,Fashion & Apparel,Athleta,Athleta Rewards,https://athleta.gap.com/customerService/info.do?cid=1181861,Yes,Mainstream; Active wear loyalty,Full Registration,"email, name, phone",Yes,None noted,None noted  
1375,Fashion & Apparel,H\&M,H\&M Membership,https://www2.hm.com/en_us/member/info.html,Yes,Mainstream; Free H\&M loyalty,Full Registration,"email, name, phone",Yes,None noted,None noted  
1376,Fashion & Apparel,Zara,Zara Account,https://www.zara.com/us/en/account,Yes,Mainstream; Inditex fast fashion,Full Registration,"email, name, phone",Yes,None noted,None noted  
1377,Fashion & Apparel,Express,Express Insider,https://www.express.com/insiders,Yes,Mainstream; Style loyalty,Full Registration,"email, name, phone",Yes,None noted,None noted  
1378,Fashion & Apparel,American Eagle,AE x Aerie Real Rewards,https://www.ae.com/us/en/content/loyalty,Yes,Mainstream; Real rewards loyalty,Full Registration,"email, name, phone",Yes,None noted,None noted  
1379,Fashion & Apparel,Aeropostale,A|X Rewards,https://www.aeropostale.com/rewards,Yes,Mainstream; Teen apparel loyalty,Full Registration,"email, name, phone",Yes,None noted,None noted  
1380,Fashion & Apparel,Hollister,Club Cali,https://www.hollisterco.com/us/en/loyalty,Yes,Mainstream; CA lifestyle loyalty,Full Registration,"email, name, phone",Yes,None noted,None noted  
1381,Fashion & Apparel,Abercrombie & Fitch,A\&F Club,https://www.abercrombie.com/shop/us/c/loyalty-program,Yes,Mainstream; Club loyalty,Full Registration,"email, name, phone",Yes,None noted,None noted  
1382,Fashion & Apparel,Forever 21,Forever Rewards,https://www.forever21.com/us/shop/rewards,Yes,Mainstream; Fast fashion loyalty,Full Registration,"email, name, phone",Yes,None noted,None noted  
1383,Fashion & Apparel,Charlotte Russe,CR Rewards,https://www.charlotterusse.com/pages/rewards,Yes,Mainstream; Fashion loyalty,Full Registration,"email, name, phone",Yes,None noted,None noted  
1384,Fashion & Apparel,Torrid,Torrid Insider,https://www.torrid.com/category/rewards,Yes,Mainstream; Plus-size loyalty,Full Registration,"email, name, phone",Yes,None noted,None noted  
1385,Fashion & Apparel,Lane Bryant,LB Rewards,https://www.lanebryant.com/loyalty,Yes,Mainstream; Plus-size fashion loyalty,Full Registration,"email, name, phone",Yes,None noted,None noted  
1386,Fashion & Apparel,Chico's,Chico's Rewards,https://www.chicos.com/store/loyalty,Yes,Mainstream; Women's brand loyalty,Full Registration,"email, name, phone",Yes,None noted,None noted  
1387,Fashion & Apparel,White House Black Market,WHBM Rewards,https://www.whitehouseblackmarket.com/store/loyalty,Yes,Mainstream; Classic loyalty,Full Registration,"email, name, phone",Yes,None noted,None noted  
1388,Fashion & Apparel,Cato Fashions,Cato Rewards,https://www.catofashions.com/loyalty,Yes,Mainstream; Value fashion loyalty,Full Registration,"email, name, phone",Yes,None noted,None noted  
1389,Fashion & Apparel,Burlington,Burlington Rewards,https://www.burlington.com/store/loyalty,Yes,Mainstream; Off-price loyalty,Full Registration,"email, name, phone",Yes,Discount on first purchase,None noted  
1390,Fashion & Apparel,TJ Maxx,TJX Rewards,https://m.tjmaxx.tjx.com/m/emailSignup.jsp,Yes,Mainstream; Treasure loyalty,Full Registration,"email, name, phone",Yes,None noted,None noted  
1391,Fashion & Apparel,Marshalls,TJX Rewards,https://www.marshalls.com/us/m/jump/topic/Find-Help/Digital-Rewards-Certificates-FAQs-/20500003p,Yes,Mainstream; Off-price loyalty,Full Registration,"email, name, phone",Yes,Discount on first purchase,None noted  
1392,Fashion & Apparel,Victoria's Secret,VS & PINK Collective,https://www.victoriassecret.com/us/rewards,Yes,Mainstream; Beauty + fashion loyalty,Full Registration,"email, name, phone",Yes,None noted,None noted  
1393,Beauty & Cosmetics,Bath & Body Works,BBW Rewards,https://www.bathandbodyworks.com/registration,Yes,Mainstream; Free candle loyalty,Full Registration,"email, name, phone",Yes,None noted,None noted  
1394,Footwear,Foot Locker,FLX Rewards,https://www.footlocker.com/flx.html,Yes,Mainstream; Sneaker loyalty,Full Registration,"email, name, phone",Yes,None noted,None noted  
1395,Footwear,DSW,DSW VIP,https://www.dsw.com/customer-service/vip-rewards,Yes,Mainstream; Free shoe loyalty,Full Registration,"email, name, phone",Yes,None noted,None noted  
1396,Footwear,Finish Line,Finish Line STATUS,https://account.finishline.com/register,Yes,Mainstream; Athletic footwear loyalty,Full Registration,"email, name, phone",Yes,None noted,None noted  
1397,Footwear,Famous Footwear,FFREW,https://www.famousfootwear.com/rewards,Yes,Mainstream; Family shoe loyalty,Full Registration,"email, name, phone",Yes,None noted,None noted  
1398,Footwear,Journeys,J-Card Rewards,https://www.journeys.com/rewards,Yes,Mainstream; Teen footwear loyalty,Full Registration,"email, name, phone",Yes,None noted,None noted  
1399,Dept Store,Nordstrom,Nordy Club,https://www.nordstrom.com/c/nordy-club,Yes,Mainstream; Top dept store loyalty,Full Registration,"email, name, phone",Yes,None noted,None noted  
1400,Dept Store,Macy's,Star Rewards,https://www.macys.com/star-rewards,Yes,Mainstream; Multi-tier loyalty,Full Registration,"email, name, phone",Yes,None noted,None noted  
1401,Dept Store,JCPenney,JCP Rewards,https://www.jcpenney.com/m/jcprewards,Yes,Mainstream; Classic dept loyalty,Full Registration,"email, name, phone",Yes,None noted,None noted  
1402,Dept Store,Belk,Belk Rewards+,https://www.belk.com/customer-service/rewards,Yes,Mainstream; Southeast dept store,Full Registration,"email, name, phone",Yes,None noted,None noted  
1403,Dept Store,Boscov's,Boscov's Rewards,https://www.boscovs.com/rewards,Yes,Mainstream; PA-region loyalty,Full Registration,"email, name, phone",Yes,None noted,None noted  
1404,Dept Store,Dillard's,Dillard's Rewards,https://www.dillards.com/category/rewards,Yes,Mainstream; Southern US loyalty,Full Registration,"email, name, phone",Yes,None noted,None noted  
1405,Dept Store,Stage Stores,Rewards Program,https://www.bealls.com/t/rewards,Yes,Mainstream; Bealls loyalty,Full Registration,"email, name, phone",Yes,None noted,None noted  
1406,Dept Store,Sam's Club,Sam's Plus,https://www.samsclub.com/membership,Yes,Mainstream; Plus cash rewards,Full Registration,"email, name, phone",Yes,None noted,None noted  
1407,Dept Store,BJ's Wholesale,BJ's Club+,https://www.bjs.com/membership,Yes,Mainstream; Cash-back membership,Full Registration,"email, name, phone",Yes,None noted,None noted  
1408,Sports & Outdoors,DICK'S Sporting,ScoreCard Rewards,https://www.dickssportinggoods.com/s/scorecard-benefits,Yes,Mainstream; 1pt per dollar,Full Registration,"email, name, phone",Yes,None noted,None noted  
1409,Sports & Outdoors,Academy Sports,Academy Wallet,https://www.academy.com/loyalty,Yes,Mainstream; TX-based loyalty,Full Registration,"email, name, phone",Yes,None noted,None noted  
1410,Sports & Outdoors,Bass Pro,Outdoor Rewards,https://help.basspro.com/club-mastercard-outdoor-rewards-loyalty-programs-5a99132c/what-is-outdoor-rewards-311a4168,Yes,Mainstream; Outdoor rewards,Full Registration,"email, name, phone",Yes,None noted,None noted  
1411,Sports & Outdoors,Cabela's,Club Program,https://www.cabelas.com/shop/OutdoorRewardsApplication,Yes,Mainstream; Cabela's Club,Full Registration,"email, name, phone",Yes,None noted,None noted  
1412,Sports & Outdoors,Scheels,Scheels VISA Program,https://www.facebook.com/scheels/videos/scheels-visa/1949843109274966,Yes,Mainstream; Midwest sports loyalty,Full Registration,"email, name, phone",Yes,None noted,None noted  
1413,Sports & Outdoors,Big 5 Sporting Goods,Big 5 Rewards,https://www.big5sportinggoods.com/rewards,Yes,Mainstream; West coast loyalty,Full Registration,"email, name, phone",Yes,None noted,None noted  
1414,Auto,AutoZone,AutoZone Rewards,https://www.autozone.com/rewards,Yes,Mainstream; Auto DIY loyalty,Full Registration,"email, name, phone",Yes,None noted,None noted  
1415,Auto,O'Reilly Auto,O'Rewards,https://www.oreillyauto.com/orewards-loyalty-program,Yes,Mainstream; Auto care loyalty,Full Registration,"email, name, phone",Yes,None noted,None noted  
1416,Auto,NAPA Auto,NAPA Rewards,https://www.napaonline.com/en/rewards,Yes,Mainstream; National auto loyalty,Full Registration,"email, name, phone",Yes,None noted,None noted  
1417,Auto,Advance Auto Parts,Speed Perks,https://shop.advanceautoparts.com/o/SpeedRewards,Yes,Mainstream; Speed rewards loyalty,Full Registration,"email, name, phone",Yes,None noted,None noted  
1418,Auto,Pep Boys,Pep Boys Rewards,https://www.pepboys.com/rewards,Yes,Mainstream; Auto service loyalty,Full Registration,"email, name, phone",Yes,None noted,None noted  
1419,Auto,Jiffy Lube,Jiffy Lube Service Network,https://www.jiffylube.com/rewards,Yes,Mainstream; Quick lube loyalty,Full Registration,"email, name, phone",Yes,None noted,None noted  
1420,Catalog,Staples,Staples Easy Rewards,https://www.staples.com/lp/easyrewardsoverview,Yes,Mainstream; Free office loyalty,Full Registration,"email, name, phone",Yes,Discount on first purchase,None noted  
1421,Catalog,Office Depot,OD/OM Rewards,https://www.officedepot.com/l/rewards,Yes,Mainstream; 2% back free,Full Registration,"email, name, phone",Yes,None noted,None noted  
1422,Catalog,FedEx,FedEx Rewards,https://www.fedex.com/en-us/rewards.html,Yes,Mainstream; Shipping loyalty,Full Registration,"email, name, phone",Yes,None noted,None noted  
1423,Catalog,UPS,UPS Rewards,https://www.theupsstore.com/tools/rewards,Yes,Mainstream; Pack+ship loyalty,Full Registration,"email, name, phone",Yes,None noted,None noted  
1424,Health & Wellness,GNC,myGNC Rewards,https://www.gnc.com/gnc-loyalty-faqs.html,Yes,Mainstream; Pro Access loyalty,Full Registration,"email, name, phone",Yes,None noted,None noted  
1425,Health & Wellness,Vitamin Shoppe,Healthy Awards,https://www.vitaminshoppe.com/lp/Newhealthyawards,Yes,Mainstream; Supplement loyalty,Full Registration,"email, name, phone",Yes,None noted,None noted  
1426,Health & Wellness,iHerb,iHerb Rewards,https://www.iherb.com/pressreleases/iherb-rewards-program-release-2022/1583,Yes,Mainstream; Natural supplement loyalty,Full Registration,"email, name, phone",Yes,None noted,None noted  
1427,Catalog,Carter's,Carter's Rewards,https://www.carters.com/rewards,Yes,Mainstream; Baby & kids loyalty,Full Registration,"email, name, phone",Yes,None noted,None noted  
1428,Catalog,OshKosh B'Gosh,OKB Rewards,https://www.oshkosh.com/rewards,Yes,Mainstream; Kids apparel loyalty,Full Registration,"email, name, phone",Yes,None noted,None noted  
1429,Catalog,Gymboree,Gymboree Rewards,https://www.gymboree.com/us/rewards,Yes,Mainstream; Kids fashion loyalty,Full Registration,"email, name, phone",Yes,None noted,None noted  
1430,Catalog,The Children's Place,My Place Rewards,https://www.childrensplace.com/us/c/my-place-rewards,Yes,Mainstream; Children loyalty,Full Registration,"email, name, phone",Yes,None noted,None noted  
1431,Catalog,Pottery Barn Kids,The Key,https://www.potterybarnkids.com/pages/the-key,Yes,Mainstream; Kids home loyalty,Full Registration,"email, name, phone",Yes,None noted,None noted  
1432,Catalog,Disney Store,Disney Insider,https://insiders.disney.com,Yes,Mainstream; Mouse loyalty,Full Registration,"email, name, phone",Yes,None noted,None noted  
1433,Beauty & Cosmetics,Sephora,Beauty Insider,https://www.sephora.com/beauty/loyalty,Yes,Mainstream; Tiered beauty loyalty,Full Registration,"email, name, phone",Yes,None noted,None noted  
1434,Beauty & Cosmetics,Sally Beauty,Sally Beauty Rewards,https://www.sallybeauty.com/beautyclub,Yes,Mainstream; Pro beauty loyalty,Full Registration,"email, name, phone",Yes,None noted,None noted  
1435,Beauty & Cosmetics,Regis Salons,Regis Rewards,https://www.regissalons.com/rewards,Yes,Mainstream; Salon loyalty,Full Registration,"email, name, phone",Yes,None noted,None noted  
1436,Beauty & Cosmetics,Great Clips,Great Clips Rewards,https://www.greatclips.com/promotions,Yes,Mainstream; Free haircut loyalty,Full Registration,"email, name, phone",Yes,None noted,None noted  
1437,Beauty & Cosmetics,Supercuts,Supercuts Rewards,https://www.supercuts.com/rewards,Yes,Mainstream; Salon loyalty,Full Registration,"email, name, phone",Yes,None noted,None noted  
1438,Beauty & Cosmetics,Sport Clips,MVP Haircare,https://www.sportclips.com/mvp-haircare,Yes,Mainstream; Men's salon loyalty,Full Registration,"email, name, phone",Yes,None noted,None noted  
1439,Beauty & Cosmetics,Fantastic Sams,FS Rewards,https://www.fantasticsams.com/rewards,Yes,Mainstream; Family salon loyalty,Full Registration,"email, name, phone",Yes,None noted,None noted  
1440,Dept Store,Dollar Tree,Dollar Tree Account,https://www.dollartree.com/create-account,Yes,Mainstream; Value loyalty,Full Registration,"email, name, phone",Yes,None noted,None noted  
1441,Dept Store,Family Dollar,Smart Coupons,https://www.familydollar.com,Yes,Mainstream; Smart savings loyalty,Full Registration,"email, name, phone",Yes,None noted,None noted  
1442,Dept Store,Ollie's Bargain,Ollie's Army,https://www.ollies.us/ollie-army,Yes,Mainstream; Bargain hunter loyalty,Full Registration,"email, name, phone",Yes,None noted,None noted  
1443,Auto,Toyota,Toyota Owners,https://www.toyota.com/owners,Yes,Mainstream; Owner portal + loyalty,Full Registration,"email, name, phone",Yes,None noted,None noted  
1444,Dining,McDonald's,MyMcDonald's Rewards,https://www.mcdonalds.com/us/en-us/mymcdonalds.html,Yes,Entry/Everyday; Free fries loyalty,Full Registration,"email, name, phone",Yes,None noted,None noted  
1445,Dining,Burger King,Royal Perks,https://www.bk.com/royal-perks,Yes,Entry/Everyday; BK loyalty app,Full Registration,"email, name, phone",Yes,None noted,None noted  
1446,Dining,Wendy's,Wendy's Rewards,https://www.wendys.com/dave-thomas-foundation,Yes,Entry/Everyday; App-based loyalty,Full Registration,"email, name, phone",Yes,None noted,None noted  
1447,Dining,Subway,Subway MVP Rewards,https://www.subway.com/en-US/rewards,Yes,Entry/Everyday; Footlong loyalty,Full Registration,"email, name, phone",Yes,None noted,None noted  
1448,Dining,Sonic,Sonic Rewards,https://www.sonicdrivein.com/app,Yes,Entry/Everyday; Drive-in loyalty,Full Registration,"email, name, phone",Yes,None noted,None noted  
1449,Dining,Hardee's,Hardee's Rewards,https://www.hardees.com/rewards,Yes,Entry/Everyday; Southern fast food,Full Registration,"email, name, phone",Yes,None noted,None noted  
1450,Dining,Carl's Jr.,CJ Rewards,https://www.carlsjr.com/rewards,Yes,Entry/Everyday; Western fast food,Full Registration,"email, name, phone",Yes,None noted,None noted  
1451,Dining,White Castle,Craver Nation,https://www.whitecastle.com/rewards,Yes,Entry/Everyday; Slider loyalty,Full Registration,"email, name, phone",Yes,None noted,None noted  
1452,Dining,Arby's,Arby's Rewards,https://www.arbys.com/loyalty,Yes,Entry/Everyday; Meat loyalty,Full Registration,"email, name, phone",Yes,None noted,None noted  
1453,Dining,Culver's,Culver's Delights,https://www.culvers.com/family,Yes,Entry/Everyday; Midwest burger loyalty,Full Registration,"email, name, phone",Yes,None noted,None noted  
1454,Dining,In-N-Out,No formal program,https://www.in-n-out.com,Yes,Entry/Everyday; Animal-style culture only,Full Registration,"email, name, phone",Yes,None noted,None noted  
1455,Dining,Five Guys,No formal program,https://www.fiveguys.com,Yes,Entry/Everyday; Community focus only,Full Registration,"email, name, phone",Yes,None noted,None noted  
1456,Dining,Shake Shack,Shack Track App,https://www.shakeshack.com/shack-app,Yes,Entry/Everyday; Premium QSR loyalty,Full Registration,"email, name, phone",Yes,None noted,None noted  
1457,Dining,Raising Cane's,No formal program,https://www.raisingcanes.com,Yes,Entry/Everyday; Chicken fingers loyalty,Full Registration,"email, name, phone",Yes,None noted,None noted  
1458,Dining,Wingstop,Wingstop Rewards,https://www.wingstop.com/rewards,Yes,Entry/Everyday; Wing loyalty,Full Registration,"email, name, phone",Yes,None noted,None noted  
1459,Dining,Papa John's,Papa Rewards,https://www.papajohns.com/order/papa-rewards,Yes,Entry/Everyday; Free pizza loyalty,Full Registration,"email, name, phone",Yes,None noted,None noted  
1460,Dining,Domino's,Piece of the Pie,https://www.dominos.com/en/pages/customer,Yes,Entry/Everyday; 10pt = free pizza,Full Registration,"email, name, phone",Yes,None noted,None noted  
1461,Dining,Pizza Hut,Hut Rewards,https://www.pizzahut.com/account/create-account,Yes,Entry/Everyday; Hut loyalty points,Full Registration,"email, name, phone",Yes,Bonus points on signup,None noted  
1462,Dining,Little Caesars,Hot-N-Ready Perks,https://littlecaesars.com/en-us/create-account,Yes,Entry/Everyday; App-based loyalty,Full Registration,"email, name, phone",Yes,None noted,None noted  
1463,Dining,Hungry Howie's,Howie Rewards,https://www.hungryhowies.com/rewards,Yes,Entry/Everyday; Flavored crust loyalty,Full Registration,"email, name, phone",Yes,None noted,None noted  
1464,Dining,Dunkin',Dunkin' Rewards,https://www.dunkindonuts.com/en/dunkinrewards,Yes,Entry/Everyday; DD Rewards loyalty,Full Registration,"email, name, phone",Yes,None noted,None noted  
1465,Dining,Tim Hortons,Tims Rewards,https://www.timhortons.com/rewards,Yes,Entry/Everyday; Canadian coffee loyalty,Full Registration,"email, name, phone",Yes,Discount on first purchase,None noted  
1466,Dining,Panera Bread,MyPanera+,https://www.panerabread.com/en-us/mypanera/join.html,Yes,Entry/Everyday; Unlimited coffee sub,Full Registration,"email, name, phone",Yes,Discount on first purchase,None noted  
1467,Dining,Biggby Coffee,Biggby Rewards,https://www.biggby.com/rewards,Yes,Entry/Everyday; Midwest loyalty,Full Registration,"email, name, phone",Yes,None noted,None noted  
1468,Dining,Scooter's Coffee,Scooter's Rewards,https://www.scooterscoffee.com/rewards,Yes,Entry/Everyday; Drive-thru loyalty,Full Registration,"email, name, phone",Yes,None noted,None noted  
1469,Dining,7 Brew,7 Brew Rewards,https://7brewcoffee.com/rewards,Yes,Entry/Everyday; Energy drink loyalty,Full Registration,"email, name, phone",Yes,None noted,None noted  
1470,Dining,Noodles & Company,Rewards Club,https://www.noodles.com/loyalty,Yes,Entry/Everyday; Noodle loyalty,Full Registration,"email, name, phone",Yes,None noted,None noted  
1471,Dining,Potbelly,Perks Program,https://www.potbelly.com/rewards,Yes,Entry/Everyday; Sandwich loyalty,Full Registration,"email, name, phone",Yes,None noted,None noted  
1472,Dining,Jersey Mike's,My Mike's Way,https://www.jerseymikes.com/mymikesway,Yes,Entry/Everyday; Sub loyalty,Full Registration,"email, name, phone",Yes,None noted,None noted  
1473,Dining,Firehouse Subs,Rewards Program,https://www.firehousesubs.com/rewards,Yes,Entry/Everyday; Sandwich loyalty,Full Registration,"email, name, phone",Yes,None noted,None noted  
1474,Dining,Which Wich,Wich Rewards,https://www.whichwich.com/rewards,Yes,Entry/Everyday; Custom sandwich loyalty,Full Registration,"email, name, phone",Yes,None noted,None noted  
1475,Dining,Cosi,Cosi Rewards,https://www.getcosi.com/rewards,Yes,Entry/Everyday; Sandwich café loyalty,Full Registration,"email, name, phone",Yes,None noted,None noted  
1476,Dining,Jason's Deli,Deli Dollars,https://www.jasonsdeli.com/rewards,Yes,Entry/Everyday; Deli loyalty,Full Registration,"email, name, phone",Yes,None noted,None noted  
1477,Dining,Bob Evans,Bob Evans Rewards,https://www.bobevans.com/rewards,Yes,Entry/Everyday; Farm-fresh loyalty,Full Registration,"email, name, phone",Yes,None noted,None noted  
1478,Dining,Cracker Barrel,CB Rewards,https://crackerbarrel.com/rewards,Yes,Entry/Everyday; Country store loyalty,Full Registration,"email, name, phone",Yes,None noted,None noted  
1479,Dining,Golden Corral,Good as Gold,https://www.goldencorral.com/rewards,Yes,Entry/Everyday; Buffet loyalty,Full Registration,"email, name, phone",Yes,None noted,None noted  
1480,Dining,Waffle House,No Program,https://www.wafflehouse.com,Yes,Entry/Everyday; Community culture only,Full Registration,"email, name, phone",Yes,None noted,None noted  
1481,Gas,7-Eleven,7Rewards,https://www.7-eleven.com/7rewards,Yes,Entry/Everyday; Free drink loyalty,Full Registration,"email, name, phone",Yes,Free item or bonus points on signup,None noted  
1482,Gas,Wawa,Wawa Rewards,https://www.wawa.com/get-the-app,Yes,Entry/Everyday; PA/NJ cult loyalty,Full Registration,"email, name, phone",Yes,None noted,None noted  
1483,Gas,Sheetz,MySheetz Card,https://www.sheetz.com/mysheeztx,Yes,Entry/Everyday; Fuel + food loyalty,Full Registration,"email, name, phone",Yes,None noted,None noted  
1484,Gas,Pilot Flying J,myRewards Plus,https://pilotflyingj.com/rewards,Yes,Entry/Everyday; Trucker loyalty,Full Registration,"email, name, phone",Yes,None noted,None noted  
1485,Gas,Speedway,Speedy Rewards,https://www.speedway.com/speedyrewards,Yes,Entry/Everyday; Fuel station loyalty,Full Registration,"email, name, phone",Yes,None noted,None noted  
1486,Gas,Circle K,Inner Circle,https://www.circlek.com/inner-circle,Yes,Entry/Everyday; Global convenience loyalty,Full Registration,"email, name, phone",Yes,None noted,None noted  
1487,Gas,ampm,ampm Rewards,https://www.ampm.com/rewards,Yes,Entry/Everyday; West coast C-store loyalty,Full Registration,"email, name, phone",Yes,None noted,None noted  
1488,Gas,QuikTrip,QT Rewards,https://www.quiktrip.com/QTGO,Yes,Entry/Everyday; Midwestern C-store,Full Registration,"email, name, phone",Yes,None noted,None noted  
1489,Gas,RaceTrac,RaceTrac Rewards,https://www.racetrac.com/racetrac-rewards,Yes,Entry/Everyday; Southeast C-store loyalty,Full Registration,"email, name, phone",Yes,None noted,None noted  
1490,Gas,Maverik,Adventure Club,https://maverik.com/adventure-club,Yes,Entry/Everyday; Western adventure loyalty,Full Registration,"email, name, phone",Yes,None noted,None noted  
1491,Gas,Murphy USA,Murphy Drive Rewards,https://www.murphyusa.com/murphydriveapp,Yes,Entry/Everyday; Walmart-adjacent gas loyalty,Full Registration,"email, name, phone",Yes,None noted,None noted  
1492,Gas,Exxon Mobil,Exxon Mobil Rewards+,https://www.exxon.com/en/find-station/rewards,Yes,Entry/Everyday; Fuel rewards,Full Registration,"email, name, phone",Yes,None noted,None noted  
1493,Gas,Shell,Shell Fuel Rewards,https://www.fuelrewards.com/fuelrewards,Yes,Entry/Everyday; Gold & Platinum tiers,Full Registration,"email, name, phone",Yes,None noted,None noted  
1494,Gas,BP,BPme Rewards,https://www.bp.com/en_us/united-states/home/products-and-services/bpme-app.html,Yes,Entry/Everyday; Fuel savings loyalty,Full Registration,"email, name, phone",Yes,None noted,None noted  
1495,Gas,Chevron,Techron Advantage,https://www.chevronwithtechron.com/en_us/home/advantage-card.html,Yes,Entry/Everyday; West coast fuel loyalty,Full Registration,"email, name, phone",Yes,None noted,None noted  
1496,Entertainment & Streaming,AMC Theatres,AMC Stubs,https://www.amctheatres.com/amcstubs,Yes,Entry/Everyday; Free A-List tier,Full Registration,"email, name, phone",Yes,None noted,None noted  
1497,Entertainment & Streaming,Cinemark,Movie Rewards,https://www.cinemark.com/movie-rewards-info,Yes,Entry/Everyday; Popcorn loyalty,Full Registration,"email, name, phone",Yes,None noted,None noted  
1498,Entertainment & Streaming,Fandango,FanRewards,https://www.fandango.com/VIPplus,Yes,Entry/Everyday; Movie ticket loyalty,Full Registration,"email, name, phone",Yes,None noted,None noted  
1499,Entertainment & Streaming,Dave & Buster's,Rewards Card,https://www.daveandbusters.com/rewards,Yes,Entry/Everyday; Arcade loyalty,Full Registration,"email, name, phone",Yes,None noted,None noted  
1500,Grocery,Instacart,Instacart+,https://www.instacart.com/memberships/instacart_plus,Yes,Entry/Everyday; Delivery loyalty,Full Registration,"email, name, phone",Yes,None noted,None noted  
1501,Grocery,DoorDash,DashPass,https://www.doordash.com/dashpass,No,Entry/Everyday; $0 delivery loyalty,Paid Subscription,"email, name, payment info",No,None noted,Payment required  
1502,Grocery,Uber Eats,Uber One,https://www.ubereats.com/membership,Yes,Entry/Everyday; Rides + food loyalty,Full Registration,"email, name, phone",Yes,None noted,None noted  
1503,Grocery,Grubhub,Grubhub+,https://www.grubhub.com/plus,Yes,Entry/Everyday; Amazon-linked loyalty,Full Registration,"email, name, phone",Yes,None noted,None noted  
1504,Gas,Gopuff,fam Membership,https://www.gopuff.com/fam,Yes,Entry/Everyday; Instant delivery loyalty,Full Registration,"email, name, phone",Yes,None noted,None noted  
1505,Grocery,HelloFresh,HelloFresh Rewards,https://www.hellofresh.com/rewards,Yes,Entry/Everyday; Meal kit loyalty,Full Registration,"email, name, phone",Yes,None noted,None noted  
1506,Grocery,Blue Apron,Refer & Earn,https://www.blueapron.com/referral,Yes,Entry/Everyday; Chef meal loyalty,Full Registration,"email, name, phone",Yes,None noted,None noted  
1507,Grocery,Sun Basket,SB Rewards,https://sunbasket.com/rewards,Yes,Entry/Everyday; Organic meal loyalty,Full Registration,"email, name, phone",Yes,None noted,None noted  
1508,Entertainment & Streaming,Netflix,No loyalty program,https://www.netflix.com/signup,No,Entry/Everyday; Subscription service,Paid Subscription,"email, name, payment info",No,None noted,Payment required  
1509,Entertainment & Streaming,Hulu,Hulu Hub,https://www.hulu.com/welcome,Yes,Entry/Everyday; Disney bundle loyalty,Full Registration,"email, name, phone",Yes,None noted,None noted  
1510,Entertainment & Streaming,Disney+,Disney+,https://www.disneyplus.com/welcome,Yes,Entry/Everyday; Disney ecosystem loyalty,Full Registration,"email, name, phone",Yes,None noted,None noted  
1511,Entertainment & Streaming,Spotify,Spotify Premium,https://www.spotify.com/us/premium,No,Entry/Everyday; Music subscription,Paid Subscription,"email, name, payment info",No,None noted,Payment required  
1512,Entertainment & Streaming,Amazon Prime,Prime Benefits,https://www.amazon.com/prime,Yes,Entry/Everyday; Ecosystem loyalty,Full Registration,"email, name, phone",Yes,None noted,None noted  
1513,Entertainment & Streaming,Paramount+,P+ Rewards,https://www.paramountplus.com,Yes,Entry/Everyday; CBS streaming loyalty,Full Registration,"email, name, phone",Yes,None noted,None noted  
1514,Health & Wellness,Planet Fitness,PF Black Card,https://www.planetfitness.com/gym-memberships,No,Entry/Everyday; $10/mo mass fitness,Paid Subscription,"email, name, payment info",No,None noted,Payment required  
1515,Health & Wellness,LA Fitness,LA Fitness Membership,https://www.lafitness.com/PAGES/default.aspx,Yes,Entry/Everyday; Multi-club loyalty,Full Registration,"email, name, phone",Yes,None noted,None noted  
1516,Health & Wellness,Anytime Fitness,AF Rewards,https://www.anytimefitness.com/membership,Yes,Entry/Everyday; 24/7 fitness loyalty,Full Registration,"email, name, phone",Yes,None noted,None noted  
1517,Health & Wellness,24 Hour Fitness,24GO Rewards,https://www.24hourfitness.com/membership,Yes,Entry/Everyday; West coast fitness loyalty,Full Registration,"email, name, phone",Yes,None noted,None noted  
1518,Health & Wellness,Gold's Gym,Gold's Rewards,https://www.goldsgym.com/rewards,Yes,Entry/Everyday; Classic gym loyalty,Full Registration,"email, name, phone",Yes,None noted,None noted  
1519,Health & Wellness,Crunch Fitness,Crunch Rewards,https://www.crunch.com/membership,Yes,Entry/Everyday; No-judgment loyalty,Full Registration,"email, name, phone",Yes,None noted,None noted  
1520,Health & Wellness,YMCA,YMCA Membership,https://www.ymca.org,Yes,Entry/Everyday; Community membership,Full Registration,"email, name, phone",Yes,None noted,None noted  
1521,Health & Wellness,Equinox,Equinox Memberships,https://www.equinox.com/membership,Yes,Entry/Everyday; Premium fitness tier,Full Registration,"email, name, phone",Yes,None noted,None noted  
1522,Health & Wellness,SoulCycle,SC Membership,https://www.soul-cycle.com/memberships,Yes,Entry/Everyday; Indoor cycling loyalty,Full Registration,"email, name, phone",Yes,None noted,None noted  
1523,Health & Wellness,Orange Theory,OTF Rewards,https://www.orangetheory.com/en-us/membership,Yes,Entry/Everyday; Heart-rate loyalty,Full Registration,"email, name, phone",Yes,None noted,None noted  
1524,Health & Wellness,F45 Training,F45 Membership,https://f45training.com/us/en/membership,Yes,Entry/Everyday; Team functional fitness,Full Registration,"email, name, phone",Yes,None noted,None noted  
1525,Health & Wellness,Barry's,Barry's Membership,https://www.barrys.com/membership,Yes,Entry/Everyday; Red room loyalty,Full Registration,"email, name, phone",Yes,None noted,None noted  
1526,Dept Store,Target,Target Circle,https://www.target.com/c/target-circle/-/N-4snlq,Yes,Entry/Everyday; 1% cashback loyalty,Full Registration,"email, name, phone",Yes,Cash back on first purchase,None noted  
1527,Fashion & Apparel,Nike,Nike Membership,https://www.nike.com/membership,Yes,Entry/Everyday; Free NRC + access,Full Registration,"email, name, phone",Yes,None noted,None noted  
1528,Fashion & Apparel,Adidas,adiClub,https://www.adidas.com/us/adiclub,Yes,Entry/Everyday; 4-tier loyalty,Full Registration,"email, name, phone",Yes,None noted,None noted  
1529,Fashion & Apparel,Puma,PUMA APP,https://us.puma.com/en/puma-app,Yes,Entry/Everyday; Sport loyalty,Full Registration,"email, name, phone",Yes,None noted,None noted  
1530,Sports & Outdoors,Patagonia,Worn Wear,https://www.patagonia.com/worn-wear,Yes,Entry/Everyday; Sustainability loyalty,Full Registration,"email, name, phone",Yes,None noted,None noted  
1531,Fintech,Target,Target RedCard,https://www.target.com/redcard/about,Yes,Store Soft-Pull; 5% off every purchase,Credit Pre-Qual,"email, name, address, SSN-last-4",Partial,None noted,SSN required; soft pull only  
1532,Fintech,Amazon,Amazon Store Card,https://www.amazon.com/gp/cobrandcard/marketing.html,Yes,Store Soft-Pull; 5% back for Prime,Credit Pre-Qual,"email, name, address, SSN-last-4",Partial,None noted,SSN required; soft pull only  
1533,Fintech,Walmart,Walmart Store Card,https://www.walmart.com/cp/walmart-credit-card/632402,Yes,Store Soft-Pull; Walmart only rewards,Credit Pre-Qual,"email, name, address, SSN-last-4",Partial,None noted,SSN required; soft pull only  
1534,Fintech,Kohl's,Kohl's Card,https://www.kohls.com/feature/credit-card.jsp,Yes,Store Soft-Pull; Kohl's Cash card,Credit Pre-Qual,"email, name, address, SSN-last-4",Partial,None noted,SSN required; soft pull only  
1535,Fintech,Macy's,Macy's Card,https://www.macys.com/credit-cards,Yes,Store Soft-Pull; Macy's rewards card,Credit Pre-Qual,"email, name, address, SSN-last-4",Partial,None noted,SSN required; soft pull only  
1536,Fintech,JCPenney,JCPenney Card,https://www.jcpenney.com/m/jcpcard,Yes,Store Soft-Pull; JCP rewards,Credit Pre-Qual,"email, name, address, SSN-last-4",Partial,None noted,SSN required; soft pull only  
1537,Fintech,Nordstrom,Nordstrom Card,https://www.nordstrom.com/c/nordstrom-card,Yes,Store Soft-Pull; Nordy Club card,Credit Pre-Qual,"email, name, address, SSN-last-4",Partial,None noted,SSN required; soft pull only  
1538,Fintech,Gap,Gap Good Rewards,https://www.gap.com/customer-service/good-rewards-card,Yes,Store Soft-Pull; Gap Inc card,Credit Pre-Qual,"email, name, address, SSN-last-4",Partial,None noted,SSN required; soft pull only  
1539,Fintech,TJ Maxx,TJX Rewards Card,https://www.tjmaxx.tjx.com/store/jump/topic/TJX-Rewards-Credit-Card/90001d,Yes,Store Soft-Pull; 5% back at TJX,Credit Pre-Qual,"email, name, address, SSN-last-4",Partial,None noted,SSN required; soft pull only  
1540,Fintech,IKEA,IKEA Projekt Card,https://www.ikea.com/us/en/ikea-family/ikea-credit-card,Yes,Store Soft-Pull; Home financing card,Credit Pre-Qual,"email, name, address, SSN-last-4",Partial,None noted,SSN required; soft pull only  
1541,Fintech,Home Depot,HD Credit Card,https://www.homedepot.com/c/credit_center,Yes,Store Soft-Pull; Special financing card,Credit Pre-Qual,"email, name, address, SSN-last-4",Partial,None noted,SSN required; soft pull only  
1542,Fintech,Lowe's,Lowe's Advantage,https://www.lowes.com/l/credit/lowes-advantage-card,Yes,Store Soft-Pull; 5% off loyalty card,Credit Pre-Qual,"email, name, address, SSN-last-4",Partial,None noted,SSN required; soft pull only  
1543,Fintech,Best Buy,My Best Buy Card,https://www.bestbuy.com/site/best-buy-credit-cards/my-best-buy-credit-card/pcmcat309300050005.c,Yes,Store Soft-Pull; Financing + rewards,Credit Pre-Qual,"email, name, address, SSN-last-4",Partial,None noted,SSN required; soft pull only  
1544,Fintech,Sephora,Sephora Visa,https://www.sephora.com/creditcard,Yes,Store Soft-Pull; Beauty + Visa rewards,Credit Pre-Qual,"email, name, address, SSN-last-4",Partial,None noted,SSN required; soft pull only  
1545,Fintech,Victoria's Secret,VS Angel Card,https://www.victoriassecret.com/us/credit-card,Yes,Store Soft-Pull; Angel card rewards,Credit Pre-Qual,"email, name, address, SSN-last-4",Partial,None noted,SSN required; soft pull only  
1546,Fintech,Lane Bryant,LB Card,https://www.lanebryant.com/credit-card,Yes,Store Soft-Pull; Plus fashion card,Credit Pre-Qual,"email, name, address, SSN-last-4",Partial,None noted,SSN required; soft pull only  
1547,Fintech,Belk,Belk Rewards+,https://www.belk.com/customer-service/credit,Yes,Store Soft-Pull; Southern dept card,Credit Pre-Qual,"email, name, address, SSN-last-4",Partial,None noted,SSN required; soft pull only  
1548,Fintech,Dillard's,Dillard's Card,https://www.dillards.com/category/credit-card,Yes,Store Soft-Pull; Southern fashion card,Credit Pre-Qual,"email, name, address, SSN-last-4",Partial,None noted,SSN required; soft pull only  
1549,Fintech,Cabela's,Cabela's Club,https://www.cabelas.com/shop/ShopCabelas/credit-card,Yes,Store Soft-Pull; Outdoor store card,Credit Pre-Qual,"email, name, address, SSN-last-4",Partial,None noted,SSN required; soft pull only  
1550,Fintech,Bass Pro,Bass Pro Club,https://www.basspro.com/shop/en/outdoor-rewards-mastercard,Yes,Store Soft-Pull; Outdoor rewards card,Credit Pre-Qual,"email, name, address, SSN-last-4",Partial,None noted,SSN required; soft pull only  
1551,Fintech,REI,REI Co-op MC,https://www.rei.com/h/co-op-mastercard,Yes,Store Soft-Pull; 10% + dividend,Credit Pre-Qual,"email, name, address, SSN-last-4",Partial,None noted,SSN required; soft pull only  
1552,Fintech,Costco,Costco Visa,https://www.costco.com/credit-card.html,Yes,Store Soft-Pull; 4% gas card,Credit Pre-Qual,"email, name, address, SSN-last-4",Partial,None noted,SSN required; soft pull only  
1553,Fintech,Sam's Club,Sam's Mastercard,https://www.samsclub.com/credit,Yes,Store Soft-Pull; 5% gas cashback,Credit Pre-Qual,"email, name, address, SSN-last-4",Partial,None noted,SSN required; soft pull only  
1554,Fintech,American Eagle,AE Connected Card,https://www.ae.com/us/en/content/credit-card,Yes,Store Soft-Pull; Teen fashion card,Credit Pre-Qual,"email, name, address, SSN-last-4",Partial,None noted,SSN required; soft pull only  
1555,Fintech,Athleta,Athleta Card,https://athleta.gap.com/customerService/info.do?cid=1198031,Yes,Store Soft-Pull; Active lifestyle card,Credit Pre-Qual,"email, name, address, SSN-last-4",Partial,None noted,SSN required; soft pull only  
1556,Soft Pull Credit Cards,Navy Federal CU,Navy Federal Rewards,https://www.navyfederal.org/products-services/credit-cards,Yes,Credit Union; Military CU rewards,Credit Pre-Qual,"email, name, address, SSN-last-4",Partial,None noted,SSN required; soft pull only  
1557,Soft Pull Credit Cards,BECU,BECU Member Rewards,https://www.becu.org/banking/credit-cards,Yes,Credit Union; Northwest CU,Credit Pre-Qual,"email, name, address, SSN-last-4",Partial,None noted,SSN required; soft pull only  
1558,Soft Pull Credit Cards,Alliant CU,Alliant Cashback,https://www.alliantcreditunion.org/bank/cashback-visa,Yes,Credit Union; Online CU rewards,Credit Pre-Qual,"email, name, address, SSN-last-4",Partial,None noted,SSN required; soft pull only  
1559,Soft Pull Credit Cards,Golden 1 CU,G1 Rewards,https://www.golden1.com/personal/cards/credit-cards,Yes,Credit Union; CA CU rewards,Credit Pre-Qual,"email, name, address, SSN-last-4",Partial,None noted,SSN required; soft pull only  
1560,Soft Pull Credit Cards,First Tech FCU,First Tech Rewards,https://www.firsttechfed.com/products-and-services/credit-cards,Yes,Credit Union; Tech industry CU,Credit Pre-Qual,"email, name, address, SSN-last-4",Partial,None noted,SSN required; soft pull only  
1561,Soft Pull Credit Cards,Suncoast CU,Suncoast Rewards,https://www.suncoastcreditunion.com/products/cards/credit-cards,Yes,Credit Union; FL CU rewards,Credit Pre-Qual,"email, name, address, SSN-last-4",Partial,None noted,SSN required; soft pull only  
1562,Soft Pull Credit Cards,Desert Financial CU,DF Rewards,https://www.desertfinancial.com/products/credit-cards,Yes,Credit Union; AZ CU rewards,Credit Pre-Qual,"email, name, address, SSN-last-4",Partial,None noted,SSN required; soft pull only  
1563,Soft Pull Credit Cards,SECU MD,SECU Rewards,https://www.secumd.org/banking/credit-cards,Yes,Credit Union; MD state CU,Credit Pre-Qual,"email, name, address, SSN-last-4",Partial,None noted,SSN required; soft pull only  
1564,Soft Pull Credit Cards,State Employees CU,SECU NC Rewards,https://www.ncsecu.org/Cards/VisaClassicCard,Yes,Credit Union; NC state CU,Credit Pre-Qual,"email, name, address, SSN-last-4",Partial,None noted,SSN required; soft pull only  
1565,Soft Pull Credit Cards,USAA,USAA Rewards,https://www.usaa.com/inet/wc/bank-credit-cards,Yes,Credit Union; Military financial loyalty,Credit Pre-Qual,"email, name, address, SSN-last-4",Partial,None noted,SSN required; soft pull only  
1566,Soft Pull Credit Cards,Delta Community CU,DC Rewards,https://www.deltacommunitycu.com/loans-and-credit/credit-cards,Yes,Credit Union; Atlanta CU rewards,Credit Pre-Qual,"email, name, address, SSN-last-4",Partial,None noted,SSN required; soft pull only  
1567,Soft Pull Credit Cards,Star One CU,Star One Rewards,https://www.starone.org,Yes,Credit Union; Silicon Valley CU,Credit Pre-Qual,"email, name, address, SSN-last-4",Partial,None noted,SSN required; soft pull only  
1568,Soft Pull Credit Cards,Randolph-Brooks FCU,RBFCU Rewards,https://www.rbfcu.org/accounts/credit-cards,Yes,Credit Union; TX military CU,Credit Pre-Qual,"email, name, address, SSN-last-4",Partial,None noted,SSN required; soft pull only  
1569,Soft Pull Credit Cards,OE Federal CU,OE Loyalty Rewards,https://www.oefederal.org/connect/membership/member-loyalty-rewards,Yes,Credit Union; Engineer CU loyalty,Credit Pre-Qual,"email, name, address, SSN-last-4",Partial,None noted,SSN required; soft pull only  
1570,Soft Pull Credit Cards,Tyndall FCU,Relationship Reward,https://info.tyndall.org/relationshipreward,Yes,Credit Union; FL military CU,Credit Pre-Qual,"email, name, address, SSN-last-4",Partial,None noted,SSN required; soft pull only  
1571,Soft Pull Credit Cards,Y-12 FCU,Y-12 Loyalty Rewards,https://y12fcu.org/loyalty-rewards,Yes,Credit Union; Oak Ridge TN CU,Credit Pre-Qual,"email, name, address, SSN-last-4",Partial,None noted,SSN required; soft pull only  
1572,Soft Pull Credit Cards,Members 1st FCU,Members Loyalty,https://www.members1st.org/about-us/why-members-1st/loyalty-rewards,Yes,Credit Union; PA CU loyalty,Credit Pre-Qual,"email, name, address, SSN-last-4",Partial,None noted,SSN required; soft pull only  
1573,Soft Pull Credit Cards,PFCU,Credit Card Rewards,https://www.pfcu.com/resources/education/moneyline-blog/february-2026/credit-cards-rewards-guide-2026,Yes,Credit Union; PA CU rewards guide,Credit Pre-Qual,"email, name, address, SSN-last-4",Partial,None noted,SSN required; soft pull only  
1574,Soft Pull Credit Cards,Ent CU,Ent Rewards,https://www.ent.com/personal/credit-cards,Yes,Credit Union; CO CU rewards,Credit Pre-Qual,"email, name, address, SSN-last-4",Partial,None noted,SSN required; soft pull only  
1575,Soft Pull Credit Cards,CEFCU,CEFCU Rewards,https://www.cefcu.com/personal/credit-cards,Yes,Credit Union; IL CU rewards,Credit Pre-Qual,"email, name, address, SSN-last-4",Partial,None noted,SSN required; soft pull only  
1576,Soft Pull Credit Cards,Wescom CU,Wescom Rewards,https://www.wescom.org/personal/credit-cards,Yes,Credit Union; CA CU rewards,Credit Pre-Qual,"email, name, address, SSN-last-4",Partial,None noted,SSN required; soft pull only  
1577,Soft Pull Credit Cards,Genisys CU,Genisys Rewards,https://www.genisyscu.org/personal/credit-cards,Yes,Credit Union; Midwest CU,Credit Pre-Qual,"email, name, address, SSN-last-4",Partial,None noted,SSN required; soft pull only  
1578,Soft Pull Credit Cards,Space Coast CU,SCCU Rewards,https://www.sccu.com/credit-cards,Yes,Credit Union; FL east coast CU,Credit Pre-Qual,"email, name, address, SSN-last-4",Partial,None noted,SSN required; soft pull only  
1579,Soft Pull Credit Cards,Redstone FCU,Redstone Rewards,https://www.redstonefcu.org/personal/credit-cards,Yes,Credit Union; Huntsville AL CU,Credit Pre-Qual,"email, name, address, SSN-last-4",Partial,None noted,SSN required; soft pull only  
1580,Soft Pull Credit Cards,Elevations CU,Elevations Rewards,https://www.elevationscu.com/products/credit-cards,Yes,Credit Union; CO CU rewards,Credit Pre-Qual,"email, name, address, SSN-last-4",Partial,None noted,SSN required; soft pull only  
1581,Soft Pull Credit Cards,Sound CU,Sound Rewards,https://www.soundcu.com/personal-banking/credit-cards,Yes,Credit Union; PNW CU,Credit Pre-Qual,"email, name, address, SSN-last-4",Partial,None noted,SSN required; soft pull only  
1582,Soft Pull Credit Cards,SAFE CU,SAFE Rewards,https://www.safecu.org/credit-cards,Yes,Credit Union; CA CU rewards,Credit Pre-Qual,"email, name, address, SSN-last-4",Partial,None noted,SSN required; soft pull only  
1583,Soft Pull Credit Cards,Wings Financial CU,Wings Rewards,https://www.wingsfinancial.com/personal/credit-cards,Yes,Credit Union; MN aviation CU,Credit Pre-Qual,"email, name, address, SSN-last-4",Partial,None noted,SSN required; soft pull only  
1584,Free Samples & Rebates,Honey,Honey Gold,https://www.joinhoney.com/features/gold,Yes,Fintech; PayPal coupon loyalty,Full Registration,"email, name, phone",Yes,None noted,None noted  
1585,Free Samples & Rebates,Capital One Shopping,C1 Shopping Rewards,https://capitaloneshopping.com,Yes,Fintech; Free savings tool,Full Registration,"email, name, phone",Yes,None noted,None noted  
1586,Free Samples & Rebates,Ibotta,Ibotta Rewards,https://home.ibotta.com,Yes,Fintech; Grocery rebate loyalty,Full Registration,"email, name, phone",Yes,None noted,None noted  
1587,Free Samples & Rebates,Dosh,Dosh Wallet,https://www.dosh.cash,Yes,Fintech; Automatic cash back,Full Registration,"email, name, phone",Yes,Cash back on first purchase,None noted  
1588,Free Samples & Rebates,Earny,Earny Rewards,https://www.earny.co,Yes,Fintech; Price drop refunds,Full Registration,"email, name, phone",Yes,None noted,None noted  
1589,Free Samples & Rebates,CoinOut,CoinOut App,https://coinout.com,Yes,Fintech; Receipt loyalty,Full Registration,"email, name, phone",Yes,None noted,None noted  
1590,Free Samples & Rebates,Mr. Rebates,Mr. Rebates,https://www.mrrebates.com,Yes,Fintech; Rebate loyalty portal,Full Registration,"email, name, phone",Yes,None noted,None noted  
1591,Free Samples & Rebates,Swagbucks,Swagbucks Rewards,https://www.swagbucks.com,Yes,Fintech; Survey + shop loyalty,Full Registration,"email, name, phone",Yes,None noted,None noted  
1592,Fintech,Chime,Chime SpotMe,https://www.chime.com,Yes,Fintech; Fee-free banking loyalty,Credit Pre-Qual,"email, name, address, SSN-last-4",Partial,None noted,SSN required; soft pull only  
1593,Fintech,Current,Current Rewards,https://current.com,Yes,Fintech; Banking + rewards,Credit Pre-Qual,"email, name, address, SSN-last-4",Partial,None noted,SSN required; soft pull only  
1594,Fintech,Varo,Varo Believe,https://www.varomoney.com,Yes,Fintech; Banking loyalty,Credit Pre-Qual,"email, name, address, SSN-last-4",Partial,None noted,SSN required; soft pull only  
1595,Fintech,Dave,Dave Rewards,https://www.dave.com,Yes,Fintech; Cash advance loyalty,Credit Pre-Qual,"email, name, address, SSN-last-4",Partial,None noted,SSN required; soft pull only  
1596,Fintech,MoneyLion,MoneyLion Rewards,https://www.moneylion.com/rewards,Yes,Fintech loyalty,Credit Pre-Qual,"email, name, address, SSN-last-4",Partial,None noted,SSN required; soft pull only  
1597,Fintech,SoFi,SoFi Rewards,https://www.sofi.com/rewards,Yes,Fintech; Multi-product loyalty,Credit Pre-Qual,"email, name, address, SSN-last-4",Partial,None noted,SSN required; soft pull only  
1598,Fintech,Revolut,Revolut Rewards,https://www.revolut.com/en-US/perks,Yes,Fintech; Global fintech loyalty,Credit Pre-Qual,"email, name, address, SSN-last-4",Partial,None noted,SSN required; soft pull only  
1599,Fintech,One Finance,One Finance,https://www.onefinance.com,Yes,Fintech; Walmart-linked fintech,Credit Pre-Qual,"email, name, address, SSN-last-4",Partial,None noted,SSN required; soft pull only  
1600,Fintech,Step,Step Rewards,https://www.step.com,Yes,Fintech; Teen banking loyalty,Credit Pre-Qual,"email, name, address, SSN-last-4",Partial,None noted,SSN required; soft pull only  
1601,Fintech,Greenlight,Greenlight Points,https://www.greenlightcard.com,Yes,Fintech; Kids fintech loyalty,Credit Pre-Qual,"email, name, address, SSN-last-4",Partial,None noted,SSN required; soft pull only  
1602,Fintech,Copper Banking,Copper Rewards,https://www.getcopper.com,Yes,Fintech; Teen fintech loyalty,Credit Pre-Qual,"email, name, address, SSN-last-4",Partial,None noted,SSN required; soft pull only  
1603,BNPL & Fintech,Afterpay,Afterpay Money,https://www.afterpay.com/en-US/money,Yes,Fintech; BNPL cashback,Credit Pre-Qual,"email, name, address, SSN-last-4",Partial,None noted,SSN required; soft pull only  
1604,BNPL & Fintech,Klarna,Klarna Vibe,https://www.klarna.com/us/vibe,Yes,Fintech; BNPL loyalty,Credit Pre-Qual,"email, name, address, SSN-last-4",Partial,None noted,SSN required; soft pull only  
1605,BNPL & Fintech,Zip,Zip Rewards,https://zip.co/us/rewards,Yes,Fintech; BNPL loyalty,Credit Pre-Qual,"email, name, address, SSN-last-4",Partial,None noted,SSN required; soft pull only  
1606,BNPL & Fintech,Sezzle,Sezzle Up,https://sezzle.com/sezzle-up,Yes,Fintech; BNPL credit-building,Credit Pre-Qual,"email, name, address, SSN-last-4",Partial,None noted,SSN required; soft pull only  
1607,Fintech,Chase,Chase Ultimate Rewards,https://www.chase.com/personal/credit-cards/rewards-program,Yes,Fintech; #1 travel rewards,Credit Pre-Qual,"email, name, address, SSN-last-4",Partial,None noted,SSN required; soft pull only  
1608,Fintech,American Express,Amex Membership Rewards,https://www.americanexpress.com/us/rewards,Yes,Fintech; Premium rewards,Credit Pre-Qual,"email, name, address, SSN-last-4",Partial,None noted,SSN required; soft pull only  
1609,Fintech,Capital One,C1 Venture Rewards,https://www.capitalone.com/credit-cards/rewards,Yes,Fintech; Miles loyalty,Credit Pre-Qual,"email, name, address, SSN-last-4",Partial,None noted,SSN required; soft pull only  
1610,Fintech,Citi,Citi ThankYou Rewards,https://www.citi.com/credit-cards/rewards/thankyou-points,Yes,Fintech; ThankYou points,Credit Pre-Qual,"email, name, address, SSN-last-4",Partial,None noted,SSN required; soft pull only  
1611,Fintech,Discover,Cashback Match,https://www.discover.com/credit-cards/cashback-rewards,Yes,Fintech; Cash back match,Credit Pre-Qual,"email, name, address, SSN-last-4",Partial,None noted,SSN required; soft pull only  
1612,Fintech,Bank of America,BofA Rewards,https://info.bankofamerica.com/en/bofa-rewards,Yes,Fintech; Preferred Rewards,Credit Pre-Qual,"email, name, address, SSN-last-4",Partial,None noted,SSN required; soft pull only  
1613,Fintech,Wells Fargo,Active Cash Rewards,https://www.wellsfargo.com/credit-cards/rewards,Yes,Fintech; 2% cash rewards,Credit Pre-Qual,"email, name, address, SSN-last-4",Partial,None noted,SSN required; soft pull only  
1614,Fintech,US Bank,Altitude Rewards,https://www.usbank.com/credit-cards/rewards,Yes,Fintech; Premium travel loyalty,Credit Pre-Qual,"email, name, address, SSN-last-4",Partial,None noted,SSN required; soft pull only  
1615,Fintech,Barclays,Barclays Rewards,https://www.barclayscardus.com/rewards,Yes,Fintech; Partner card loyalty,Credit Pre-Qual,"email, name, address, SSN-last-4",Partial,None noted,SSN required; soft pull only  
1616,Fintech,Synchrony,Synchrony CareCredit,https://www.synchrony.com,Yes,Fintech; Store card loyalty,Credit Pre-Qual,"email, name, address, SSN-last-4",Partial,None noted,SSN required; soft pull only  
1617,Fintech,Acorns,Acorns Earn,https://www.acorns.com/earn,Yes,Fintech; Round-up + earn,Credit Pre-Qual,"email, name, address, SSN-last-4",Partial,None noted,SSN required; soft pull only  
1618,Fintech,Robinhood,Robinhood Gold,https://robinhood.com/us/en/support/articles/robinhood-gold,Yes,Fintech; Trading loyalty,Credit Pre-Qual,"email, name, address, SSN-last-4",Partial,None noted,SSN required; soft pull only  
1619,Fintech,Stash,Stash+ Rewards,https://www.stash.com/stash-plus,Yes,Fintech; Invest + rewards,Credit Pre-Qual,"email, name, address, SSN-last-4",Partial,None noted,SSN required; soft pull only  
1620,Fintech,Public.com,Public Rewards,https://public.com/rewards,Yes,Fintech; Social investing loyalty,Credit Pre-Qual,"email, name, address, SSN-last-4",Partial,None noted,SSN required; soft pull only  
1621,Fintech,Webull,Webull Rewards,https://www.webull.com/activity,Yes,Fintech; Trading loyalty,Credit Pre-Qual,"email, name, address, SSN-last-4",Partial,None noted,SSN required; soft pull only  
1622,Fintech,Coinbase,Coinbase Rewards,https://www.coinbase.com/rewards,Yes,Fintech; Staking rewards,Credit Pre-Qual,"email, name, address, SSN-last-4",Partial,None noted,SSN required; soft pull only  
1623,Fintech,Binance,Binance Rewards,https://www.binance.us/rewards,Yes,Fintech; BNB loyalty,Credit Pre-Qual,"email, name, address, SSN-last-4",Partial,None noted,SSN required; soft pull only  
1624,Fintech,Crypto.com,CRO Rewards,https://crypto.com/en/cards,Yes,Fintech; Crypto visa rewards,Credit Pre-Qual,"email, name, address, SSN-last-4",Partial,None noted,SSN required; soft pull only  
1625,Fintech,Gemini,Gemini Credit Card,https://www.gemini.com/credit-card,Yes,Fintech; Crypto cash back,Credit Pre-Qual,"email, name, address, SSN-last-4",Partial,None noted,SSN required; soft pull only  
1626,Fintech,BlockFi,BlockFi Rewards,https://blockfi.com/rewards,Yes,Fintech; Crypto savings loyalty,Credit Pre-Qual,"email, name, address, SSN-last-4",Partial,None noted,SSN required; soft pull only  
1627,Travel & Airlines,Expedia,One Key Rewards,https://www.expedia.com/rewards,Yes,Fintech; OneKey cash program,Full Registration,"email, name, phone",Yes,None noted,None noted  
1628,Travel & Airlines,Hotels.com,One Key,https://www.hotels.com/rewards,Yes,Fintech; Hotels.com loyalty,Full Registration,"email, name, phone",Yes,None noted,None noted  
1629,Travel & Airlines,Booking.com,Genius Loyalty,https://www.booking.com/genius.html,Yes,Fintech; Genius tier loyalty,Full Registration,"email, name, phone",Yes,None noted,None noted  
1630,Travel & Airlines,Kayak,KAYAK Explore Rewards,https://www.kayak.com/rewards,Yes,Fintech; Travel meta loyalty,Full Registration,"email, name, phone",Yes,None noted,None noted  
1631,Travel & Airlines,Hopper,Hopper Loyalty,https://www.hopper.com,Yes,Fintech; Price freeze loyalty,Full Registration,"email, name, phone",Yes,None noted,None noted  
1632,Travel & Airlines,TripAdvisor,Tripadvisor Plus,https://www.tripadvisor.com/plus,Yes,Fintech; Hotel + savings loyalty,Full Registration,"email, name, phone",Yes,None noted,None noted  
1633,Travel & Airlines,Tumi,Tumi Access Pass,https://www.tumi.com/c/tumi-access-pass,Yes,Ultra Luxury; Luggage loyalty perks,Full Registration,"email, name, phone",Yes,None noted,None noted  
1634,Travel & Airlines,Rimowa,Rimowa Loyalty,https://www.rimowa.com/en-us/my-account,Yes,Ultra Luxury; German luggage loyalty,Full Registration,"email, name, phone",Yes,None noted,None noted  
1635,Travel & Airlines,Briggs & Riley,B\&R Loyalty,https://www.briggs-riley.com/rewards,Yes,Ultra Luxury; Travel gear loyalty,Full Registration,"email, name, phone",Yes,None noted,None noted  
1636,Travel & Airlines,Samsonite,Samsonite Rewards,https://www.samsonite.com/us/rewards,Yes,Ultra Luxury; Travel loyalty,Full Registration,"email, name, phone",Yes,None noted,None noted  
1637,Fashion & Apparel,Montblanc,MB Account,https://www.montblanc.com/en-us/account,Yes,Ultra Luxury; Writing instrument loyalty,Full Registration,"email, name, phone",Yes,None noted,None noted  
1638,Fashion & Apparel,S.T. Dupont,STD Account,https://www.stdupont.com/en-us/account,Yes,Ultra Luxury; Luxury lighter loyalty,Full Registration,"email, name, phone",Yes,None noted,None noted  
1639,Fashion & Apparel,Goyard,Goyard Account,https://www.goyard.com/en_US,Yes,Ultra Luxury; House loyalty,Full Registration,"email, name, phone",Yes,None noted,None noted  
1640,Fashion & Apparel,Moynat,Moynat Account,https://www.moynat.com/en-us/account,Yes,Ultra Luxury; Atelier loyalty,Full Registration,"email, name, phone",Yes,None noted,None noted  
1641,Fashion & Apparel,Mulberry,Mulberry Account,https://us.mulberry.com/account,Yes,Ultra Luxury; British bag loyalty,Full Registration,"email, name, phone",Yes,None noted,None noted  
1642,Fashion & Apparel,Smythson,Smythson Account,https://www.smythson.com/us/account,Yes,Ultra Luxury; Stationery luxury,Full Registration,"email, name, phone",Yes,None noted,None noted  
1643,Fashion & Apparel,Anya Hindmarch,AH Account,https://us.anyahindmarch.com/account,Yes,Ultra Luxury; Playful luxury loyalty,Full Registration,"email, name, phone",Yes,None noted,None noted  
1644,Fashion & Apparel,Judith Leiber,JL Account,https://www.judithleiber.com/account,Yes,Ultra Luxury; Minaudière loyalty,Full Registration,"email, name, phone",Yes,None noted,None noted  
1645,Fashion & Apparel,Loewe,Loewe Account,https://www.loewe.com/en-us/account,Yes,Ultra Luxury; Craft accessories loyalty,Full Registration,"email, name, phone",Yes,None noted,None noted  
1646,Fashion & Apparel,MCM,MCM Account,https://www.mcmworldwide.com/en-us/account,Yes,Ultra Luxury; Munich luxury loyalty,Full Registration,"email, name, phone",Yes,None noted,None noted  
1647,Fashion & Apparel,Furla,Furla Club,https://www.furla.com/en-us/my-account,Yes,Ultra Luxury; Italian bag loyalty,Full Registration,"email, name, phone",Yes,None noted,None noted  
1648,Fashion & Apparel,Mansur Gavriel,MG Account,https://www.mansurgavriel.com/account,Yes,Ultra Luxury; Minimal luxury loyalty,Full Registration,"email, name, phone",Yes,None noted,None noted  
1649,Fashion & Apparel,Staud,Staud Account,https://www.staud.clothing/account,Yes,Ultra Luxury; LA luxury loyalty,Full Registration,"email, name, phone",Yes,None noted,None noted  
1650,Fashion & Apparel,Loeffler Randall,LR Account,https://www.loefflerrandall.com/account,Yes,Ultra Luxury; NYC luxury shoes,Full Registration,"email, name, phone",Yes,None noted,None noted  
1651,Footwear,Christian Louboutin,CL Account,https://us.christianlouboutin.com/account,Yes,Ultra Luxury; Red sole loyalty,Full Registration,"email, name, phone",Yes,None noted,None noted  
1652,Footwear,Manolo Blahnik,MB Shoes Account,https://www.manoloblahnik.com/us/account,Yes,Ultra Luxury; Blahnik loyalty,Full Registration,"email, name, phone",Yes,None noted,None noted  
1653,Footwear,Jimmy Choo,JC Account,https://us.jimmychoo.com/account,Yes,Ultra Luxury; Crystal loyalty,Full Registration,"email, name, phone",Yes,None noted,None noted  
1654,Footwear,Aquazzura,AQ Account,https://www.aquazzura.com/en-us/account,Yes,Ultra Luxury; Italian luxury shoes,Full Registration,"email, name, phone",Yes,None noted,None noted  
1655,Footwear,Gianvito Rossi,GR Account,https://www.gianvitorossi.com/en-us/account,Yes,Ultra Luxury; Milan luxury loyalty,Full Registration,"email, name, phone",Yes,None noted,None noted  
1656,Footwear,Roger Vivier,RV Account,https://www.rogervivier.com/en-US/account,Yes,Ultra Luxury; Paris luxury shoes,Full Registration,"email, name, phone",Yes,None noted,None noted  
1657,Footwear,Salvatore Ferragamo,SF Account,https://www.ferragamo.com/us/en/account,Yes,Ultra Luxury; Italian shoe loyalty,Email Only,email,Yes,None noted,None noted  
1658,Footwear,Tod's,Tod's Account,https://www.tods.com/us-en/account,Yes,Ultra Luxury; Gommino loyalty,Full Registration,"email, name, phone",Yes,None noted,None noted  
1659,Footwear,Sergio Rossi,SR Account,https://www.sergiorossi.com/en-us/account,Yes,Ultra Luxury; Italian craftsmanship,Full Registration,"email, name, phone",Yes,None noted,None noted  
1660,Footwear,Fratelli Rossetti,FR Account,https://www.fratellirossetti.com/en-us/account,Yes,Ultra Luxury; Heritage shoe loyalty,Full Registration,"email, name, phone",Yes,None noted,None noted  
1661,Footwear,Berluti,Berluti Account,https://www.berluti.com/en-us/account,Yes,Ultra Luxury; Patina shoe loyalty,Full Registration,"email, name, phone",Yes,None noted,None noted  
1662,Footwear,Church's,Church's Account,https://www.church-footwear.com/en-us/account,Yes,Ultra Luxury; British shoe loyalty,Full Registration,"email, name, phone",Yes,None noted,None noted  
1663,Footwear,Edward Green,EG Account,https://www.edwardgreen.com/account,Yes,Ultra Luxury; Bespoke shoe loyalty,Full Registration,"email, name, phone",Yes,None noted,None noted  
1664,Footwear,John Lobb,JL Shoe Account,https://www.johnlobb.com/en-us/account,Yes,Ultra Luxury; Bespoke English shoe,Full Registration,"email, name, phone",Yes,None noted,None noted  
1665,Footwear,Alden Shoe,Alden Account,https://www.aldenshoe.com/account,Yes,Ultra Luxury; American heritage shoe,Full Registration,"email, name, phone",Yes,None noted,None noted  
1666,Footwear,Allen Edmonds,AE Rewards,https://www.allenedmonds.com/pages/rewards,Yes,Ultra Luxury; American dress shoe loyalty,Full Registration,"email, name, phone",Yes,None noted,None noted  
1667,Footwear,Magnanni,Magnanni Account,https://magnanni.com/account,Yes,Ultra Luxury; Spanish luxury loyalty,Full Registration,"email, name, phone",Yes,None noted,None noted  
1668,Footwear,Mezlan,Mezlan Account,https://www.mezlan.com/account,Yes,Ultra Luxury; American Spanish shoe,Full Registration,"email, name, phone",Yes,None noted,None noted  
1669,Footwear,Bally,Bally Account,https://www.bally.com/en-us/account,Yes,Ultra Luxury; Swiss luxury loyalty,Full Registration,"email, name, phone",Yes,None noted,None noted  
1670,Fashion & Apparel,Brioni,Brioni Account,https://www.brioni.com/en-us/account,Yes,Ultra Luxury; Roman tailoring loyalty,Full Registration,"email, name, phone",Yes,None noted,None noted  
1671,Fashion & Apparel,Kiton,Kiton Account,https://www.kiton.it/en/account,Yes,Ultra Luxury; Naples bespoke loyalty,Full Registration,"email, name, phone",Yes,None noted,None noted  
1672,Fashion & Apparel,Cesare Attolini,CA Account,https://www.cesareattolini.com/en/account,Yes,Ultra Luxury; Naples tailor loyalty,Full Registration,"email, name, phone",Yes,None noted,None noted  
1673,Fashion & Apparel,Cucinelli Tailoring,BC Bespoke,https://www.brunellocucinelli.com/en-us/tailoring,Yes,Ultra Luxury; Solomeo loyalty,Full Registration,"email, name, phone",Yes,None noted,None noted  
1674,Fashion & Apparel,Turnbull & Asser,TA Account,https://www.turnbullandasser.com/account,Yes,Ultra Luxury; Jermyn St loyalty,Full Registration,"email, name, phone",Yes,None noted,None noted  
1675,Fashion & Apparel,Charvet,Charvet Account,https://www.charvet.com/en-us/account,Yes,Ultra Luxury; Paris shirt loyalty,Full Registration,"email, name, phone",Yes,None noted,None noted  
1676,Fashion & Apparel,Etro,Etro Account,https://www.etro.com/en-us/account,Yes,Ultra Luxury; Paisley loyalty,Full Registration,"email, name, phone",Yes,None noted,None noted  
1677,Fashion & Apparel,Missoni,Missoni Account,https://www.missoni.com/en-us/account,Yes,Ultra Luxury; Zigzag loyalty,Full Registration,"email, name, phone",Yes,None noted,None noted  
1678,Fashion & Apparel,Emilio Pucci,Pucci Account,https://www.emiliopucci.com/en-us/account,Yes,Ultra Luxury; Print luxury loyalty,Full Registration,"email, name, phone",Yes,None noted,None noted  
1679,Fashion & Apparel,Leonard Paris,LP Account,https://www.leonard-paris.com/en-us/account,Yes,Ultra Luxury; Silk print loyalty,Full Registration,"email, name, phone",Yes,None noted,None noted  
1680,Fashion & Apparel,Escada,Escada Account,https://www.escada.com/en-us/account,Yes,Ultra Luxury; Munich fashion loyalty,Full Registration,"email, name, phone",Yes,None noted,None noted  
1681,Fashion & Apparel,Moschino,Moschino Account,https://us.moschino.com/account,Yes,Ultra Luxury; Pop art loyalty,Email Only,email,Yes,None noted,None noted  
1682,Fashion & Apparel,Dsquared2,DS2 Account,https://www.dsquared2.com/us/account,Yes,Ultra Luxury; Canadian twin loyalty,Full Registration,"email, name, phone",Yes,None noted,None noted  
1683,Fashion & Apparel,Roberto Cavalli,RC Account,https://www.robertocavalli.com/en-us/account,Yes,Ultra Luxury; Wild print loyalty,Full Registration,"email, name, phone",Yes,None noted,None noted  
1684,Fashion & Apparel,Cavalli Class,CC Account,https://us.cavalliclass.com/account,Yes,Ultra Luxury; Premium Cavalli,Full Registration,"email, name, phone",Yes,None noted,None noted  
1685,Fashion & Apparel,Dolce & Gabbana,DG Account,https://www.dolcegabbana.com/en-us/account,Yes,Ultra Luxury; Sicilian luxury,Email Only,email,Yes,None noted,None noted  
1686,Fashion & Apparel,Versace Collection,VC Account,https://www.versace.com/us/en-us/couture,Yes,Ultra Luxury; Medusa loyalty,Full Registration,"email, name, phone",Yes,None noted,None noted  
1687,Fashion & Apparel,Emporio Armani,EA Account,https://www.emporioarmani.com/us/account,Yes,Ultra Luxury; Giorgio Armani sub-brand,Full Registration,"email, name, phone",Yes,None noted,None noted  
1688,Fashion & Apparel,Giorgio Armani,GA Account,https://www.giorgioarmani.com/us/account,Yes,Ultra Luxury; Armani couture loyalty,Full Registration,"email, name, phone",Yes,None noted,None noted  
1689,Fashion & Apparel,Max Mara,MM Account,https://www.maxmara.com/us/en/account,Yes,Ultra Luxury; Italian fashion loyalty,Full Registration,"email, name, phone",Yes,None noted,None noted  
1690,Fashion & Apparel,Sportmax,SM Account,https://www.sportmax.com/us/en/account,Yes,Ultra Luxury; Max Mara sport loyalty,Full Registration,"email, name, phone",Yes,None noted,None noted  
1691,Fashion & Apparel,Alberta Ferretti,AF Account,https://www.albertaferretti.com/us/en/account,Yes,Ultra Luxury; Italian fashion loyalty,Full Registration,"email, name, phone",Yes,None noted,None noted  
1692,Fashion & Apparel,Philosophy di Lorenzo,PL Account,https://www.philosophy.it/en-us/account,Yes,Ultra Luxury; Romantic loyalty,Full Registration,"email, name, phone",Yes,None noted,None noted  
1693,Fashion & Apparel,Vivienne Westwood,VW Account,https://www.viviennewestwood.com/en-us/account,Yes,Ultra Luxury; Punk luxury loyalty,Full Registration,"email, name, phone",Yes,None noted,None noted  
1694,Fashion & Apparel,Paul Smith,PS Account,https://www.paulsmith.com/us/account,Yes,Ultra Luxury; British wit loyalty,Full Registration,"email, name, phone",Yes,None noted,None noted  
1695,Fashion & Apparel,Margaret Howell,MH Account,https://www.margarethowell.co.uk/account,Yes,Ultra Luxury; British minimal loyalty,Full Registration,"email, name, phone",Yes,None noted,None noted  
1696,Fashion & Apparel,Jil Sander,JS Account,https://www.jilsander.com/en-us/account,Yes,Ultra Luxury; Pure minimal loyalty,Full Registration,"email, name, phone",Yes,None noted,None noted  
1697,Fashion & Apparel,Helmut Lang,HL Account,https://www.helmutlang.com/account,Yes,Ultra Luxury; NYC minimal loyalty,Full Registration,"email, name, phone",Yes,None noted,None noted  
1698,Fashion & Apparel,3.1 Phillip Lim,PL Account,https://www.31philliplim.com/account,Yes,Ultra Luxury; NYC luxury loyalty,Full Registration,"email, name, phone",Yes,None noted,None noted  
1699,Fashion & Apparel,Proenza Schouler,PS Account,https://www.proenzaschouler.com/account,Yes,Ultra Luxury; NY fashion loyalty,Full Registration,"email, name, phone",Yes,None noted,None noted  
1700,Fashion & Apparel,Altuzarra,AT Account,https://www.altuzarra.com/account,Yes,Ultra Luxury; French-American loyalty,Full Registration,"email, name, phone",Yes,None noted,None noted  
1701,Fashion & Apparel,Marchesa,MA Account,https://www.marchesa.com/account,Yes,Ultra Luxury; Red carpet loyalty,Full Registration,"email, name, phone",Yes,None noted,None noted  
1702,Fashion & Apparel,Monique Lhuillier,ML Account,https://www.moniquelhuillier.com/account,Yes,Ultra Luxury; Bridal luxury loyalty,Full Registration,"email, name, phone",Yes,None noted,None noted  
1703,Fashion & Apparel,Vera Wang,VW Bridal Account,https://www.verawang.com/account,Yes,Ultra Luxury; Bridal luxury,Full Registration,"email, name, phone",Yes,None noted,None noted  
1704,Fashion & Apparel,Oscar de la Renta,OR Account,https://www.oscardelarenta.com/account,Yes,Ultra Luxury; American couture loyalty,Full Registration,"email, name, phone",Yes,None noted,None noted  
1705,Fashion & Apparel,Carolina Herrera,CH Account,https://www.carolinaherrera.com/us/en/account,Yes,Ultra Luxury; NY couture loyalty,Full Registration,"email, name, phone",Yes,None noted,None noted  
1706,Fashion & Apparel,Elie Saab,ES Account,https://www.eliesaab.com/account,Yes,Ultra Luxury; Lebanese couture loyalty,Full Registration,"email, name, phone",Yes,None noted,None noted  
1707,Fashion & Apparel,Zuhair Murad,ZM Account,https://www.zuhairmurad.com/account,Yes,Ultra Luxury; Couture loyalty,Full Registration,"email, name, phone",Yes,None noted,None noted  
1708,Fashion & Apparel,Ralph & Russo,RR Account,https://www.ralphandrusso.com/account,Yes,Ultra Luxury; London couture loyalty,Full Registration,"email, name, phone",Yes,None noted,None noted  
1709,Fashion & Apparel,Harris Tweed,HT Account,https://www.harristweed.org/account,Yes,Ultra Luxury; Scottish weave loyalty,Full Registration,"email, name, phone",Yes,None noted,None noted  
1710,Fashion & Apparel,Johnstons of Elgin,JE Account,https://www.johnstonsofelgin.com/account,Yes,Ultra Luxury; Scottish knitwear loyalty,Full Registration,"email, name, phone",Yes,None noted,None noted  
1711,Sports & Outdoors,Loro Piana Sport,LP Sport,https://www.loropiana.com/en/sport,Yes,Ultra Luxury; Luxury sport loyalty,Full Registration,"email, name, phone",Yes,None noted,None noted  
1712,Sports & Outdoors,Bogner,Bogner Account,https://www.bogner.com/en-us/account,Yes,Ultra Luxury; Alpine luxury loyalty,Full Registration,"email, name, phone",Yes,None noted,None noted  
1713,Sports & Outdoors,Kjus,Kjus Account,https://www.kjus.com/en/account,Yes,Ultra Luxury; Swiss ski luxury,Full Registration,"email, name, phone",Yes,None noted,None noted  
1714,Sports & Outdoors,Fusalp,Fusalp Account,https://www.fusalp.com/en-us/account,Yes,Ultra Luxury; French ski luxury,Full Registration,"email, name, phone",Yes,None noted,None noted  
1715,Sports & Outdoors,Peak Performance,PP Account,https://www.peakperformance.com/en-us/account,Yes,Ultra Luxury; Scandinavian sports loyalty,Full Registration,"email, name, phone",Yes,None noted,None noted  
1716,Sports & Outdoors,Norrona,Norrona Account,https://www.norrona.com/en-GB/account,Yes,Ultra Luxury; Norwegian outdoor luxury,Full Registration,"email, name, phone",Yes,None noted,None noted  
1717,Sports & Outdoors,Helly Hansen,HH Account,https://www.hellyhansen.com/en-us/my-account,Yes,Ultra Luxury; Scandinavian outdoor loyalty,Full Registration,"email, name, phone",Yes,None noted,None noted  
1718,Sports & Outdoors,Mammut,Mammut Account,https://www.mammut.com/us/en/account,Yes,Ultra Luxury; Swiss mountaineering loyalty,Full Registration,"email, name, phone",Yes,None noted,None noted  
1719,Sports & Outdoors,Petzl,Petzl Account,https://www.petzl.com/US/en/account,Yes,Ultra Luxury; Climbing loyalty,Full Registration,"email, name, phone",Yes,None noted,None noted  
1720,Sports & Outdoors,Black Diamond,BD Account,https://www.blackdiamondequipment.com/account,Yes,Ultra Luxury; Climbing loyalty,Full Registration,"email, name, phone",Yes,None noted,None noted  
1721,Fashion & Apparel,Quiksilver,Quiksilver Rewards,https://www.quiksilver.com/rewards,Yes,Premium; Board sport loyalty,Full Registration,"email, name, phone",Yes,None noted,None noted  
1722,Fashion & Apparel,Roxy,Roxy Rewards,https://www.roxy.com/rewards,Yes,Premium; Women's surf loyalty,Full Registration,"email, name, phone",Yes,None noted,None noted  
1723,Fashion & Apparel,Billabong,Billabong Rewards,https://www.billabong.com/us/rewards,Yes,Premium; Surf culture loyalty,Full Registration,"email, name, phone",Yes,None noted,None noted  
1724,Fashion & Apparel,O'Neill,O'Neill Rewards,https://www.oneill.com/en-us/rewards,Yes,Premium; Wetsuit loyalty,Full Registration,"email, name, phone",Yes,None noted,None noted  
1725,Fashion & Apparel,Hurley,Hurley Rewards,https://www.hurley.com/rewards,Yes,Premium; Nike surf loyalty,Full Registration,"email, name, phone",Yes,None noted,None noted  
1726,Fashion & Apparel,Volcom,Volcom Rewards,https://www.volcom.com/rewards,Yes,Premium; True to skate loyalty,Full Registration,"email, name, phone",Yes,None noted,None noted  
1727,Fashion & Apparel,Element,Element Rewards,https://www.elementbrand.com/rewards,Yes,Premium; Skate loyalty,Full Registration,"email, name, phone",Yes,None noted,None noted  
1728,Fashion & Apparel,DC Shoes,DC Rewards,https://www.dcshoes.com/rewards,Yes,Premium; Skate shoe loyalty,Full Registration,"email, name, phone",Yes,None noted,None noted  
1729,Fashion & Apparel,etnies,etnies Rewards,https://www.etnies.com/rewards,Yes,Premium; Skate loyalty,Full Registration,"email, name, phone",Yes,None noted,None noted  
1730,Fashion & Apparel,Globe,Globe Rewards,https://www.globe.com.au/rewards,Yes,Premium; AU skate loyalty,Full Registration,"email, name, phone",Yes,None noted,None noted  
1731,Fashion & Apparel,Primitive,Primitive Rewards,https://www.primitiveskateboarding.com/rewards,Yes,Premium; Skate brand loyalty,Full Registration,"email, name, phone",Yes,None noted,None noted  
1732,Fashion & Apparel,Palace,Palace Account,https://shop.palaceskateboards.com/account,Yes,Premium; London skate loyalty,Full Registration,"email, name, phone",Yes,None noted,None noted  
1733,Fashion & Apparel,Supreme,Supreme Account,https://www.supremenewyork.com/account,Yes,Premium; Hypebeast loyalty,Full Registration,"email, name, phone",Yes,None noted,None noted  
1734,Fashion & Apparel,Stüssy,Stussy Account,https://www.stussy.com/account,Yes,Premium; OG streetwear loyalty,Full Registration,"email, name, phone",Yes,None noted,None noted  
1735,Fashion & Apparel,HUF,HUF Account,https://www.hufworldwide.com/account,Yes,Premium; Skate streetwear loyalty,Full Registration,"email, name, phone",Yes,None noted,None noted  
1736,Fashion & Apparel,Noah,Noah Account,https://noahny.com/account,Yes,Premium; NYC surf skate loyalty,Full Registration,"email, name, phone",Yes,None noted,None noted  
1737,Fashion & Apparel,Carhartt WIP,CW Account,https://www.carhartt-wip.com/en_US/account,Yes,Premium; Work wear loyalty,Full Registration,"email, name, phone",Yes,None noted,None noted  
1738,Fashion & Apparel,Dickies,Dickies Account,https://www.dickies.com/account,Yes,Premium; Work wear loyalty,Full Registration,"email, name, phone",Yes,None noted,None noted  
1739,Fashion & Apparel,Levi's,Levi's Red Tab,https://www.levi.com/US/en_US/loyalty,Yes,Premium; Denim loyalty,Full Registration,"email, name, phone",Yes,None noted,None noted  
1740,Fashion & Apparel,True Religion,TR Rewards,https://www.truereligion.com/rewards,Yes,Premium denim loyalty,Full Registration,"email, name, phone",Yes,None noted,None noted  
1741,Fashion & Apparel,7 For All Mankind,7 Account,https://www.7forallmankind.com/account,Yes,Premium denim loyalty,Full Registration,"email, name, phone",Yes,None noted,None noted  
1742,Fashion & Apparel,AG Jeans,AG Account,https://www.agjeans.com/account,Yes,Premium; LA denim loyalty,Full Registration,"email, name, phone",Yes,None noted,None noted  
1743,Fashion & Apparel,Frame Denim,Frame Account,https://www.frame-store.com/account,Yes,Premium Frame loyalty,Full Registration,"email, name, phone",Yes,None noted,None noted  
1744,Fashion & Apparel,DL1961,DL Account,https://www.dl1961.com/account,Yes,Premium; Sustainable denim loyalty,Full Registration,"email, name, phone",Yes,None noted,None noted  
1745,Fashion & Apparel,Madewell,MW Insider,https://www.madewell.com/madewell-insider,Yes,Premium; J.Crew Group loyalty,Full Registration,"email, name, phone",Yes,None noted,None noted  
1746,Fashion & Apparel,Everlane,Everlane Account,https://www.everlane.com/account,Yes,Premium; Radical transparency loyalty,Full Registration,"email, name, phone",Yes,None noted,None noted  
1747,Fashion & Apparel,Allbirds,Allbirds Loyalty,https://www.allbirds.com/pages/loyalty,Yes,Premium; Sustainable shoe loyalty,Full Registration,"email, name, phone",Yes,None noted,None noted  
1748,Fashion & Apparel,Rothy's,Rothy's Account,https://rothys.com/account,Yes,Premium; Recycled fashion loyalty,Full Registration,"email, name, phone",Yes,None noted,None noted  
1749,Fashion & Apparel,Nisolo,Nisolo Account,https://nisolo.com/account,Yes,Premium; Ethical fashion loyalty,Full Registration,"email, name, phone",Yes,None noted,None noted  
1750,Fashion & Apparel,Outerknown,OK Account,https://www.outerknown.com/account,Yes,Premium; Surf sustainable loyalty,Full Registration,"email, name, phone",Yes,None noted,None noted  
1751,Fashion & Apparel,Girlfriend Collective,GC Account,https://www.girlfriend.com/account,Yes,Premium; Sustainable activewear,Full Registration,"email, name, phone",Yes,None noted,None noted  
1752,Fashion & Apparel,Vuori,Vuori Rewards,https://vuori.com/rewards,Yes,Premium; CA activewear loyalty,Full Registration,"email, name, phone",Yes,None noted,None noted  
1753,Fashion & Apparel,Alo Yoga,Alo Moves Loyalty,https://www.aloyoga.com/rewards,Yes,Premium; Studio luxury loyalty,Full Registration,"email, name, phone",Yes,None noted,None noted  
1754,Fashion & Apparel,Splits59,S59 Account,https://www.splits59.com/account,Yes,Premium; Activewear loyalty,Full Registration,"email, name, phone",Yes,None noted,None noted  
1755,Fashion & Apparel,Spiritual Gangster,SG Account,https://www.spiritualgangster.com/account,Yes,Premium; Yoga lifestyle loyalty,Full Registration,"email, name, phone",Yes,None noted,None noted  
1756,Fashion & Apparel,Fabletics,Fabletics VIP,https://www.fabletics.com/vip,Yes,Premium; Monthly VIP loyalty,Full Registration,"email, name, phone",Yes,None noted,None noted  
1757,Fashion & Apparel,Bandier,Bandier Rewards,https://www.bandier.com/rewards,Yes,Premium activewear loyalty,Full Registration,"email, name, phone",Yes,None noted,None noted  
1758,Fashion & Apparel,Carbon38,C38 Rewards,https://www.carbon38.com/account,Yes,Premium; Luxury activewear loyalty,Full Registration,"email, name, phone",Yes,None noted,None noted  
1759,Health & Wellness,Nike Training,Nike Training Club,https://www.nike.com/ntc-app,Yes,Premium; Free training loyalty,Full Registration,"email, name, phone",Yes,None noted,None noted  
1760,Health & Wellness,Peloton,Peloton Membership,https://www.onepeloton.com/membership,Yes,Premium; Digital fitness loyalty,Full Registration,"email, name, phone",Yes,None noted,None noted  
1761,Health & Wellness,Mirror,Mirror Membership,https://www.mirror.co/membership,Yes,Premium; Smart mirror loyalty,Full Registration,"email, name, phone",Yes,None noted,None noted  
1762,Health & Wellness,Tonal,Tonal Membership,https://www.tonal.com/membership,Yes,Premium; AI gym loyalty,Full Registration,"email, name, phone",Yes,None noted,None noted  
1763,Health & Wellness,Whoop,Whoop Membership,https://www.whoop.com/membership,Yes,Premium; Wearable loyalty,Full Registration,"email, name, phone",Yes,None noted,None noted  
1764,Health & Wellness,Oura,Oura Membership,https://ouraring.com/membership,Yes,Premium; Ring health loyalty,Full Registration,"email, name, phone",Yes,None noted,None noted  
1765,Health & Wellness,Garmin,Garmin Connect,https://connect.garmin.com,Yes,Premium; Fitness GPS loyalty,Full Registration,"email, name, phone",Yes,None noted,None noted  
1766,Health & Wellness,Polar,Polar Club,https://www.polar.com/us-en/polar_club,Yes,Premium; Sports wearable loyalty,Full Registration,"email, name, phone",Yes,None noted,None noted  
1767,Health & Wellness,Suunto,Suunto App,https://www.suunto.com/en-us/Sports/Suunto-App,Yes,Premium; Adventure sports loyalty,Full Registration,"email, name, phone",Yes,None noted,None noted  
1768,Health & Wellness,Wahoo,Wahoo Fitness App,https://www.wahoofitness.com/app,Yes,Premium; Cycling fitness loyalty,Full Registration,"email, name, phone",Yes,None noted,None noted  
1769,Health & Wellness,Zwift,Zwift Membership,https://www.zwift.com/na/membership,Yes,Premium; Virtual cycling loyalty,Full Registration,"email, name, phone",Yes,None noted,None noted  
1770,Health & Wellness,TrainingPeaks,TP Premium,https://www.trainingpeaks.com/plans,Yes,Premium; Athlete loyalty,Full Registration,"email, name, phone",Yes,None noted,None noted  
1771,Health & Wellness,Strava,Strava Summit,https://www.strava.com/subscribe,Yes,Premium; Running social loyalty,Full Registration,"email, name, phone",Yes,None noted,None noted  
1772,Grocery,Food Lion,Food Lion MVP,https://www.foodlion.com/savings/store-savings/mvp-card,Yes,Mainstream; MVP card loyalty,Full Registration,"email, name, phone",Yes,None noted,None noted  
1773,Grocery,Giant Eagle,myPerks,https://www.gianteagle.com/save/myperks,Yes,Mainstream; PA/OH grocery loyalty,Full Registration,"email, name, phone",Yes,None noted,None noted  
1774,Grocery,Brookshire,Thank You Card,https://www.brookshires.com/thankyoucard,Yes,Mainstream; TX grocery loyalty,Full Registration,"email, name, phone",Yes,None noted,None noted  
1775,Grocery,Stater Bros,Stater Bros Rewards,https://www.staterbros.com/rewards,Yes,Mainstream; SoCal grocery loyalty,Full Registration,"email, name, phone",Yes,None noted,None noted  
1776,Grocery,Grocery Outlet,GO Savings,https://www.groceryoutlet.com/savings,Yes,Mainstream; Bargain grocery loyalty,Full Registration,"email, name, phone",Yes,None noted,None noted  
1777,Grocery,WinCo,WinCo Savings,https://www.wincofoods.com/savings,Yes,Mainstream; Employee-owned grocery,Full Registration,"email, name, phone",Yes,None noted,None noted  
1778,Grocery,Demoulas,Market Basket Club,https://www.shopmarketbasket.com,Yes,Mainstream; NE grocery loyalty,Full Registration,"email, name, phone",Yes,None noted,None noted  
1779,Grocery,Festival Foods,Festival Foods Rewards,https://www.festfoods.com/rewards,Yes,Mainstream; Midwest grocery loyalty,Full Registration,"email, name, phone",Yes,None noted,None noted  
1780,Grocery,Schnucks,Schnucks Rewards,https://www.schnucks.com/sc-rewards,Yes,Mainstream; Midwest grocery loyalty,Full Registration,"email, name, phone",Yes,None noted,None noted  
1781,Grocery,Dierbergs,My Dierbergs,https://www.dierbergs.com/my-dierbergs,Yes,Mainstream; MO grocery loyalty,Full Registration,"email, name, phone",Yes,None noted,None noted  
1782,Grocery,Hannaford,My Hannaford Rewards,https://www.hannaford.com/my-hannaford-rewards,Yes,Mainstream; NE grocery loyalty,Full Registration,"email, name, phone",Yes,None noted,None noted  
1783,Grocery,Tops Friendly Markets,Tops BonusPlus,https://www.topsmarkets.com/savings/bonusplus,Yes,Mainstream; NY grocery loyalty,Full Registration,"email, name, phone",Yes,None noted,None noted  
1784,Grocery,Price Chopper,AdvantEdge Rewards,https://www.pricechopper.com/savings/advantedge-rewards-card,Yes,Mainstream; NY grocery loyalty,Full Registration,"email, name, phone",Yes,None noted,None noted  
1785,Grocery,Piggly Wiggly,PW Rewards,https://www.pigglywiggly.com/perks-and-rewards,Yes,Mainstream; Southeast grocery,Full Registration,"email, name, phone",Yes,None noted,None noted  
1786,Grocery,Save Mart,Save Smart Rewards,https://www.savemart.com/save-smart,Yes,Mainstream; CA grocery loyalty,Full Registration,"email, name, phone",Yes,None noted,None noted  
1787,Grocery,Smart & Final,SF Smart Advantage,https://www.smartandfinal.com/en/my-account,Yes,Mainstream; CA bulk grocery loyalty,Full Registration,"email, name, phone",Yes,None noted,None noted  
1788,Grocery,Lucky Supermarkets,Lucky Rewards,https://luckysupermarkets.com/savings/rewards,Yes,Mainstream; CA grocery loyalty,Full Registration,"email, name, phone",Yes,None noted,None noted  
1789,Grocery,Cardenas Markets,Cardenas Rewards,https://www.cardenasmarkets.com/savings/rewards,Yes,Mainstream; Hispanic grocery loyalty,Full Registration,"email, name, phone",Yes,None noted,None noted  
1790,Grocery,Vallarta,Vallarta Loyalty,https://www.vallartasupermarkets.com/loyalty,Yes,Mainstream; Mexican grocery loyalty,Full Registration,"email, name, phone",Yes,None noted,None noted  
1791,Grocery,Northgate,NG Loyalty,https://www.northgatemarket.com/loyalty,Yes,Mainstream; Hispanic grocery loyalty,Full Registration,"email, name, phone",Yes,None noted,None noted  
1792,Grocery,El Super,ES Rewards,https://elsuper.com/rewards,Yes,Mainstream; Hispanic grocery loyalty,Full Registration,"email, name, phone",Yes,None noted,None noted  
1793,Grocery,Compare Foods,CF Rewards,https://www.comparefoods.com/rewards,Yes,Mainstream; Hispanic grocery loyalty,Full Registration,"email, name, phone",Yes,None noted,None noted  
1794,Grocery,Western Beef,WB Rewards,https://www.westernbeef.com/rewards,Yes,Mainstream; NYC grocery loyalty,Full Registration,"email, name, phone",Yes,None noted,None noted  
1795,Grocery,Key Food,Key Food Savings,https://www.keyfood.com/savings,Yes,Mainstream; NYC grocery loyalty,Full Registration,"email, name, phone",Yes,None noted,None noted  
1796,Grocery,Associated Supermarkets,AS Rewards,https://www.associatedsupermarkets.com/savings,Yes,Mainstream; NYC area loyalty,Full Registration,"email, name, phone",Yes,None noted,None noted  
1797,Grocery,Met Food,Met Rewards,https://www.metfoodmarkets.com/rewards,Yes,Mainstream; NYC Hispanic loyalty,Full Registration,"email, name, phone",Yes,None noted,None noted  
1798,Grocery,C-Town,C-Town Rewards,https://www.ctownsupermarkets.com/savings,Yes,Mainstream; NYC urban grocery,Full Registration,"email, name, phone",Yes,None noted,None noted  
1799,Grocery,Gristedes,Gristedes Rewards,https://www.gristedes.com/savings,Yes,Mainstream; NYC legacy loyalty,Full Registration,"email, name, phone",Yes,None noted,None noted  
1800,Grocery,Bravo Supermarkets,Bravo Rewards,https://www.bravosupermarkets.com/savings,Yes,Mainstream; Hispanic urban grocery,Full Registration,"email, name, phone",Yes,None noted,None noted  
1801,Grocery,Associated Food Stores,AFS Rewards,https://www.afstores.com/savings,Yes,Mainstream; Mountain West grocery,Full Registration,"email, name, phone",Yes,None noted,None noted  
1802,Grocery,Harps Food Stores,Harps Rewards,https://www.harpsfoods.com/savings,Yes,Mainstream; Heartland grocery loyalty,Full Registration,"email, name, phone",Yes,None noted,None noted  
1803,Grocery,Homeland,Homeland Rewards,https://www.homelandstores.com/savings,Yes,Mainstream; OK grocery loyalty,Full Registration,"email, name, phone",Yes,None noted,None noted  
1804,Grocery,Brookshire Brothers,BB Rewards,https://www.brookshirebrothers.com/rewards,Yes,Mainstream; TX regional grocery,Full Registration,"email, name, phone",Yes,None noted,None noted  
1805,Grocery,Rouse's Markets,Rouse's Rewards,https://rouses.com/rewards,Yes,Mainstream; Gulf Coast grocery loyalty,Full Registration,"email, name, phone",Yes,None noted,None noted  
1806,Grocery,Weis Markets,Weis Rewards,https://www.weismarkets.com/savings/rewards,Yes,Mainstream; PA grocery loyalty,Full Registration,"email, name, phone",Yes,None noted,None noted  
1807,Grocery,Acme Markets,ACME for U,https://www.acmemarkets.com/foru,Yes,Mainstream; Northeast grocery loyalty,Full Registration,"email, name, phone",Yes,None noted,None noted  
1808,Grocery,Vons,Vons for U,https://www.vons.com/foru,Yes,Mainstream; SoCal grocery loyalty,Full Registration,"email, name, phone",Yes,None noted,None noted  
1809,Grocery,Pavilions,Pavilions for U,https://www.pavilions.com/foru,Yes,Mainstream; SoCal premium grocery,Full Registration,"email, name, phone",Yes,None noted,None noted  
1810,Grocery,Jewel-Osco,Jewel for U,https://www.jewelosco.com/foru,Yes,Mainstream; Midwest grocery loyalty,Full Registration,"email, name, phone",Yes,None noted,None noted  
1811,Grocery,Tom Thumb,Tom Thumb for U,https://www.tomthumb.com/foru,Yes,Mainstream; TX grocery loyalty,Full Registration,"email, name, phone",Yes,None noted,None noted  
1812,Grocery,Randalls,Randalls for U,https://www.randalls.com/foru,Yes,Mainstream; TX grocery loyalty,Full Registration,"email, name, phone",Yes,None noted,None noted  
1813,Grocery,Star Market,Star Market for U,https://www.starmarket.com/foru,Yes,Mainstream; NE grocery loyalty,Full Registration,"email, name, phone",Yes,None noted,None noted  
1814,Grocery,Shaw's,Shaw's for U,https://www.shaws.com/foru,Yes,Mainstream; NE grocery loyalty,Full Registration,"email, name, phone",Yes,None noted,None noted  
1815,Grocery,Harris Teeter,VIC Card,https://www.harristeeter.com/savings/vic-card,Yes,Mainstream; SE grocery loyalty,Full Registration,"email, name, phone",Yes,None noted,None noted  
1816,Grocery,Lowes Foods,Fresh Rewards,https://www.lowesfoods.com/savings/fresh-rewards,Yes,Mainstream; NC grocery loyalty,Full Registration,"email, name, phone",Yes,None noted,None noted  
1817,Grocery,Harvey's,Harvey's Rewards,https://www.harveys.com/rewards,Yes,Mainstream; SE grocery loyalty,Full Registration,"email, name, phone",Yes,None noted,None noted  
1818,Grocery,Fresco y Más,FyM Rewards,https://www.frescoymás.com/rewards,Yes,Mainstream; Hispanic grocery loyalty,Full Registration,"email, name, phone",Yes,None noted,None noted  
1819,Grocery,Ralphs,Ralphs Rewards,https://www.ralphs.com/d/ralphs-rewards-card,Yes,Mainstream; SoCal grocery loyalty,Full Registration,"email, name, phone",Yes,None noted,None noted  
1820,Grocery,Fred Meyer,Fred Meyer Rewards,https://www.fredmeyer.com/d/fred-meyer-rewards,Yes,Mainstream; PNW grocery loyalty,Full Registration,"email, name, phone",Yes,None noted,None noted  
1821,Grocery,QFC,QFC Rewards,https://www.qfc.com/d/qfc-rewards,Yes,Mainstream; PNW grocery loyalty,Full Registration,"email, name, phone",Yes,None noted,None noted  
1822,Grocery,King Soopers,King Soopers Plus,https://www.kingsoopers.com/d/king-soopers-rewards,Yes,Mainstream; CO grocery loyalty,Full Registration,"email, name, phone",Yes,None noted,None noted  
1823,Grocery,Smith's,Smith's Rewards,https://www.smithsfoodanddrug.com/d/smiths-rewards,Yes,Mainstream; Mountain West loyalty,Full Registration,"email, name, phone",Yes,None noted,None noted  
1824,Grocery,Fry's Food,Fry's VIP,https://www.frysfood.com/d/fry-rewards,Yes,Mainstream; AZ grocery loyalty,Full Registration,"email, name, phone",Yes,None noted,None noted  
1825,Grocery,Dillons,Dillons Plus,https://www.dillons.com/d/dillons-rewards,Yes,Mainstream; KS grocery loyalty,Full Registration,"email, name, phone",Yes,None noted,None noted  
1826,Grocery,Baker's,Baker's Rewards,https://www.bakersplus.com/d/bakers-rewards,Yes,Mainstream; NE grocery loyalty,Full Registration,"email, name, phone",Yes,None noted,None noted  
1827,Grocery,Gerbes,Gerbes Plus,https://www.gerbes.com/d/gerbes-rewards,Yes,Mainstream; MO grocery loyalty,Full Registration,"email, name, phone",Yes,None noted,None noted  
1828,Grocery,City Market,City Market Gold,https://www.citymarket.com/d/city-market-rewards,Yes,Mainstream; CO grocery loyalty,Full Registration,"email, name, phone",Yes,None noted,None noted  
1829,Grocery,Owens Market,Owens Rewards,https://www.owensmarket.com/savings,Yes,Mainstream; WA grocery loyalty,Full Registration,"email, name, phone",Yes,None noted,None noted  
1830,Grocery,Pay Less,Pay Less Rewards,https://www.pay-less.com/d/pay-less-rewards,Yes,Mainstream; IN grocery loyalty,Full Registration,"email, name, phone",Yes,None noted,None noted  
1831,Grocery,Jay C Food,Jay C Rewards,https://www.jaycfoods.com/d/jay-c-rewards,Yes,Mainstream; IN grocery loyalty,Full Registration,"email, name, phone",Yes,None noted,None noted  
1832,Grocery,Pick 'n Save,Pick 'n Save Rewards,https://www.picknsave.com/d/pick-n-save-rewards,Yes,Mainstream; WI grocery loyalty,Full Registration,"email, name, phone",Yes,None noted,None noted  
1833,Grocery,Metro Market,Metro Market Rewards,https://www.metromarket.net/d/metro-market-rewards,Yes,Mainstream; WI premium grocery,Full Registration,"email, name, phone",Yes,None noted,None noted  
1834,Grocery,Copps,Copps Food Rewards,https://www.copps.com/d/copps-rewards,Yes,Mainstream; WI grocery loyalty,Full Registration,"email, name, phone",Yes,None noted,None noted  
1835,Grocery,Mariano's,Mariano's Rewards,https://www.marianos.com/d/marianos-rewards,Yes,Mainstream; IL premium grocery,Full Registration,"email, name, phone",Yes,None noted,None noted  
1836,Grocery,Roundy's,Roundy's Savings,https://www.roundys.com/savings,Yes,Mainstream; Midwest grocery loyalty,Full Registration,"email, name, phone",Yes,None noted,None noted  
1837,Grocery,ALDI,ALDI App,https://www.aldi.us/en/faq/what-is-the-aldi-app,Yes,Mainstream; ALDI digital savings,Full Registration,"email, name, phone",Yes,None noted,None noted  
1838,Grocery,Lidl,Lidl Account,https://www.lidl.com/en_US/my-account.htm,Yes,Mainstream; German discount grocery,Full Registration,"email, name, phone",Yes,Discount on first purchase,None noted  
1839,Home & Catalog,At Home,At Home Insider Perks,https://www.athome.com/insider-perks,Yes,Mainstream; Home decor loyalty,Full Registration,"email, name, phone",Yes,None noted,None noted  
1840,Home & Catalog,Kirklands,Kirklands Rewards,https://www.kirklands.com/rewards,Yes,Mainstream; Home accessories loyalty,Full Registration,"email, name, phone",Yes,None noted,None noted  
1841,Home & Catalog,Garden Ridge,GB Rewards,https://www.gardenridge.com/rewards,Yes,Mainstream; TX home loyalty,Full Registration,"email, name, phone",Yes,None noted,None noted  
1842,Home & Catalog,World Market,World Market Rewards,https://www.worldmarket.com/rewards,Yes,Mainstream; Global home loyalty,Full Registration,"email, name, phone",Yes,None noted,None noted  
1843,Home & Catalog,Pier 1,P1 Rewards,https://www.pier1.com/rewards,Yes,Mainstream; Home accessories loyalty,Full Registration,"email, name, phone",Yes,None noted,None noted  
1844,Home & Catalog,Z Gallerie,ZG Rewards,https://www.zgallerie.com/rewards,Yes,Mainstream; Art home loyalty,Full Registration,"email, name, phone",Yes,None noted,None noted  
1845,Home & Catalog,Ethan Allen,EA Rewards,https://www.ethanallen.com/en/rewards.html,Yes,Mainstream; Traditional furniture loyalty,Full Registration,"email, name, phone",Yes,None noted,None noted  
1846,Home & Catalog,Ashley Furniture,Ashley Advantage,https://www.ashleyfurniture.com/ashley-advantage,Yes,Mainstream; Furniture financing loyalty,Full Registration,"email, name, phone",Yes,None noted,None noted  
1847,Home & Catalog,La-Z-Boy,La-Z-Boy Rewards,https://www.la-z-boy.com/customer-service/rewards,Yes,Mainstream; Comfort furniture loyalty,Full Registration,"email, name, phone",Yes,None noted,None noted  
1848,Home & Catalog,Havertys,Havertys Rewards,https://www.havertys.com/rewards,Yes,Mainstream; SE furniture loyalty,Full Registration,"email, name, phone",Yes,None noted,None noted  
1849,Home & Catalog,Rooms To Go,Rooms Rewards,https://www.roomstogo.com/customer-service/loyalty,Yes,Mainstream; SE furniture loyalty,Full Registration,"email, name, phone",Yes,None noted,None noted  
1850,Home & Catalog,Mathis Brothers,MB Rewards,https://www.mathisbrothers.com/rewards,Yes,Mainstream; Southwest furniture loyalty,Full Registration,"email, name, phone",Yes,None noted,None noted  
1851,Home & Catalog,American Signature,AS Rewards,https://www.americansignaturefurniture.com/rewards,Yes,Mainstream; Midwest furniture loyalty,Full Registration,"email, name, phone",Yes,None noted,None noted  
1852,Home & Catalog,Bob's Discount Furniture,Bob's Insider,https://www.mybobs.com/insider,Yes,Mainstream; NE furniture loyalty,Full Registration,"email, name, phone",Yes,None noted,None noted  
1853,Home & Catalog,Value City Furniture,VC Rewards,https://www.valuecityfurniture.com/rewards,Yes,Mainstream; Value furniture loyalty,Full Registration,"email, name, phone",Yes,None noted,None noted  
1854,Home & Catalog,American Freight,AF Rewards,https://www.americanfreight.us/rewards,Yes,Mainstream; Discount furniture loyalty,Full Registration,"email, name, phone",Yes,Discount on first purchase,None noted  
1855,Home & Catalog,Badcock,Badcock Rewards,https://www.badcock.com/rewards,Yes,Mainstream; SE furniture loyalty,Full Registration,"email, name, phone",Yes,None noted,None noted  
1856,Home & Catalog,Conn's,Conn's Rewards,https://www.conns.com/rewards,Yes,Mainstream; TX furniture loyalty,Full Registration,"email, name, phone",Yes,None noted,None noted  
1857,Auto,Ford,FordPass Rewards,https://owner.ford.com/fordpass/fordpass-rewards.html,Yes,Mainstream; Ford Pass points,Full Registration,"email, name, phone",Yes,Bonus points on signup,None noted  
1858,Auto,Chevrolet,MyChevrolet Rewards,https://my.chevrolet.com/rewards,Yes,Mainstream; GM rewards,Full Registration,"email, name, phone",Yes,None noted,None noted  
1859,Auto,Honda,Honda Owners Rewards,https://owners.honda.com/rewards,Yes,Mainstream; Reliability loyalty,Full Registration,"email, name, phone",Yes,None noted,None noted  
1860,Auto,Nissan,Nissan Owner Portal,https://www.nissanusa.com/owners.html,Yes,Mainstream; Owner loyalty,Full Registration,"email, name, phone",Yes,None noted,None noted  
1861,Auto,Hyundai,Hyundai Rewards,https://www.hyundaiusa.com/us/en/your-hyundai/rewards,Yes,Mainstream; Korean auto loyalty,Full Registration,"email, name, phone",Yes,None noted,None noted  
1862,Auto,Kia,Kia Owners,https://www.kia.com/us/en/experience-kia/my-kia/owner,Yes,Mainstream; Owner portal loyalty,Full Registration,"email, name, phone",Yes,None noted,None noted  
1863,Auto,Volkswagen,VW Rewards,https://www.vw.com/en/models/id-4/rewards.html,Yes,Mainstream; Das Auto loyalty,Full Registration,"email, name, phone",Yes,None noted,None noted  
1864,Auto,Jeep,Jeep Wave,https://www.jeep.com/jeepwave,Yes,Mainstream; Off-road loyalty,Full Registration,"email, name, phone",Yes,Discount on first purchase,None noted  
1865,Auto,Ram,Ram Cares,https://www.ramtrucks.com/rams-cares.html,Yes,Mainstream; Truck owner loyalty,Full Registration,"email, name, phone",Yes,None noted,None noted  
1866,Auto,Subaru,Subaru Love Encore,https://www.subaru.com/why-subaru/love-encore-gift-program,Yes,Mainstream; Adventure loyalty,Full Registration,"email, name, phone",Yes,None noted,None noted  
1867,Auto,Mazda,Mazda Loyalty,https://www.mazdausa.com/vehicle-help/mazda-loyalty-program,Yes,Mainstream; Zoom-zoom loyalty,Full Registration,"email, name, phone",Yes,None noted,None noted  
1868,Auto,Mitsubishi,Mitsubishi Loyalty,https://www.mitsubishicars.com/loyalty,Yes,Mainstream; EV/SUV loyalty,Full Registration,"email, name, phone",Yes,None noted,None noted  
1869,Pharmacy,Express Scripts,ESRx Loyalty,https://www.express-scripts.com,Yes,Mainstream; PBM loyalty,Full Registration,"email, name, phone",Yes,None noted,None noted  
1870,Health & Wellness,Club Fitness,CF Rewards,https://www.clubfitness.us/rewards,Yes,Mainstream; Midwest gym loyalty,Full Registration,"email, name, phone",Yes,None noted,None noted  
1871,Health & Wellness,VASA Fitness,VASA Rewards,https://www.vasafitness.com/membership,Yes,Mainstream; Mountain West gym,Full Registration,"email, name, phone",Yes,None noted,None noted  
1872,Health & Wellness,Snap Fitness,Snap Rewards,https://www.snapfitness.com/membership,Yes,Mainstream; 24/7 franchise gym,Full Registration,"email, name, phone",Yes,None noted,None noted  
1873,Health & Wellness,Workout Anytime,WA Rewards,https://www.workoutanytime.com/membership,Yes,Mainstream; SE gym loyalty,Full Registration,"email, name, phone",Yes,None noted,None noted  
1874,Health & Wellness,Chuze Fitness,Chuze Rewards,https://chuzefitness.com/membership,Yes,Mainstream; Value gym loyalty,Full Registration,"email, name, phone",Yes,None noted,None noted  
1875,Dining,Smoothie King,Healthy Rewards,https://www.smoothieking.com/rewards,Yes,Entry/Everyday; Health smoothie loyalty,Full Registration,"email, name, phone",Yes,None noted,None noted  
1876,Dining,Jeni's Ice Cream,Jeni's Loyalty,https://jenis.com/pages/loyaltyprogram,Yes,Entry/Everyday; Artisan ice cream loyalty,Full Registration,"email, name, phone",Yes,None noted,None noted  
1877,Dining,Cold Stone Creamery,My Cold Stone Club,https://www.coldstonecreamery.com/rewards,Yes,Entry/Everyday; Ice cream loyalty,Full Registration,"email, name, phone",Yes,None noted,None noted  
1878,Dining,Baskin-Robbins,BR Rewards,https://www.baskinrobbins.com/content/baskinrobbins/en/rewards.html,Yes,Entry/Everyday; Ice cream loyalty,Full Registration,"email, name, phone",Yes,None noted,None noted  
1879,Dining,Dairy Queen,DQ Fan Club,https://www.dairyqueen.com/en-us/dq-fan-food-rewards,Yes,Entry/Everyday; Blizzard loyalty,Full Registration,"email, name, phone",Yes,None noted,None noted  
1880,Dining,Yogurtland,Real Rewards,https://www.yogurtland.com/realrewards,Yes,Entry/Everyday; Frozen yogurt loyalty,Full Registration,"email, name, phone",Yes,None noted,None noted  
1881,Dining,Pinkberry,Passport Rewards,https://www.pinkberry.com/rewards,Yes,Entry/Everyday; Premium froyo loyalty,Full Registration,"email, name, phone",Yes,None noted,None noted  
1882,Dining,Orange Julius,OJ Rewards,https://www.orangejulius.com/rewards,Yes,Entry/Everyday; DQ-powered loyalty,Full Registration,"email, name, phone",Yes,None noted,None noted  
1883,Dining,Krispy Kreme,Hot Light Rewards,https://www.krispykreme.com/rewards,Yes,Entry/Everyday; Doughnut loyalty,Full Registration,"email, name, phone",Yes,None noted,None noted  
1884,Dining,Nothing Bundt Cakes,Bundtlet Club,https://www.nothingbundtcakes.com/rewards,Yes,Entry/Everyday; Cake loyalty,Full Registration,"email, name, phone",Yes,None noted,None noted  
1885,Dining,Einstein Bagels,Schmear Society,https://www.einsteinbros.com/rewards,Yes,Entry/Everyday; Bagel loyalty,Full Registration,"email, name, phone",Yes,None noted,None noted  
1886,Dining,Noah's Bagels,Noah's Rewards,https://www.noahsbagels.com/rewards,Yes,Entry/Everyday; West coast bagel loyalty,Full Registration,"email, name, phone",Yes,None noted,None noted  
1887,Dining,Au Bon Pain,Au Bon Pain Rewards,https://www.aubonpain.com/rewards,Yes,Entry/Everyday; Bakery café loyalty,Full Registration,"email, name, phone",Yes,None noted,None noted  
1888,Dining,Corner Bakery,Corner Bakery Rewards,https://www.cornerbakerycafe.com/rewards,Yes,Entry/Everyday; Fast casual bakery loyalty,Full Registration,"email, name, phone",Yes,None noted,None noted  
1889,Dining,Foxtail Coffee,Foxtail Rewards,https://foxtailcoffee.com/rewards,Yes,Entry/Everyday; FL coffee chain loyalty,Full Registration,"email, name, phone",Yes,Discount on first purchase,None noted  
1890,Dining,Joe Coffee,Joe Rewards,https://www.joecoffeecompany.com/rewards,Yes,Entry/Everyday; NYC coffee loyalty,Full Registration,"email, name, phone",Yes,Discount on first purchase,None noted  
1891,Dining,La Madeleine,La Madeleine Rewards,https://www.lamadeleine.com/rewards,Yes,Entry/Everyday; French café loyalty,Full Registration,"email, name, phone",Yes,None noted,None noted  
1892,Dining,Zoes Kitchen,Zoes Rewards,https://www.zoeskitchen.com/rewards,Yes,Entry/Everyday; Mediterranean loyalty,Full Registration,"email, name, phone",Yes,None noted,None noted  
1893,Dining,Yoshinoya,Yoshinoya Rewards,https://www.yoshinoyausa.com/rewards,Yes,Entry/Everyday; Japanese fast casual loyalty,Full Registration,"email, name, phone",Yes,None noted,None noted  
1894,Dining,Pokéworks,Pokéworks Rewards,https://www.pokeworks.com/rewards,Yes,Entry/Everyday; Poke bowl loyalty,Full Registration,"email, name, phone",Yes,None noted,None noted  
1895,Dining,Lemonade Restaurant,Lemonade Rewards,https://www.lemonadela.com/rewards,Yes,Entry/Everyday; CA health fast casual,Full Registration,"email, name, phone",Yes,None noted,None noted  
1896,Dining,Tender Loving Empire,TLE Rewards,https://tenderlovingempire.com/rewards,Yes,Entry/Everyday; PNW artisan loyalty,Full Registration,"email, name, phone",Yes,None noted,None noted  
1897,Dining,Modern Market,MM Rewards,https://www.modernmarket.com/rewards,Yes,Entry/Everyday; CO healthy loyalty,Full Registration,"email, name, phone",Yes,None noted,None noted  
1898,Dining,Flower Child,FC Rewards,https://www.iamaflowerchild.com/rewards,Yes,Entry/Everyday; Fox Restaurant loyalty,Full Registration,"email, name, phone",Yes,None noted,None noted  
1899,Dining,Postino,Postino Insiders,https://postinowinecafe.com/rewards,Yes,Entry/Everyday; Wine bar loyalty,Full Registration,"email, name, phone",Yes,None noted,None noted  
1900,Dining,La Brea Bakery,La Brea Rewards,https://www.labreabakery.com/rewards,Yes,Entry/Everyday; Artisan bread loyalty,Full Registration,"email, name, phone",Yes,None noted,None noted  
1901,Dining,Eataly,Eataly Loyalty,https://www.eataly.com/us_en/loyalty,Yes,Entry/Everyday; Italian food market loyalty,Full Registration,"email, name, phone",Yes,None noted,None noted  
1902,Dining,Trader Joe's Wine,TJ Wine Club,https://www.traderjoes.com/home/discover/wine-picks,Yes,Entry/Everyday; Community wine loyalty,Full Registration,"email, name, phone",Yes,None noted,None noted  
1903,Dining,Total Wine,Rewards Program,https://www.totalwine.com/rewards,Yes,Entry/Everyday; Wine + spirits loyalty,Full Registration,"email, name, phone",Yes,None noted,None noted  
1904,Dining,BevMo\!,Club 5¢,https://www.bevmo.com/pages/club-5-cent-sale,Yes,Entry/Everyday; CA spirits loyalty,Full Registration,"email, name, phone",Yes,None noted,None noted  
1905,Dining,ABC Fine Wine,ABC Rewards,https://www.abcfws.com/rewards,Yes,Entry/Everyday; FL spirits loyalty,Full Registration,"email, name, phone",Yes,None noted,None noted  
1906,Dining,Bristol Farms,BF Rewards,https://www.bristolfarms.com/rewards,Yes,Entry/Everyday; SoCal premium grocery,Full Registration,"email, name, phone",Yes,None noted,None noted  
1907,Dining,Gelson's,Gelson's Rewards,https://www.gelsons.com/rewards,Yes,Entry/Everyday; SoCal luxury grocery loyalty,Full Registration,"email, name, phone",Yes,None noted,None noted  
1908,Dining,Central Market,CM Rewards,https://www.centralmarket.com/rewards,Yes,Entry/Everyday; TX premium grocery loyalty,Full Registration,"email, name, phone",Yes,None noted,None noted  
1909,Dining,Jungle Jim's,JJ Rewards,https://www.junglejims.com/rewards,Yes,Entry/Everyday; OH specialty food loyalty,Full Registration,"email, name, phone",Yes,None noted,None noted  
1910,Dining,Stew Leonard's,Stew Leonard's Club,https://www.stewleonards.com/rewards,Yes,Entry/Everyday; NE specialty grocery,Full Registration,"email, name, phone",Yes,None noted,None noted  
1911,Dining,Wegmans Menu,Wegmans Loyalty,https://www.wegmans.com/loyalty,Yes,Entry/Everyday; NY premium grocery loyalty,Full Registration,"email, name, phone",Yes,None noted,None noted  
1912,Dining,Fare Start,FS Rewards,https://www.farestart.org/rewards,Yes,Entry/Everyday; WA culinary loyalty,Full Registration,"email, name, phone",Yes,None noted,None noted  
1913,Dining,Lucky's Market,LM Rewards,https://www.luckysmarket.com/rewards,Yes,Entry/Everyday; Natural market loyalty,Full Registration,"email, name, phone",Yes,None noted,None noted  
1914,Dining,New Seasons,NS Rewards,https://www.newseasonsmarket.com/rewards,Yes,Entry/Everyday; PNW organic loyalty,Full Registration,"email, name, phone",Yes,None noted,None noted  
1915,Dept Store,Placeholder Brand 1,Loyalty Program,https://www.placeholder.com/rewards,Yes,Mainstream; To be verified,Full Registration,"email, name, phone",Yes,None noted,None noted  
1916,Home & Catalog,Room and Board,Store Financing Pre-Qual,https://www.roomandboard.com,Yes,Store financing pre-qual,Credit Pre-Qual,"email, name, address",Partial,None noted,Financing application required  
1917,Home & Catalog,Joybird,Furniture Samples / Financing,https://www.joybird.com/samples,Yes,Furniture samples and financing,Credit Pre-Qual,"email, name, address",Partial,None noted,Financing application required  
1918,Dept Store,Kohl's,Kohl's Rewards & Prequalify,https://www.kohls.com,Yes,Dept store pre-qual; rewards program,Credit Pre-Qual,"email, name, address, SSN-last-4",Partial,None noted,SSN required; soft pull only  
1919,Home & Catalog,Bob's Discount Furniture,MyBobs Prequalify,https://www.mybobs.com/financing-options,Yes,Furniture financing pre-qual,Credit Pre-Qual,"email, name, address",Partial,None noted,Financing application required  
1920,Electronics & Tech,Dell,Dell Prequalify,https://www.dell.com,Yes,Electronics financing pre-qual,Credit Pre-Qual,"email, name, address, SSN-last-4",Partial,None noted,SSN required; soft pull only  
1921,Catalog,Stoneberry,Stoneberry Prequalify,https://www.stoneberry.com,Yes,Catalog credit pre-qual; soft pull,Credit Pre-Qual,"email, name, address, SSN-last-4",Partial,None noted,SSN required; soft pull only  
1922,Catalog,Rent-A-Center,RentACenter Prequalify,https://www.rentacenter.com,Yes,Rent-to-own pre-qual,Credit Pre-Qual,"email, name, address",Partial,None noted,Rent-to-own application required  
1923,Soft Pull Credit Cards,Capital One,Capital One Prequalify,https://www.capitalone.com,Yes,Credit card pre-qual; soft pull,Credit Pre-Qual,"email, name, address, SSN-last-4",Partial,None noted,SSN required; soft pull only  
1924,Soft Pull Credit Cards,Discover,Discover Prequalify,https://www.discover.com,Yes,Credit card pre-qual; soft pull,Credit Pre-Qual,"email, name, address, SSN-last-4",Partial,None noted,SSN required; soft pull only  
1925,Catalog,MDG,MDG Prequalify,https://www.mdg.com,Yes,Electronics/furniture catalog pre-qual,Credit Pre-Qual,"email, name, address, SSN-last-4",Partial,None noted,SSN required; soft pull only  
1926,Travel & Hotels,Marriott,Marriott Bonvoy,https://www.marriott.com/loyalty/createAccount/createAccountPage1.mi,Yes,Hotel loyalty; points per stay,Full Registration,"email, name, phone",Yes,Bonus points on first stay,None noted  
1927,Travel & Hotels,IHG Hotels & Resorts,IHG One Rewards,https://www.ihg.com/rewardsclub/us/en/enrollment/main,Yes,Hotel loyalty program,Full Registration,"email, name, phone",Yes,Bonus points on signup,None noted  
1928,Travel & Hotels,Hotwire,Hotwire Account,https://www.hotwire.com,Yes,Travel booking; discounted rates,Full Registration,"email, name, phone",Yes,None noted,None noted  
1929,Travel & Hotels,Trivago,Trivago Account,https://www.trivago.com,Yes,Hotel price comparison,Full Registration,"email, name, phone",Yes,None noted,None noted  
1930,Travel & Hotels,Expedia,Expedia Rewards (One Key),https://www.expedia.com,Yes,Travel booking rewards,Full Registration,"email, name, phone",Yes,Cash rewards on bookings,None noted  
1931,Travel & Airlines,United Airlines,MileagePlus,https://www.united.com/en/us/fly/mileageplus.html,Yes,Airline miles program,Full Registration,"email, name, phone",Yes,Bonus miles on signup,None noted  
1932,Travel & Airlines,American Airlines,AAdvantage,https://www.aa.com/loyalty/enrollment/enroll,Yes,Airline miles program,Full Registration,"email, name, phone",Yes,Bonus miles on signup,None noted  
1933,Travel & Airlines,Frontier Airlines,FRONTIER Miles,https://www.flyfrontier.com/travel/frontier-miles,Yes,Airline miles program,Full Registration,"email, name, phone",Yes,None noted,None noted  
1934,Travel & Airlines,Spirit Airlines,Free Spirit,https://www.spirit.com/FreeSpirit,Yes,Airline loyalty program,Full Registration,"email, name, phone",Yes,None noted,None noted  
1935,Travel & Airlines,Allegiant Air,Allways Rewards,https://www.allegiantair.com/allways-rewards,Yes,Airline loyalty program,Full Registration,"email, name, phone",Yes,None noted,None noted  
1936,Travel & Airlines,Kayak,Kayak Account,https://www.kayak.com,Yes,Travel search and booking,Full Registration,"email, name, phone",Yes,None noted,None noted  
1937,Travel & Airlines,Hawaiian Airlines,HawaiianMiles,https://www.hawaiianairlines.com/hawaiianmiles,Yes,Airline miles program,Full Registration,"email, name, phone",Yes,Bonus miles on signup,None noted  
1938,Travel & Airlines,Alternative Airlines,Alternative Airlines Account,https://www.alternativeairlines.com,Yes,Flight booking aggregator,Full Registration,"email, name, phone",Yes,None noted,None noted  
1939,Travel & Transit,Amtrak,Amtrak Guest Rewards,https://www.amtrak.com/guestrewards/home.html,Yes,Rail loyalty; points per trip,Full Registration,"email, name, phone",Yes,Bonus points on signup,None noted  
1940,Travel & Transit,Greyhound,Greyhound Rewards,https://www.greyhound.com/en/help-and-info/greyhound-rewards/sign-up-to-greyhound-rewards,Yes,Bus loyalty program,Full Registration,"email, name, phone",Yes,None noted,None noted  
1941,Travel & Transit,Megabus,Megabus Account,https://us.megabus.com/account-management/login,Yes,Budget bus service account,Full Registration,"email, name, phone",Yes,None noted,None noted  
1942,Dining,Tim Hortons,Tims Rewards,https://www.timhortons.com/timsrewards,Yes,Coffee/bakery loyalty; points per purchase,Full Registration,"email, name, phone",Yes,Free item on signup,None noted  
1943,Dining,Dunkin',DD Perks / Dunkin' Rewards,https://www.dunkindonuts.com/en/dd-perks,Yes,Coffee loyalty; points per purchase,Full Registration,"email, name, phone",Yes,Free drink on signup,None noted  
1944,Dining,P.F. Chang's,P.F. Chang's Rewards,https://www.pfchangs.com/rewards,Yes,Restaurant loyalty program,Full Registration,"email, name, phone",Yes,Bonus points on signup,None noted  
1945,Dining,Dave & Buster's,Rewards,https://www.daveandbusters.com/rewards/faqs,Yes,Entertainment/dining loyalty,Full Registration,"email, name, phone",Yes,None noted,None noted  
1946,Dining,Dine Rewards,Dine Rewards,https://www.dine-rewards.com,Yes,Multi-restaurant loyalty program,Full Registration,"email, name, phone",Yes,Bonus points on signup,None noted  
1947,Dining,Arby's,Arby's Rewards,https://www.arbys.com,Yes,Fast food loyalty program,Full Registration,"email, name, phone",Yes,None noted,None noted  
1948,Dining,Chili's,My Chili's Rewards,https://www.chilis.com,Yes,Casual dining loyalty program,Full Registration,"email, name, phone",Yes,Free chips and salsa on signup,None noted  
1949,Dining,TGI Fridays,Fridays Rewards,https://www.tgifridays.com,Yes,Casual dining loyalty program,Full Registration,"email, name, phone",Yes,Free appetizer on signup,None noted  
1950,Dining,Red Robin,Red Robin Royalty,https://www.redrobin.com,Yes,Casual dining loyalty; free birthday burger,Full Registration,"email, name, phone",Yes,Free birthday burger,None noted  
1951,Dining,Burger King,Royal Perks,https://www.bk.com/bkrewards,Yes,Fast food loyalty; points per purchase,Full Registration,"email, name, phone",Yes,Free item on signup,None noted  
1952,Dept Store,JCPenney,JCPenney Rewards,https://www.jcprewards.com/REGISTRATION.ASPX,Yes,Dept store loyalty program,Full Registration,"email, name, phone",Yes,None noted,None noted  
1953,Free Samples & Rebates,Fuel Rewards,Fuel Rewards Program,https://www.fuelrewards.com/fuelrewards/SIGN-UP-DETAILS,Yes,Gas savings rewards; cents off per gallon,Full Registration,"email, name, phone",Yes,Cents off per gallon on signup,None noted  
1954,Free Samples & Rebates,MyPoints,MyPoints Rewards,https://www.mypoints.com/emp/u/ma/join.vm,Yes,"Points for shopping, surveys, and more",Full Registration,"email, name, phone",Yes,Bonus points on signup,None noted  
1955,Entertainment & Streaming,TV Guide,TV Guide Account,http://www.tvguide.com,Yes,TV listings and entertainment,Email Only,email,Yes,None noted,None noted  
1956,Grocery,Safeway,Just for U,https://www.safeway.com/ShopStores/OSSO-Login.page,Yes,Grocery loyalty; digital coupons,Full Registration,"email, name, phone",Yes,None noted,None noted  
1957,Pharmacy,Walgreens,Balance Rewards / myWalgreens,https://www.walgreens.com/balancerewards/BALANCE-REWARDS,Yes,Pharmacy loyalty; points per purchase,Full Registration,"email, name, phone",Yes,Bonus points on signup,None noted  
1958,Fashion & Apparel,H\&M,H\&M Member,https://www.hm.com,Yes,Fashion loyalty; points per purchase,Full Registration,"email, name, phone",Yes,Discount on first purchase,None noted  
1959,Fashion & Apparel,Rue21,Rue21 Rewards,https://www.rue21.com/store,Yes,Teen fashion loyalty program,Full Registration,"email, name, phone",Yes,None noted,None noted  
1960,Fashion & Apparel,Burlington,Burlington Rewards,https://www.burlington.com,Yes,Off-price retail loyalty,Full Registration,"email, name, phone",Yes,None noted,None noted  
1961,Fashion & Apparel,Forever 21,Forever 21 Rewards,https://www.forever21.com,Yes,Fashion loyalty program,Full Registration,"email, name, phone",Yes,None noted,None noted  
1962,Fashion & Apparel,Banana Republic,Banana Republic Rewards,https://bananarepublic.gap.com,Yes,Fashion loyalty; points per purchase,Full Registration,"email, name, phone",Yes,None noted,None noted  
1963,Fashion & Apparel,Lids,Lids Locker Room,https://www.lids.com,Yes,Sports headwear loyalty program,Full Registration,"email, name, phone",Yes,None noted,None noted  
1964,Fashion & Apparel,Old Navy,Old Navy Rewards,https://oldnavy.gap.com,Yes,Fashion loyalty; points per purchase,Full Registration,"email, name, phone",Yes,None noted,None noted  
1965,Fashion & Apparel,Urban Outfitters,UO Rewards,https://www.urbanoutfitters.com,Yes,Fashion loyalty program,Full Registration,"email, name, phone",Yes,None noted,None noted  
1966,Fashion & Apparel,Hollister,Hollister Club Cali,https://www.hollisterco.com/shop/us,Yes,Teen fashion loyalty program,Full Registration,"email, name, phone",Yes,None noted,None noted  
1967,Fashion & Apparel,Zumiez,Zumiez Stash,https://www.zumiez.com,Yes,Skate/streetwear loyalty program,Full Registration,"email, name, phone",Yes,None noted,None noted  
1968,Fashion & Apparel,Buckle,B-Rewards,https://www.buckle.com,Yes,Fashion loyalty program,Full Registration,"email, name, phone",Yes,None noted,None noted  
1969,Fashion & Apparel,SHEIN,SHEIN Points,https://us.shein.com,Yes,Fast fashion loyalty; points per purchase,Full Registration,"email, name, phone",Yes,None noted,None noted  
1970,Free Samples & Rebates,Forbes Magazine,Forbes Free Trial,https://subs.forbesmagazine.com/pubs/B4/FRB/Google-Mobile_1-Free-Trial.jsp,Yes,Free magazine trial subscription,Email Only,email,Yes,None noted,None noted  
1971,Free Samples & Rebates,HeyItsFree,Free Magazine Subscriptions,https://www.heyitsfree.net/free-magazine-subscriptions,Yes,Aggregator for free magazine offers,Email Only,email,Yes,None noted,None noted  
1972,Free Samples & Rebates,YoFreesamples,Free Magazines,https://yofreesamples.com/books/free-magazines-today,Yes,Free magazine and sample aggregator,Email Only,email,Yes,None noted,None noted  
1973,Free Samples & Rebates,Freeflys,Free Magazines by Mail,https://www.freeflys.com/save-money/free-magazines-in-the-mail,Yes,Free magazine aggregator,Email Only,email,Yes,None noted,None noted  
1974,Free Samples & Rebates,BlissBustle,Free Magazine Subscriptions,https://blissbustle.com/free-magazine-subscriptions,Yes,Free magazine aggregator,Email Only,email,Yes,None noted,None noted  
1975,Mortgage Pre-Qual,Zillow,Zillow Pre-Qualify,https://www.zillow.com/pre-qualify,Yes,Mortgage pre-qualification tool,Credit Pre-Qual,"email, name, address, SSN-last-4",Partial,None noted,SSN and income info required  
1976,Mortgage Pre-Qual,Rocket Mortgage,Rocket Mortgage Pre-Qual,https://www.rocketmortgage.com,Yes,Online mortgage pre-qualification,Credit Pre-Qual,"email, name, address, SSN-last-4",Partial,None noted,SSN and income info required  
1977,Mortgage Pre-Qual,Chase,Chase Mortgage Pre-Qualify,https://www.chase.com/personal/mortgage/education/buying-a-home/get-mortgage-prequalify,Yes,Bank mortgage pre-qualification,Credit Pre-Qual,"email, name, address, SSN-last-4",Partial,None noted,SSN and income info required  
1978,Mortgage Pre-Qual,U.S. Bank,U.S. Bank Mortgage Pre-Qual,https://www.usbank.com/home-loans/mortgage/prequalify-for-a-mortgage.html,Yes,Bank mortgage pre-qualification,Credit Pre-Qual,"email, name, address, SSN-last-4",Partial,None noted,SSN and income info required  
1979,Mortgage Pre-Qual,Truist,Truist Mortgage Pre-Qual,https://www.truist.com/mortgage/mortgage-offer,Yes,Bank mortgage pre-qualification,Credit Pre-Qual,"email, name, address, SSN-last-4",Partial,None noted,SSN and income info required  
1980,Auto Pre-Qual,Capital One Auto,Capital One Auto Pre-Qualify,https://www.capitalone.com/cars/prequalify,Yes,Auto loan pre-qualification; soft pull,Credit Pre-Qual,"email, name, address, SSN-last-4",Partial,None noted,SSN required; soft pull  
1981,Auto Pre-Qual,Chase Auto,Chase Auto Pre-Qualified,https://www.chase.com/auto/prequalified,Yes,Auto loan pre-qualification; soft pull,Credit Pre-Qual,"email, name, address, SSN-last-4",Partial,None noted,SSN required; soft pull  
1982,Auto Pre-Qual,Carzing,Carzing Pre-Qualification,https://www.carzing.com/prequalification,Yes,Auto loan pre-qualification,Credit Pre-Qual,"email, name, address, SSN-last-4",Partial,None noted,SSN required; soft pull  
1983,Auto Pre-Qual,Carvana,Carvana Financing Pre-Qual,https://www.carvana.com/financing-prequalification,Yes,Online car buying pre-qualification,Credit Pre-Qual,"email, name, address, SSN-last-4",Partial,None noted,SSN required; soft pull  
1984,Auto Pre-Qual,U.S. Bank,U.S. Bank Auto Pre-Approval,https://www.usbank.com/vehicle-loans/auto-loans/auto-loan-pre-approval.html,Yes,Auto loan pre-approval,Credit Pre-Qual,"email, name, address, SSN-last-4",Partial,None noted,SSN required; soft pull  
1985,Auto Pre-Qual,Westlake Financial,Westlake Auto Pre-Qual,https://www.westlakefinancial.com/auto-loan-pre-qualification,Yes,Auto loan pre-qualification,Credit Pre-Qual,"email, name, address, SSN-last-4",Partial,None noted,SSN required; soft pull  
1986,Soft Pull Credit Cards,Surge Card,Surge Mastercard Pre-Qual,https://prequal2.yoursurgecard.com/#stepone,Yes,Secured/unsecured CC pre-qual; soft pull,Credit Pre-Qual,"email, name, address, SSN-last-4",Partial,None noted,SSN required; soft pull only  
1987,Soft Pull Credit Cards,Capital One,Capital One CC Pre-Approve,https://www.capitalone.com/credit-cards/preapprove,Yes,Credit card pre-approval; soft pull,Credit Pre-Qual,"email, name, address, SSN-last-4",Partial,None noted,SSN required; soft pull only  
1988,Soft Pull Credit Cards,American Express,Amex Check for Offers,https://www.americanexpress.com/us/credit-cards/check-for-offers,Yes,Credit card pre-qualification; soft pull,Credit Pre-Qual,"email, name, address, SSN-last-4",Partial,None noted,SSN required; soft pull only  
1989,Soft Pull Credit Cards,Navy Federal Credit Union,Navy Federal Pre-Qual,https://www.navyfederal.org/loans-cards/credit-cards/credit-card-basics/prequalification.html,Yes,Credit union CC pre-qual; soft pull,Credit Pre-Qual,"email, name, address, SSN-last-4",Partial,None noted,SSN required; soft pull only  
1990,Soft Pull Credit Cards,Bank of America,BofA Customized Offers,https://secure.bankofamerica.com/secure-offers/public/customizedOffers,Yes,Credit card pre-qualification; soft pull,Credit Pre-Qual,"email, name, address, SSN-last-4",Partial,None noted,SSN required; soft pull only  
1991,Soft Pull Credit Cards,Wells Fargo,Wells Fargo CC Pre-Qual,https://web.secure.wellsfargo.com/credit-cards/yourinfo,Yes,Credit card pre-qualification; soft pull,Credit Pre-Qual,"email, name, address, SSN-last-4",Partial,None noted,SSN required; soft pull only  
1992,Soft Pull Credit Cards,WalletMonkey,WalletMonkey Pre-Qualified Offers,https://walletmonkey.io/finding-pre-qualified-offers,Yes,Aggregator for CC pre-qual offers,Email Only,email,Yes,None noted,None noted  
1993,Soft Pull Credit Cards,WalletMonkey,WalletMonkey Store Card Pre-Quals,https://walletmonkey.io/finding-pre-qualified-offers/#Store_Credit_Card_Pre-Qualifications,Yes,Store credit card pre-qual aggregator,Email Only,email,Yes,None noted,None noted  
1994,Personal Loan Pre-Qual,Bankrate,Bankrate Personal Loan Pre-Qual,https://www.bankrate.com/loans/personal-loans/prequalification/loan-amount,Yes,Personal loan pre-qualification comparison,Credit Pre-Qual,"email, name, address, SSN-last-4",Partial,None noted,SSN required; soft pull  
1995,Personal Loan Pre-Qual,NerdWallet,NerdWallet Personal Loan Pre-Qual,https://www.nerdwallet.com/personal-loans/pre-qualify,Yes,Personal loan pre-qualification comparison,Credit Pre-Qual,"email, name, address, SSN-last-4",Partial,None noted,SSN required; soft pull  
1996,Personal Loan Pre-Qual,OneMain Financial,OneMain Pre-Qualification,https://www.onemainfinancial.com/prequalification,Yes,Personal loan pre-qualification,Credit Pre-Qual,"email, name, address, SSN-last-4",Partial,None noted,SSN required; soft pull  
1997,Personal Loan Pre-Qual,WalletHub,WalletHub Loan Request,https://www.wallethub.com/home/loan-request,Yes,Personal loan marketplace pre-qual,Credit Pre-Qual,"email, name, address, SSN-last-4",Partial,None noted,SSN required; soft pull  
1998,Personal Loan Pre-Qual,Regional Finance,Regional Finance Pre-Qual,https://secure.regionalfinance.com/get-a-loan?experience=sp,Yes,Personal loan pre-qualification,Credit Pre-Qual,"email, name, address, SSN-last-4",Partial,None noted,SSN required; soft pull  
1999,Personal Loan Pre-Qual,Oportun,Oportun Personal Loan,https://oportun.com/personal-loans,Yes,Personal loan for thin credit files,Credit Pre-Qual,"email, name, address",Partial,None noted,Income verification required  
2000,Personal Loan Pre-Qual,LendingPoint,LendingPoint Pre-Qual,https://www.lendingpoint.com,Yes,Personal loan pre-qualification; soft pull,Credit Pre-Qual,"email, name, address, SSN-last-4",Partial,None noted,SSN required; soft pull only  
2001,Survey & Rewards Sites,Millennial Money,Best Survey Sites Guide,https://millennialmoney.com/best-survey-sites,Yes,Survey site aggregator/guide,Full Registration,"email, name",Yes,Cash or points for completing surveys,None noted  
2002,Survey & Rewards Sites,Club Thrifty,Best Survey Sites Guide,https://clubthrifty.com/best-survey-sites,Yes,Survey site aggregator/guide,Full Registration,"email, name",Yes,Cash or points for completing surveys,None noted  
2003,Survey & Rewards Sites,DollarBreak,Paid Online Surveys Guide,https://www.dollarbreak.com/paid-online-surveys,Yes,Survey site aggregator/guide,Full Registration,"email, name",Yes,Cash or points for completing surveys,None noted  
2004,Survey & Rewards Sites,PaidFromSurveys,Best Survey Sites USA,https://paidfromsurveys.com/best-survey-sites-for-usa,Yes,Survey site aggregator/guide,Full Registration,"email, name",Yes,Cash or points for completing surveys,None noted  
2005,Social Media,Facebook,Facebook Account,https://www.facebook.com,Yes,Social media platform,Full Registration,"email, name",Yes,None noted,None noted  
2006,Social Media,LinkedIn,LinkedIn Account,https://www.linkedin.com,Yes,Professional social network,Full Registration,"email, name",Yes,None noted,None noted  
2007,Social Media,Google,Google Account,https://accounts.google.com,Yes,Google account for all services,Full Registration,"email, name",Yes,None noted,None noted  
2008,Auto,AutoZone,AutoZone Rewards,https://www.autozonerewards.com/VIEWLOGIN.HTM,Yes,Auto parts loyalty; points per purchase,Full Registration,"email, name, phone",Yes,Bonus points on signup,None noted  
2009,Free Samples & Rebates,DealNews,DealNews Rewards Programs Guide,https://www.dealnews.com/features/The-Best-Customer-Rewards-Programs/2183066.HTML,Yes,Rewards program aggregator/guide,Email Only,email,Yes,None noted,None noted  
2010,Job Boards,Indeed,Indeed Job Search,https://www.indeed.com,Yes,General job board; largest worldwide,Full Registration,"email, name",Yes,Job alerts and profile visibility,None noted  
2011,Job Boards,LinkedIn,LinkedIn Jobs,https://www.linkedin.com/jobs,Yes,Professional network job board,Full Registration,"email, name",Yes,Job alerts and profile visibility,None noted  
2012,Job Boards,ZipRecruiter,ZipRecruiter,https://www.ziprecruiter.com,Yes,General job board; AI matching,Full Registration,"email, name",Yes,Job alerts and profile visibility,None noted  
2013,Job Boards,Monster,Monster Jobs,https://www.monster.com,Yes,General job board,Full Registration,"email, name",Yes,Job alerts and profile visibility,None noted  
2014,Job Boards,CareerBuilder,CareerBuilder,https://www.careerbuilder.com,Yes,General job board,Full Registration,"email, name",Yes,Job alerts and profile visibility,None noted  
2015,Job Boards,Glassdoor,Glassdoor Jobs,https://www.glassdoor.com,Yes,Job board with company reviews,Full Registration,"email, name",Yes,Job alerts and profile visibility,None noted  
2016,Job Boards,SimplyHired,SimplyHired,https://www.simplyhired.com,Yes,General job aggregator,Full Registration,"email, name",Yes,Job alerts and profile visibility,None noted  
2017,Job Boards,Nexxt,Nexxt Job Board,https://www.nexxt.com,Yes,General job board network,Full Registration,"email, name",Yes,Job alerts and profile visibility,None noted  
2018,Job Boards,The Ladders,The Ladders,https://www.theladders.com,Yes,High-salary job board ($100k+),Full Registration,"email, name",Yes,Job alerts and profile visibility,None noted  
2019,Job Boards,Dice,Dice Tech Jobs,https://www.dice.com,Yes,Tech and IT job board,Full Registration,"email, name",Yes,Job alerts and profile visibility,None noted  
2020,Job Boards,GetWork,GetWork,https://getwork.com,Yes,General job aggregator,Full Registration,"email, name",Yes,Job alerts and profile visibility,None noted  
2021,Job Boards,Jobs.com,Jobs.com,https://www.jobs.com,Yes,General job board,Full Registration,"email, name",Yes,Job alerts and profile visibility,None noted  
2022,Job Boards,Google Careers,Google for Jobs,https://careers.google.com,Yes,Tech company careers portal,Full Registration,"email, name",Yes,Job alerts and profile visibility,None noted  
2023,Job Boards,Snagajob,Snagajob,https://www.snagajob.com,Yes,Hourly and part-time jobs,Full Registration,"email, name",Yes,Job alerts and profile visibility,None noted  
2024,Job Boards,Talent.com,Talent.com,https://www.talent.com,Yes,Global job aggregator,Full Registration,"email, name",Yes,Job alerts and profile visibility,None noted  
2025,Job Boards,Adzuna,Adzuna,https://www.adzuna.com,Yes,Global job search engine,Full Registration,"email, name",Yes,Job alerts and profile visibility,None noted  
2026,Job Boards,Juju,Juju Job Search,https://www.juju.com,Yes,Job aggregator; pay-per-click,Full Registration,"email, name",Yes,Job alerts and profile visibility,None noted  
2027,Job Boards,CareerJet,CareerJet,https://www.careerjet.com,Yes,Global job aggregator,Full Registration,"email, name",Yes,Job alerts and profile visibility,None noted  
2028,Job Boards,The Muse,The Muse,https://www.themuse.com,Yes,Job board with company culture info,Full Registration,"email, name",Yes,Job alerts and profile visibility,None noted  
2029,Job Boards,Lensa,Lensa Jobs,https://lensa.com,Yes,AI-powered job matching,Full Registration,"email, name",Yes,Job alerts and profile visibility,None noted  
2030,Job Boards,CareerBliss,CareerBliss,https://www.careerbliss.com,Yes,Culture-focused job search,Full Registration,"email, name",Yes,Job alerts and profile visibility,None noted  
2031,Job Boards,Cleverism,Cleverism Jobs,https://www.cleverism.com,Yes,International job board,Full Registration,"email, name",Yes,Job alerts and profile visibility,None noted  
2032,Job Boards,Geebo,Geebo Jobs,https://geebo.com,Yes,Local classifieds job board,Full Registration,"email, name",Yes,Job alerts and profile visibility,None noted  
2033,Job Boards,TheJobNetwork,TheJobNetwork,https://www.thejobnetwork.com,Yes,Job board with email alerts,Full Registration,"email, name",Yes,Job alerts and profile visibility,None noted  
2034,Job Boards,Robert Half,Robert Half Jobs,https://www.roberthalf.com,Yes,Staffing and professional jobs,Full Registration,"email, name",Yes,Job alerts and profile visibility,None noted  
2035,Job Boards,Craigslist,Craigslist Jobs,https://www.craigslist.org/about/sites,Yes,Local classifieds including jobs,Full Registration,"email, name",Yes,Job alerts and profile visibility,None noted  
2036,Job Boards,Wellfound,Wellfound (AngelList Talent),https://wellfound.com,Yes,Startup jobs board,Full Registration,"email, name",Yes,Job alerts and profile visibility,None noted  
2037,Job Boards,We Work Remotely,We Work Remotely,https://weworkremotely.com,Yes,Remote-only job board,Full Registration,"email, name",Yes,Job alerts and profile visibility,None noted  
2038,Job Boards,Remote.co,Remote.co Jobs,https://remote.co/remote-jobs,Yes,Curated remote job board,Full Registration,"email, name",Yes,Job alerts and profile visibility,None noted  
2039,Job Boards,FlexJobs,FlexJobs,https://www.flexjobs.com,Yes,Vetted remote and flexible jobs,Full Registration,"email, name",Yes,Job alerts and profile visibility,None noted  
2040,Job Boards,Remote OK,Remote OK,https://remoteok.com,Yes,Remote tech and startup jobs,Full Registration,"email, name",Yes,Job alerts and profile visibility,None noted  
2041,Job Boards,Working Nomads,Working Nomads,https://www.workingnomads.com/jobs,Yes,Remote job listings for digital nomads,Full Registration,"email, name",Yes,Job alerts and profile visibility,None noted  
2042,Job Boards,Jobspresso,Jobspresso,https://jobspresso.co,Yes,Curated remote jobs,Full Registration,"email, name",Yes,Job alerts and profile visibility,None noted  
2043,Job Boards,Remotive,Remotive,https://remotive.com,Yes,Remote tech jobs community,Full Registration,"email, name",Yes,Job alerts and profile visibility,None noted  
2044,Job Boards,Virtual Vocations,Virtual Vocations,https://www.virtualvocations.com,Yes,Telecommute and remote jobs,Full Registration,"email, name",Yes,Job alerts and profile visibility,None noted  
2045,Job Boards,Pangian,Pangian,https://pangian.com,Yes,Remote job board; global,Full Registration,"email, name",Yes,Job alerts and profile visibility,None noted  
2046,Job Boards,Outsourcely,Outsourcely,https://www.outsourcely.com,Yes,Remote work marketplace,Full Registration,"email, name",Yes,Job alerts and profile visibility,None noted  
2047,Job Boards,Stack Overflow,Stack Overflow Jobs,https://stackoverflow.com/jobs,Yes,Developer and tech job board,Full Registration,"email, name",Yes,Job alerts and profile visibility,None noted  
2048,Job Boards,GitHub Jobs,GitHub Jobs,https://jobs.github.com,Yes,Tech and developer job board,Full Registration,"email, name",Yes,Job alerts and profile visibility,None noted  
2049,Job Boards,Hired,Hired Tech Jobs,https://hired.com/jobs,Yes,Tech talent marketplace,Full Registration,"email, name",Yes,Job alerts and profile visibility,None noted  
2050,Job Boards,Underdog.io,Underdog.io,https://underdog.io,Yes,Startup tech jobs,Full Registration,"email, name",Yes,Job alerts and profile visibility,None noted  
2051,Job Boards,ClearanceJobs,ClearanceJobs,https://www.clearancejobs.com,Yes,Security clearance tech jobs,Full Registration,"email, name",Yes,Job alerts and profile visibility,None noted  
2052,Job Boards,Authentic Jobs,Authentic Jobs,https://authenticjobs.com,Yes,Web/design/tech job board,Full Registration,"email, name",Yes,Job alerts and profile visibility,None noted  
2053,Job Boards,Smashing Magazine Jobs,Smashing Jobs,https://www.smashingmagazine.com/jobs,Yes,Web design and development jobs,Full Registration,"email, name",Yes,Job alerts and profile visibility,None noted  
2054,Job Boards,AngelList,AngelList Jobs,https://angel.co/jobs,Yes,Startup and tech jobs,Full Registration,"email, name",Yes,Job alerts and profile visibility,None noted  
2055,Job Boards,Built In,Built In Jobs,https://builtin.com/jobs,Yes,Tech startup job board,Full Registration,"email, name",Yes,Job alerts and profile visibility,None noted  
2056,Job Boards,Mashable Jobs,Mashable Jobs,https://jobs.mashable.com,Yes,Tech and media jobs,Full Registration,"email, name",Yes,Job alerts and profile visibility,None noted  
2057,Job Boards,Health eCareers,Health eCareers,https://www.healthecareers.com,Yes,Healthcare and medical job board,Full Registration,"email, name",Yes,Job alerts and profile visibility,None noted  
2058,Job Boards,HospitalRecruiting,HospitalRecruiting,https://www.hospitalrecruiting.com,Yes,Physician and healthcare jobs,Full Registration,"email, name",Yes,Job alerts and profile visibility,None noted  
2059,Job Boards,Nurse.com,Nurse.com Jobs,https://www.nurse.com/jobs,Yes,Nursing job board,Full Registration,"email, name",Yes,Job alerts and profile visibility,None noted  
2060,Job Boards,NursingJobs.com,NursingJobs.com,https://www.nursingjobs.com,Yes,Nursing and allied health jobs,Full Registration,"email, name",Yes,Job alerts and profile visibility,None noted  
2061,Job Boards,MedZilla,MedZilla,https://www.medzilla.com,Yes,"Pharma, biotech, and healthcare jobs",Full Registration,"email, name",Yes,Job alerts and profile visibility,None noted  
2062,Job Boards,PracticeLink,PracticeLink,https://www.practicelink.com,Yes,Physician job board,Full Registration,"email, name",Yes,Job alerts and profile visibility,None noted  
2063,Job Boards,HealthJobsNationwide,HealthJobsNationwide,https://www.healthjobsnationwide.com,Yes,Nationwide healthcare jobs,Full Registration,"email, name",Yes,Job alerts and profile visibility,None noted  
2064,Job Boards,AlliedHealthJobCafe,Allied Health Job Cafe,https://www.alliedhealthjobcafe.com,Yes,Allied health professionals job board,Full Registration,"email, name",Yes,Job alerts and profile visibility,None noted  
2065,Job Boards,iHireNursing,iHireNursing,https://www.ihirenursing.com,Yes,Nursing-specific job board,Full Registration,"email, name",Yes,Job alerts and profile visibility,None noted  
2066,Job Boards,iHirePhysicians,iHirePhysicians,https://www.ihirephysicians.com,Yes,Physician-specific job board,Full Registration,"email, name",Yes,Job alerts and profile visibility,None noted  
2067,Job Boards,LawJobs,LawJobs.com,https://lawjobs.com,Yes,Legal industry job board,Full Registration,"email, name",Yes,Job alerts and profile visibility,None noted  
2068,Job Boards,Lawcrossing,Lawcrossing,https://www.lawcrossing.com,Yes,Attorney and legal jobs,Full Registration,"email, name",Yes,Job alerts and profile visibility,None noted  
2069,Job Boards,Attorney Jobs,AttorneyJobs.com,https://www.attorneyjobs.com,Yes,Attorney and law firm jobs,Full Registration,"email, name",Yes,Job alerts and profile visibility,None noted  
2070,Job Boards,Legal Jobs,LegalJobs.com,https://www.legaljobs.com,Yes,Legal profession job board,Full Registration,"email, name",Yes,Job alerts and profile visibility,None noted  
2071,Job Boards,Idealist Legal,Idealist Legal Jobs,https://www.idealist.org/en/jobs?q=legal,Yes,Nonprofit and legal sector jobs,Full Registration,"email, name",Yes,Job alerts and profile visibility,None noted  
2072,Job Boards,eFinancialCareers,eFinancialCareers,https://www.efinancialcareers.com,Yes,Finance and banking job board,Full Registration,"email, name",Yes,Job alerts and profile visibility,None noted  
2073,Job Boards,AccountingJobsToday,AccountingJobsToday,https://www.accountingjobstoday.com,Yes,Accounting and finance jobs,Full Registration,"email, name",Yes,Job alerts and profile visibility,None noted  
2074,Job Boards,iHireFinance,iHireFinance,https://www.ihirefinance.com,Yes,Finance-specific job board,Full Registration,"email, name",Yes,Job alerts and profile visibility,None noted  
2075,Job Boards,CFO.com Jobs,CFO Jobs,https://jobs.cfo.com,Yes,Senior finance executive jobs,Full Registration,"email, name",Yes,Job alerts and profile visibility,None noted  
2076,Job Boards,Behance,Behance Jobs,https://www.behance.net/joblist,Yes,Creative and design job board,Full Registration,"email, name",Yes,Job alerts and profile visibility,None noted  
2077,Job Boards,Coroflot,Coroflot Jobs,https://www.coroflot.com/jobs,Yes,Design and creative jobs,Full Registration,"email, name",Yes,Job alerts and profile visibility,None noted  
2078,Job Boards,Krop,Krop Creative Jobs,https://www.krop.com,Yes,Creative industry job board,Full Registration,"email, name",Yes,Job alerts and profile visibility,None noted  
2079,Job Boards,MediaBistro,MediaBistro Jobs,https://www.mediabistro.com,Yes,Media and journalism jobs,Full Registration,"email, name",Yes,Job alerts and profile visibility,None noted  
2080,Job Boards,MarketingHire,MarketingHire,https://www.marketinghire.com,Yes,Marketing job board,Full Registration,"email, name",Yes,Job alerts and profile visibility,None noted  
2081,Job Boards,Journalism Jobs,JournalismJobs.com,https://www.journalismjobs.com,Yes,Journalism and media jobs,Full Registration,"email, name",Yes,Job alerts and profile visibility,None noted  
2082,Job Boards,Creative Hotlist,Creative Hotlist,https://www.creativehotlist.com,Yes,Creative and advertising jobs,Full Registration,"email, name",Yes,Job alerts and profile visibility,None noted  
2083,Job Boards,Aquent,Aquent Talent,https://aquent.com/find-work,Yes,Creative and marketing staffing,Full Registration,"email, name",Yes,Job alerts and profile visibility,None noted  
2084,Job Boards,SalesJobs.com,SalesJobs.com,https://www.salesjobs.com,Yes,Sales-specific job board,Full Registration,"email, name",Yes,Job alerts and profile visibility,None noted  
2085,Job Boards,SalesGravy,Sales Gravy Jobs,https://www.salesgravy.com/sales-jobs,Yes,Sales career job board,Full Registration,"email, name",Yes,Job alerts and profile visibility,None noted  
2086,Job Boards,iHireSales,iHireSales,https://www.ihiresales.com,Yes,Sales-specific job board,Full Registration,"email, name",Yes,Job alerts and profile visibility,None noted  
2087,Job Boards,TruckingTruth,TruckingTruth Jobs,https://www.truckingtruth.com/trucking-jobs,Yes,CDL and trucking job board,Full Registration,"email, name",Yes,Job alerts and profile visibility,None noted  
2088,Job Boards,CDLjobs.com,CDLjobs.com,https://www.cdljobs.com,Yes,CDL driver job board,Full Registration,"email, name",Yes,Job alerts and profile visibility,None noted  
2089,Job Boards,Truckers Report,Truckers Report Jobs,https://www.thetruckersreport.com/trucking-jobs,Yes,Trucking community job board,Full Registration,"email, name",Yes,Job alerts and profile visibility,None noted  
2090,Job Boards,DriveMyWay,DriveMyWay,https://www.drivemyway.com,Yes,CDL driver matching platform,Full Registration,"email, name",Yes,Job alerts and profile visibility,None noted  
2091,Job Boards,Hirequest Transport,Hirequest Transport,https://hirequest.com/transport,Yes,Transportation and logistics jobs,Full Registration,"email, name",Yes,Job alerts and profile visibility,None noted  
2092,Job Boards,TransportationJobs.com,TransportationJobs.com,https://www.transportationjobs.com,Yes,Transportation industry job board,Full Registration,"email, name",Yes,Job alerts and profile visibility,None noted  
2093,Job Boards,ConstructionJobs.com,ConstructionJobs.com,https://www.constructionjobs.com,Yes,Construction industry job board,Full Registration,"email, name",Yes,Job alerts and profile visibility,None noted  
2094,Job Boards,iHireConstruction,iHireConstruction,https://www.ihireconstruction.com,Yes,Construction-specific job board,Full Registration,"email, name",Yes,Job alerts and profile visibility,None noted  
2095,Job Boards,TradeScouts,TradeScouts,https://tradescouts.com,Yes,Skilled trades job board,Full Registration,"email, name",Yes,Job alerts and profile visibility,None noted  
2096,Job Boards,BuildZoom,BuildZoom Contractor Jobs,https://www.buildzoom.com/jobs,Yes,Contractor and construction jobs,Full Registration,"email, name",Yes,Job alerts and profile visibility,None noted  
2097,Job Boards,Construct Connect,ConstructConnect Jobs,https://www.constructconnect.com/careers,Yes,Construction industry careers,Full Registration,"email, name",Yes,Job alerts and profile visibility,None noted  
2098,Job Boards,USAJobs,USAJobs.gov,https://www.usajobs.gov,Yes,Official federal government job board,Full Registration,"email, name",Yes,Job alerts and profile visibility,None noted  
2099,Job Boards,GovernmentJobs.com,GovernmentJobs.com,https://www.governmentjobs.com,Yes,State and local government jobs,Full Registration,"email, name",Yes,Job alerts and profile visibility,None noted  
2100,Job Boards,CivilServiceCareers,Civil Service Careers,https://www.civilservicecareers.com,Yes,Civil service job board,Full Registration,"email, name",Yes,Job alerts and profile visibility,None noted  
2101,Job Boards,FederalJobsNet,FederalJobsNet,https://federaljobs.net,Yes,Federal government job listings,Full Registration,"email, name",Yes,Job alerts and profile visibility,None noted  
2102,Job Boards,RecruitMilitary,RecruitMilitary,https://recruitmilitary.com,Yes,Veteran-focused job board,Full Registration,"email, name",Yes,Job alerts and profile visibility,None noted  
2103,Job Boards,Hire Heroes USA,Hire Heroes USA,https://www.hireheroesusa.org,Yes,Veteran employment assistance,Full Registration,"email, name",Yes,Job alerts and profile visibility,None noted  
2104,Job Boards,Military.com Jobs,Military.com Jobs,https://www.military.com/veteran-jobs,Yes,Military and veteran job board,Full Registration,"email, name",Yes,Job alerts and profile visibility,None noted  
2105,Job Boards,Veteran Jobs Mission,Veteran Jobs Mission,https://veteranjobsmission.com,Yes,Veteran employment coalition,Full Registration,"email, name",Yes,Job alerts and profile visibility,None noted  
2106,Job Boards,Orion Talent,Orion Talent,https://www.oriontalent.com,Yes,Military-to-civilian job placement,Full Registration,"email, name",Yes,Job alerts and profile visibility,None noted  
2107,Job Boards,Hire a Hero,Hire a Hero,https://www.hireahero.org,Yes,Veteran job board,Full Registration,"email, name",Yes,Job alerts and profile visibility,None noted  
2108,Job Boards,DiversityJobs.com,DiversityJobs.com,https://www.diversityjobs.com,Yes,Diversity-focused job board,Full Registration,"email, name",Yes,Job alerts and profile visibility,None noted  
2109,Job Boards,DiversityWorking,DiversityWorking,https://www.diversityworking.com,Yes,Diversity and inclusion job board,Full Registration,"email, name",Yes,Job alerts and profile visibility,None noted  
2110,Job Boards,FairyGodBoss,FairyGodBoss,https://www.fairygodboss.com,Yes,Women-focused job board,Full Registration,"email, name",Yes,Job alerts and profile visibility,None noted  
2111,Job Boards,Hire Autism,Hire Autism,https://www.hireautism.org,Yes,Autism employment job board,Full Registration,"email, name",Yes,Job alerts and profile visibility,None noted  
2112,Job Boards,AbilityJobs,AbilityJobs,https://abilityjobs.com,Yes,Disability-focused job board,Full Registration,"email, name",Yes,Job alerts and profile visibility,None noted  
2113,Job Boards,Out & Equal,Out & Equal Workplace,https://outandequal.org/career-center,Yes,LGBTQ+ workplace equality jobs,Full Registration,"email, name",Yes,Job alerts and profile visibility,None noted  
2114,Job Boards,Pink Jobs,Pink Jobs,https://www.pinkjobs.com,Yes,LGBTQ+ job board,Full Registration,"email, name",Yes,Job alerts and profile visibility,None noted  
2115,Job Boards,HBCU Career Center,HBCU Career Center,https://www.thehbcucareercenter.com,Yes,HBCU and BIPOC career board,Full Registration,"email, name",Yes,Job alerts and profile visibility,None noted  
2116,Job Boards,Jopwell,Jopwell,https://www.jopwell.com,Yes,Diversity recruiting for BIPOC professionals,Full Registration,"email, name",Yes,Job alerts and profile visibility,None noted  
2117,Job Boards,iRelaunch,iRelaunch,https://www.irelaunch.com/job-board,Yes,Career re-entry job board,Full Registration,"email, name",Yes,Job alerts and profile visibility,None noted  
2118,Job Boards,Hire Disability Solutions,Hire Disability Solutions,https://www.hireds.com,Yes,Disability employment job board,Full Registration,"email, name",Yes,Job alerts and profile visibility,None noted  
2119,Job Boards,Getting Hired,Getting Hired,https://www.gettinghired.com,Yes,Disability-inclusive job board,Full Registration,"email, name",Yes,Job alerts and profile visibility,None noted  
2120,Job Boards,Upwork,Upwork,https://www.upwork.com,Yes,Freelance marketplace,Full Registration,"email, name",Yes,Job alerts and profile visibility,None noted  
2121,Job Boards,Fiverr,Fiverr,https://www.fiverr.com,Yes,Freelance gig marketplace,Full Registration,"email, name",Yes,Job alerts and profile visibility,None noted  
2122,Job Boards,Freelancer.com,Freelancer.com,https://www.freelancer.com,Yes,Global freelance marketplace,Full Registration,"email, name",Yes,Job alerts and profile visibility,None noted  
2123,Job Boards,Toptal,Toptal,https://www.toptal.com,Yes,Elite freelance tech talent,Full Registration,"email, name",Yes,Job alerts and profile visibility,None noted  
2124,Job Boards,Guru,Guru Freelance,https://www.guru.com,Yes,Freelance marketplace,Full Registration,"email, name",Yes,Job alerts and profile visibility,None noted  
2125,Job Boards,PeoplePerHour,PeoplePerHour,https://www.peopleperhour.com,Yes,Freelance marketplace; UK-focused,Full Registration,"email, name",Yes,Job alerts and profile visibility,None noted  
2126,Job Boards,TaskRabbit,TaskRabbit,https://www.taskrabbit.com,Yes,Local gig and task marketplace,Full Registration,"email, name",Yes,Job alerts and profile visibility,None noted  
2127,Job Boards,Wonolo,Wonolo,https://www.wonolo.com,Yes,On-demand staffing platform,Full Registration,"email, name",Yes,Job alerts and profile visibility,None noted  
2128,Job Boards,Instawork,Instawork,https://www.instawork.com,Yes,Gig work for hospitality and warehouse,Full Registration,"email, name",Yes,Job alerts and profile visibility,None noted  
2129,Job Boards,Hcareers,Hcareers,https://www.hcareers.com,Yes,Hospitality industry job board,Full Registration,"email, name",Yes,Job alerts and profile visibility,None noted  
2130,Job Boards,Culinary Agents,Culinary Agents,https://culinaryagents.com,Yes,Restaurant and culinary jobs,Full Registration,"email, name",Yes,Job alerts and profile visibility,None noted  
2131,Job Boards,Poached Jobs,Poached Jobs,https://poachedjobs.com,Yes,Restaurant and food service jobs,Full Registration,"email, name",Yes,Job alerts and profile visibility,None noted  
2132,Job Boards,HospitalityOnline,HospitalityOnline,https://www.hospitalityonline.com,Yes,Hotel and hospitality jobs,Full Registration,"email, name",Yes,Job alerts and profile visibility,None noted  
2133,Job Boards,iHireHospitality,iHireHospitality,https://www.ihirehospitality.com,Yes,Hospitality-specific job board,Full Registration,"email, name",Yes,Job alerts and profile visibility,None noted  
2134,Job Boards,SchoolSpring,SchoolSpring,https://www.schoolspring.com,Yes,K-12 education job board,Full Registration,"email, name",Yes,Job alerts and profile visibility,None noted  
2135,Job Boards,HigherEdJobs,HigherEdJobs,https://www.higheredjobs.com,Yes,Higher education job board,Full Registration,"email, name",Yes,Job alerts and profile visibility,None noted  
2136,Job Boards,Chronicle Vitae,Chronicle Vitae,https://chroniclevitae.com,Yes,Academic and faculty job board,Full Registration,"email, name",Yes,Job alerts and profile visibility,None noted  
2137,Job Boards,Teachers-Teachers.com,Teachers-Teachers.com,https://www.teachers-teachers.com,Yes,K-12 teacher job board,Full Registration,"email, name",Yes,Job alerts and profile visibility,None noted  
2138,Job Boards,EdJoin,EdJoin,https://www.edjoin.org,Yes,Education job board; California-focused,Full Registration,"email, name",Yes,Job alerts and profile visibility,None noted  
2139,Job Boards,Idealist,Idealist Jobs,https://www.idealist.org/en/jobs,Yes,Nonprofit and education jobs,Full Registration,"email, name",Yes,Job alerts and profile visibility,None noted  
2140,Job Boards,Idealist Nonprofit,Idealist Nonprofit Jobs,https://www.idealist.org/en/nonprofit-jobs,Yes,Nonprofit sector job board,Full Registration,"email, name",Yes,Job alerts and profile visibility,None noted  
2141,Job Boards,NonprofitJobs.org,NonprofitJobs.org,https://www.nonprofitjobs.org,Yes,Nonprofit job board,Full Registration,"email, name",Yes,Job alerts and profile visibility,None noted  
2142,Job Boards,Work for Good,Work for Good,https://www.workforgood.org,Yes,Nonprofit and social impact jobs,Full Registration,"email, name",Yes,Job alerts and profile visibility,None noted  
2143,Job Boards,Bridgespan,Bridgespan Jobs,https://jobs.bridgespan.org,Yes,Nonprofit leadership jobs,Full Registration,"email, name",Yes,Job alerts and profile visibility,None noted  
2144,Job Boards,WorkInSports,WorkInSports,https://www.workinsports.com,Yes,Sports industry job board,Full Registration,"email, name",Yes,Job alerts and profile visibility,None noted  
2145,Job Boards,TeamWork Online,TeamWork Online,https://www.teamworkonline.com,Yes,Sports and live events jobs,Full Registration,"email, name",Yes,Job alerts and profile visibility,None noted  
2146,Job Boards,EntertainmentCareers.net,EntertainmentCareers.net,https://www.entertainmentcareers.net,Yes,"Film, TV, and entertainment jobs",Full Registration,"email, name",Yes,Job alerts and profile visibility,None noted  
2147,Job Boards,Mandy.com,Mandy.com,https://www.mandy.com,Yes,Film and TV production jobs,Full Registration,"email, name",Yes,Job alerts and profile visibility,None noted  
2148,Job Boards,ProductionHUB,ProductionHUB,https://www.productionhub.com,Yes,Film and video production jobs,Full Registration,"email, name",Yes,Job alerts and profile visibility,None noted  
2149,Job Boards,RealEstateJobs.com,RealEstateJobs.com,https://www.realestatejobs.com,Yes,Real estate industry job board,Full Registration,"email, name",Yes,Job alerts and profile visibility,None noted  
2150,Job Boards,iHireRealEstate,iHireRealEstate,https://www.ihirerealestate.com,Yes,Real estate-specific job board,Full Registration,"email, name",Yes,Job alerts and profile visibility,None noted  
2151,Job Boards,SelectLeaders,SelectLeaders Real Estate,https://www.selectleaders.com,Yes,Commercial real estate jobs,Full Registration,"email, name",Yes,Job alerts and profile visibility,None noted  
2152,Job Boards,AgCareers.com,AgCareers.com,https://www.agcareers.com,Yes,Agriculture and agribusiness jobs,Full Registration,"email, name",Yes,Job alerts and profile visibility,None noted  
2153,Job Boards,CropLife Jobs,CropLife Jobs,https://jobs.croplife.com,Yes,Agriculture and crop science jobs,Full Registration,"email, name",Yes,Job alerts and profile visibility,None noted  
2154,Job Boards,Farm Job Search,Farm Job Search,https://www.farmjobsearch.com,Yes,Farm and agricultural jobs,Full Registration,"email, name",Yes,Job alerts and profile visibility,None noted  
2155,Job Boards,Snagajob Retail,Snagajob Retail,https://www.snagajob.com/jobs/retail,Yes,Hourly retail job board,Full Registration,"email, name",Yes,Job alerts and profile visibility,None noted  
2156,Job Boards,RetailJobs.com,RetailJobs.com,https://www.retailjobs.com,Yes,Retail-specific job board,Full Registration,"email, name",Yes,Job alerts and profile visibility,None noted  
2157,Job Boards,iHireRetail,iHireRetail,https://www.ihireretail.com,Yes,Retail-specific job board,Full Registration,"email, name",Yes,Job alerts and profile visibility,None noted  
2158,Job Boards,Part Time Jobs,PartTimeJobs.com,https://www.parttimejobs.com,Yes,Part-time and hourly job board,Full Registration,"email, name",Yes,Job alerts and profile visibility,None noted  
2159,Job Boards,Glassdoor International,Glassdoor Global,https://www.glassdoor.com/Job/worldwide-jobs.htm,Yes,International job listings,Full Registration,"email, name",Yes,Job alerts and profile visibility,None noted  
2160,Job Boards,EuroJobs,EuroJobs,https://www.eurojobs.com,Yes,European job board,Full Registration,"email, name",Yes,Job alerts and profile visibility,None noted  
2161,Job Boards,Totaljobs,Totaljobs UK,https://www.totaljobs.com,Yes,UK job board,Full Registration,"email, name",Yes,Job alerts and profile visibility,None noted  
2162,Job Boards,Reed.co.uk,Reed Jobs,https://www.reed.co.uk,Yes,UK job board,Full Registration,"email, name",Yes,Job alerts and profile visibility,None noted  
2163,Job Boards,Seek,Seek Australia,https://www.seek.com.au,Yes,Australian job board,Full Registration,"email, name",Yes,Job alerts and profile visibility,None noted  
2164,Job Boards,Naukri,Naukri India,https://www.naukri.com,Yes,India job board,Full Registration,"email, name",Yes,Job alerts and profile visibility,None noted  
2165,Job Boards,JobStreet,JobStreet Asia,https://www.jobstreet.com,Yes,Southeast Asia job board,Full Registration,"email, name",Yes,Job alerts and profile visibility,None noted  
2166,Job Boards,Bayt,Bayt Middle East,https://www.bayt.com,Yes,Middle East and North Africa job board,Full Registration,"email, name",Yes,Job alerts and profile visibility,None noted  
2167,Job Boards,CollegeRecruiter,CollegeRecruiter,https://www.collegerecruiter.com,Yes,Student and entry-level job board,Full Registration,"email, name",Yes,Job alerts and profile visibility,None noted  
2168,Job Boards,Handshake,Handshake,https://joinhandshake.com,Yes,College student job board,Full Registration,"email, name",Yes,Job alerts and profile visibility,None noted  
2169,Job Boards,AfterCollege,AfterCollege,https://www.aftercollege.com,Yes,Entry-level and internship jobs,Full Registration,"email, name",Yes,Job alerts and profile visibility,None noted  
2170,Job Boards,Internships.com,Internships.com,https://www.internships.com,Yes,Internship job board,Full Registration,"email, name",Yes,Job alerts and profile visibility,None noted  
2171,Job Boards,WayUp,WayUp,https://www.wayup.com,Yes,College student and early career jobs,Full Registration,"email, name",Yes,Job alerts and profile visibility,None noted  
2172,Entertainment & Streaming,Six Flags,Six Flags Membership,https://www.sixflags.com/account/create,Yes,Theme Park,web,email,yes,,none noted  
2173,Entertainment & Streaming,Cedar Point,Cedar Point Membership,https://www.cedarpoint.com/account/create,Yes,Theme Park,web,email,yes,,none noted  
2174,Entertainment & Streaming,Knott's Berry Farm,Knott's Berry Farm Membership,https://www.knotts.com/account/create,Yes,Theme Park,web,email,yes,,none noted  
2175,Entertainment & Streaming,Kings Island,Kings Island Membership,https://www.visitkingsisland.com/account/create,Yes,Theme Park,web,email,yes,,none noted  
2176,Entertainment & Streaming,Hersheypark,Hersheypark Membership,https://www.hersheypark.com/account/create,Yes,Theme Park,web,email,yes,,none noted  
2177,Entertainment & Streaming,Dollywood,Dollywood Membership,https://www.dollywood.com/account/create,Yes,Theme Park,web,email,yes,,none noted  
2178,Entertainment & Streaming,Silver Dollar City,Silver Dollar City Membership,https://www.silverdollarcity.com/account/create,Yes,Theme Park,web,email,yes,,none noted  
2179,Entertainment & Streaming,Holiday World & Splashin' Safari,Holiday World & Splashin' Safari Membership,https://www.holidayworld.com/account/create,Yes,Theme Park,web,email,yes,,none noted  
2180,Entertainment & Streaming,Kennywood,Kennywood Membership,https://www.kennywood.com/account/create,Yes,Theme Park,web,email,yes,,none noted  
2181,Entertainment & Streaming,SeaWorld,SeaWorld Membership,https://www.seaworld.com/account/create,Yes,Theme Park,web,email,yes,,none noted  
2182,Entertainment & Streaming,Busch Gardens,Busch Gardens Membership,https://www.buschgardens.com/account/create,Yes,Theme Park,web,email,yes,,none noted  
2183,Entertainment & Streaming,Legoland,Legoland Membership,https://www.legoland.com/account/create,Yes,Theme Park,web,email,yes,,none noted  
2184,Entertainment & Streaming,Knoebels Amusement Resort,Knoebels Amusement Resort Membership,https://www.knoebels.com/account/create,Yes,Theme Park,web,email,yes,,none noted  
2185,Entertainment & Streaming,Santa Cruz Beach Boardwalk,Santa Cruz Beach Boardwalk Membership,https://www.beachboardwalk.com/account/create,Yes,Amusement Park,web,email,yes,,none noted  
2186,Entertainment & Streaming,Urban Air Adventure Park,Urban Air Adventure Park Membership,https://www.urbanair.com/account/create,Yes,Active Entertainment,web,email,yes,,none noted  
2187,Entertainment & Streaming,Sky Zone Trampoline Park,Sky Zone Trampoline Park Membership,https://www.skyzone.com/account/create,Yes,Active Entertainment,web,email,yes,,none noted  
2188,Entertainment & Streaming,Altitude Trampoline Park,Altitude Trampoline Park Membership,https://www.altitudetrampolinepark.com/account/create,Yes,Active Entertainment,web,email,yes,,none noted  
2189,Entertainment & Streaming,Defy Extreme Air Sports,Defy Extreme Air Sports Membership,https://www.defy.com/account/create,Yes,Active Entertainment,web,email,yes,,none noted  
2190,Entertainment & Streaming,Rockin' Jump,Rockin' Jump Membership,https://www.rockinjump.com/account/create,Yes,Active Entertainment,web,email,yes,,none noted  
2191,Entertainment & Streaming,Flight Adventure Park,Flight Adventure Park Membership,https://www.flightadventurepark.com/account/create,Yes,Active Entertainment,web,email,yes,,none noted  
2192,Entertainment & Streaming,iFLY Indoor Skydiving,iFLY Indoor Skydiving Membership,https://www.iflyworld.com/account/create,Yes,Active Entertainment,web,email,yes,,none noted  
2193,Entertainment & Streaming,Ninja Nation,Ninja Nation Membership,https://www.ninjanation.com/account/create,Yes,Active Entertainment,web,email,yes,,none noted  
2194,Entertainment & Streaming,Bouldering Project,Bouldering Project Membership,https://www.boulderingproject.com/account/create,Yes,Active Entertainment,web,email,yes,,none noted  
2195,Entertainment & Streaming,Brooklyn Boulders,Brooklyn Boulders Membership,https://www.brooklynboulders.com/account/create,Yes,Active Entertainment,web,email,yes,,none noted  
2196,Entertainment & Streaming,Planet Obstacle,Planet Obstacle Membership,https://www.planetobstacle.com/account/create,Yes,Active Entertainment,web,email,yes,,none noted  
2197,Entertainment & Streaming,Pinstack,Pinstack Membership,https://www.pinstackbowl.com/account/create,Yes,FEC,web,email,yes,,none noted  
2198,Entertainment & Streaming,Round1 Bowling & Amusement,Round1 Bowling & Amusement Membership,https://www.round1usa.com/account/create,Yes,FEC,web,email,yes,,none noted  
2199,Entertainment & Streaming,Andretti Indoor Karting,Andretti Indoor Karting Membership,https://www.andrettikarting.com/account/create,Yes,FEC,web,email,yes,,none noted  
2200,Entertainment & Streaming,K1 Speed,K1 Speed Membership,https://www.k1speed.com/account/create,Yes,FEC,web,email,yes,,none noted  
2201,Entertainment & Streaming,Autobahn Indoor Speedway,Autobahn Indoor Speedway Membership,https://www.autobahnspeed.com/account/create,Yes,FEC,web,email,yes,,none noted  
2202,Entertainment & Streaming,Stars and Strikes,Stars and Strikes Membership,https://www.starsandstrikes.com/account/create,Yes,FEC,web,email,yes,,none noted  
2203,Entertainment & Streaming,Apex Entertainment,Apex Entertainment Membership,https://www.apexentertainment.com/account/create,Yes,FEC,web,email,yes,,none noted  
2204,Entertainment & Streaming,Scene75 Entertainment Center,Scene75 Entertainment Center Membership,https://www.scene75.com/account/create,Yes,FEC,web,email,yes,,none noted  
2205,Entertainment & Streaming,John's Incredible Pizza Co.,John's Incredible Pizza Co. Membership,https://www.johnspizza.com/account/create,Yes,FEC,web,email,yes,,none noted  
2206,Entertainment & Streaming,Pin-Up Bowl,Pin-Up Bowl Membership,https://www.pinupbowl.com/account/create,Yes,FEC,web,email,yes,,none noted  
2207,Entertainment & Streaming,Kings Dining & Entertainment,Kings Dining & Entertainment Membership,https://www.kings-de.com/account/create,Yes,FEC,web,email,yes,,none noted  
2208,Entertainment & Streaming,Splitsville Luxury Lanes,Splitsville Luxury Lanes Membership,https://www.splitsvillelanes.com/account/create,Yes,FEC,web,email,yes,,none noted  
2209,Entertainment & Streaming,Xtreme Action Park,Xtreme Action Park Membership,https://www.xtremeactionpark.com/account/create,Yes,FEC,web,email,yes,,none noted  
2210,Entertainment & Streaming,Topgolf,Topgolf Membership,https://www.topgolf.com/account/create,Yes,Eatertainment,web,email,yes,,none noted  
2211,Entertainment & Streaming,Drive Shack,Drive Shack Membership,https://www.driveshack.com/account/create,Yes,Eatertainment,web,email,yes,,none noted  
2212,Entertainment & Streaming,Puttshack,Puttshack Membership,https://www.puttshack.com/account/create,Yes,Eatertainment,web,email,yes,,none noted  
2213,Entertainment & Streaming,PopStroke,PopStroke Membership,https://www.popstroke.com/account/create,Yes,Eatertainment,web,email,yes,,none noted  
2214,Entertainment & Streaming,Chicken N Pickle,Chicken N Pickle Membership,https://www.chickennpickle.com/account/create,Yes,Eatertainment,web,email,yes,,none noted  
2215,Entertainment & Streaming,Smash Park,Smash Park Membership,https://www.smashpark.com/account/create,Yes,Eatertainment,web,email,yes,,none noted  
2216,Entertainment & Streaming,Flight Club Darts,Flight Club Darts Membership,https://www.flightclubdartsusa.com/account/create,Yes,Eatertainment,web,email,yes,,none noted  
2217,Entertainment & Streaming,Five Iron Golf,Five Iron Golf Membership,https://www.fiveirongolf.com/account/create,Yes,Eatertainment,web,email,yes,,none noted  
2218,Entertainment & Streaming,The Painted Pin,The Painted Pin Membership,https://www.thepaintedpin.com/account/create,Yes,Eatertainment,web,email,yes,,none noted  
2219,Entertainment & Streaming,The Escape Game,The Escape Game Membership,https://www.theescapegame.com/account/create,Yes,Escape Room,web,email,yes,,none noted  
2220,Entertainment & Streaming,Escape the Room,Escape the Room Membership,https://www.escapetheroom.com/account/create,Yes,Escape Room,web,email,yes,,none noted  
2221,Entertainment & Streaming,Breakout Games,Breakout Games Membership,https://www.breakoutgames.com/account/create,Yes,Escape Room,web,email,yes,,none noted  
2222,Entertainment & Streaming,PanIQ Escape Room,PanIQ Escape Room Membership,https://www.paniqescaperoom.com/account/create,Yes,Escape Room,web,email,yes,,none noted  
2223,Entertainment & Streaming,Escapology,Escapology Membership,https://www.escapology.com/account/create,Yes,Escape Room,web,email,yes,,none noted  
2224,Entertainment & Streaming,Meow Wolf,Meow Wolf Membership,https://www.meowwolf.com/account/create,Yes,Experiential,web,email,yes,,none noted  
2225,Entertainment & Streaming,Color Factory,Color Factory Membership,https://www.colorfactory.co/account/create,Yes,Experiential,web,email,yes,,none noted  
2226,Entertainment & Streaming,Museum of Ice Cream,Museum of Ice Cream Membership,https://www.museumoficecream.com/account/create,Yes,Experiential,web,email,yes,,none noted  
2227,Entertainment & Streaming,Illuminarium,Illuminarium Membership,https://www.illuminarium.com/account/create,Yes,Experiential,web,email,yes,,none noted  
2228,Entertainment & Streaming,Area15,Area15 Membership,https://www.area15.com/account/create,Yes,Experiential,web,email,yes,,none noted  
2229,Entertainment & Streaming,Great Wolf Lodge,Great Wolf Lodge Membership,https://www.greatwolf.com/account/create,Yes,Indoor Water Park,web,email,yes,,none noted  
2230,Entertainment & Streaming,Kalahari Resorts,Kalahari Resorts Membership,https://www.kalahariresorts.com/account/create,Yes,Indoor Water Park,web,email,yes,,none noted  
2231,Entertainment & Streaming,Schlitterbahn Waterparks,Schlitterbahn Waterparks Membership,https://www.schlitterbahn.com/account/create,Yes,Indoor Water Park,web,email,yes,,none noted  
2232,Entertainment & Streaming,Hawaiian Falls Waterparks,Hawaiian Falls Waterparks Membership,https://www.hfalls.com/account/create,Yes,Indoor Water Park,web,email,yes,,none noted  
2233,Entertainment & Streaming,Camelback Resort,Camelback Resort Membership,https://www.camelbackresort.com/account/create,Yes,Indoor Water Park,web,email,yes,,none noted  
2234,Entertainment & Streaming,SoundWaves at Gaylord Opryland,SoundWaves at Gaylord Opryland Membership,https://www.soundwavesgo.com/account/create,Yes,Indoor Water Park,web,email,yes,,none noted  
2235,Fintech,Kikoff,Kikoff Rewards,https://www.kikoff.com/account/create,Yes,Credit Builder,web,email,yes,,none noted  
2236,Fintech,Extra,Extra Rewards,https://www.extra.app/account/create,Yes,Credit Builder,web,email,yes,,none noted  
2237,Fintech,StellarFi,StellarFi Rewards,https://www.stellarfi.com/account/create,Yes,Credit Builder,web,email,yes,,none noted  
2238,Fintech,Cushion,Cushion Rewards,https://www.cushion.ai/account/create,Yes,Credit Builder,web,email,yes,,none noted  
2239,Fintech,Cleo,Cleo Rewards,https://www.meetcleo.com/account/create,Yes,Fintech App,web,email,yes,,none noted  
2240,Fintech,Brigit,Brigit Rewards,https://www.hellobrigit.com/account/create,Yes,Fintech App,web,email,yes,,none noted  
2241,Fintech,FloatMe,FloatMe Rewards,https://www.floatme.com/account/create,Yes,Fintech App,web,email,yes,,none noted  
2242,Fintech,Empower,Empower Rewards,https://www.empower.me/account/create,Yes,Fintech App,web,email,yes,,none noted  
2243,Fintech,Klover,Klover Rewards,https://www.joinklover.com/account/create,Yes,Fintech App,web,email,yes,,none noted  
2244,Fintech,Albert,Albert Rewards,https://www.albert.com/account/create,Yes,Fintech App,web,email,yes,,none noted  
2245,Fintech,Aspiration,Aspiration Rewards,https://www.aspiration.com/account/create,Yes,Neobank,web,email,yes,,none noted  
2246,Fintech,Zolve,Zolve Rewards,https://www.zolve.com/account/create,Yes,Neobank,web,email,yes,,none noted  
2247,Fintech,CreditGenie,CreditGenie Rewards,https://www.creditgenie.com/account/create,Yes,Credit Builder,web,email,yes,,none noted  
2248,Fintech,Altro,Altro Rewards,https://www.altro.app/account/create,Yes,Credit Builder,web,email,yes,,none noted  
2249,Fintech,Atlas,Atlas Rewards,https://www.atlasfin.com/account/create,Yes,Credit Builder,web,email,yes,,none noted  
2250,Fintech,Possible Finance,Possible Finance Rewards,https://www.possiblefinance.com/account/create,Yes,Fintech App,web,email,yes,,none noted  
2251,Fintech,Solo Funds,Solo Funds Rewards,https://www.solofunds.com/account/create,Yes,Fintech App,web,email,yes,,none noted  
2252,Fashion & Apparel,Oriental Trading,Oriental Trading Rewards,https://www.orientaltrading.com/account/create,Yes,Catalog,web,email,yes,,none noted  
2253,Fashion & Apparel,Uline,Uline Rewards,https://www.uline.com/account/create,Yes,Catalog,web,email,yes,,none noted  
2254,Fashion & Apparel,Grainger,Grainger Rewards,https://www.grainger.com/account/create,Yes,Catalog,web,email,yes,,none noted  
2255,Fashion & Apparel,McMaster-Carr,McMaster-Carr Rewards,https://www.mcmaster.com/account/create,Yes,Catalog,web,email,yes,,none noted  
2256,Fashion & Apparel,Brooks Brothers,Brooks Brothers Rewards,https://www.brooksbrothers.com/account/create,Yes,Catalog,web,email,yes,,none noted  
2257,Job Boards,Dribbble,Dribbble Account,https://www.dribbble.com/account/create,Yes,Creative Network,web,email,yes,,none noted  
2258,Job Boards,Resume-Library,Resume-Library Account,https://www.resume-library.com/account/create,Yes,Job Board,web,email,yes,,none noted  
2259,Job Boards,Jobillico,Jobillico Account,https://www.jobillico.com/account/create,Yes,Job Board,web,email,yes,,none noted  
2260,Job Boards,Jooble,Jooble Account,https://www.jooble.org/account/create,Yes,Job Board,web,email,yes,,none noted  
2261,Job Boards,JobRapido,JobRapido Account,https://www.us.jobrapido.com/account/create,Yes,Job Board,web,email,yes,,none noted  
2262,Job Boards,CV-Library,CV-Library Account,https://www.cv-library.co.uk/account/create,Yes,Job Board,web,email,yes,,none noted  
2263,Entertainment & Streaming,Cineplex,Cineplex Membership,https://www.cineplex.com/account/create,Yes,Movie Theater,web,email,yes,,none noted  
2264,Entertainment & Streaming,Vue,Vue Membership,https://www.myvue.com/account/create,Yes,Movie Theater,web,email,yes,,none noted  
2265,Entertainment & Streaming,Odeon,Odeon Membership,https://www.odeon.co.uk/account/create,Yes,Movie Theater,web,email,yes,,none noted  
2266,Entertainment & Streaming,Cineworld,Cineworld Membership,https://www.cineworld.co.uk/account/create,Yes,Movie Theater,web,email,yes,,none noted  
2267,Entertainment & Streaming,Hoyts,Hoyts Membership,https://www.hoyts.com.au/account/create,Yes,Movie Theater,web,email,yes,,none noted  
2268,Entertainment & Streaming,Event Cinemas,Event Cinemas Membership,https://www.eventcinemas.com.au/account/create,Yes,Movie Theater,web,email,yes,,none noted  
2269,Entertainment & Streaming,Village Cinemas,Village Cinemas Membership,https://www.villagecinemas.com.au/account/create,Yes,Movie Theater,web,email,yes,,none noted  
2270,Entertainment & Streaming,PVR Cinemas,PVR Cinemas Membership,https://www.pvrcinemas.com/account/create,Yes,Movie Theater,web,email,yes,,none noted  
2271,Entertainment & Streaming,INOX,INOX Membership,https://www.inoxmovies.com/account/create,Yes,Movie Theater,web,email,yes,,none noted  
2272,Entertainment & Streaming,Cinepolis,Cinepolis Membership,https://www.cinepolis.com/account/create,Yes,Movie Theater,web,email,yes,,none noted  
2273,Entertainment & Streaming,Cinemex,Cinemex Membership,https://www.cinemex.com/account/create,Yes,Movie Theater,web,email,yes,,none noted  
2274,Entertainment & Streaming,Pathe,Pathe Membership,https://www.pathe.fr/account/create,Yes,Movie Theater,web,email,yes,,none noted  
2275,Entertainment & Streaming,UGC,UGC Membership,https://www.ugc.fr/account/create,Yes,Movie Theater,web,email,yes,,none noted  
2276,Entertainment & Streaming,Kinepolis,Kinepolis Membership,https://www.kinepolis.com/account/create,Yes,Movie Theater,web,email,yes,,none noted  
2277,Entertainment & Streaming,Ster-Kinekor,Ster-Kinekor Membership,https://www.sterkinekor.com/account/create,Yes,Movie Theater,web,email,yes,,none noted  
2278,Travel & Airlines,Stena Line,Stena Line Loyalty,https://www.stenaline.com/account/create,Yes,Ferry,web,email,yes,,none noted  
2279,Travel & Airlines,P\&O Ferries,P\&O Ferries Loyalty,https://www.poferries.com/account/create,Yes,Ferry,web,email,yes,,none noted  
2280,Travel & Airlines,DFDS Seaways,DFDS Seaways Loyalty,https://www.dfds.com/account/create,Yes,Ferry,web,email,yes,,none noted  
2281,Travel & Airlines,Brittany Ferries,Brittany Ferries Loyalty,https://www.brittany-ferries.co.uk/account/create,Yes,Ferry,web,email,yes,,none noted  
2282,Travel & Airlines,Irish Ferries,Irish Ferries Loyalty,https://www.irishferries.com/account/create,Yes,Ferry,web,email,yes,,none noted  
2283,Travel & Airlines,Color Line,Color Line Loyalty,https://www.colorline.com/account/create,Yes,Ferry,web,email,yes,,none noted  
2284,Travel & Airlines,Tallink Silja,Tallink Silja Loyalty,https://www.tallinksilja.com/account/create,Yes,Ferry,web,email,yes,,none noted  
2285,Travel & Airlines,Viking Line,Viking Line Loyalty,https://www.vikingline.com/account/create,Yes,Ferry,web,email,yes,,none noted  
2286,Travel & Airlines,Corsica Ferries,Corsica Ferries Loyalty,https://www.corsica-ferries.co.uk/account/create,Yes,Ferry,web,email,yes,,none noted  
2287,Travel & Airlines,Fred. Olsen Cruise Lines,Fred. Olsen Cruise Lines Loyalty,https://www.fredolsencruises.com/account/create,Yes,Cruise,web,email,yes,,none noted  
2288,Travel & Airlines,Saga Cruises,Saga Cruises Loyalty,https://www.travel.saga.co.uk/account/create,Yes,Cruise,web,email,yes,,none noted  
2289,Travel & Airlines,P\&O Cruises,P\&O Cruises Loyalty,https://www.pocruises.com/account/create,Yes,Cruise,web,email,yes,,none noted  
2290,Travel & Airlines,Marella Cruises,Marella Cruises Loyalty,https://www.tui.co.uk/cruise/account/create,Yes,Cruise,web,email,yes,,none noted  
2291,Travel & Airlines,AIDA Cruises,AIDA Cruises Loyalty,https://www.aida.de/account/create,Yes,Cruise,web,email,yes,,none noted  
2292,Travel & Airlines,TUI Cruises,TUI Cruises Loyalty,https://www.meinschiff.com/account/create,Yes,Cruise,web,email,yes,,none noted  
2293,Travel & Airlines,SJ Sweden,SJ Sweden Loyalty,https://www.sj.se/account/create,Yes,Rail,web,email,yes,,none noted  
2294,Travel & Airlines,Vy Norway,Vy Norway Loyalty,https://www.vy.no/account/create,Yes,Rail,web,email,yes,,none noted  
2295,Travel & Airlines,VR Finland,VR Finland Loyalty,https://www.vr.fi/account/create,Yes,Rail,web,email,yes,,none noted  
2296,Travel & Airlines,DSB Denmark,DSB Denmark Loyalty,https://www.dsb.dk/account/create,Yes,Rail,web,email,yes,,none noted  
2297,Travel & Airlines,PKP Intercity Poland,PKP Intercity Poland Loyalty,https://www.intercity.pl/account/create,Yes,Rail,web,email,yes,,none noted  
2298,Travel & Airlines,CD Czech Railways,CD Czech Railways Loyalty,https://www.cd.cz/account/create,Yes,Rail,web,email,yes,,none noted  
2299,Travel & Airlines,MAV Hungary,MAV Hungary Loyalty,https://www.mavcsoport.hu/account/create,Yes,Rail,web,email,yes,,none noted  
2300,Travel & Airlines,CFR Calatori Romania,CFR Calatori Romania Loyalty,https://www.cfrcalatori.ro/account/create,Yes,Rail,web,email,yes,,none noted  
2301,Travel & Airlines,CP Portugal,CP Portugal Loyalty,https://www.cp.pt/account/create,Yes,Rail,web,email,yes,,none noted  
2302,Travel & Airlines,Iarnrod Eireann Ireland,Iarnrod Eireann Ireland Loyalty,https://www.irishrail.ie/account/create,Yes,Rail,web,email,yes,,none noted  
2303,Travel & Airlines,Translink Northern Ireland,Translink Northern Ireland Loyalty,https://www.translink.co.uk/account/create,Yes,Transit,web,email,yes,,none noted  
2304,Travel & Airlines,Transport for London TfL,Transport for London TfL Loyalty,https://www.tfl.gov.uk/account/create,Yes,Transit,web,email,yes,,none noted  
2305,Travel & Airlines,PTV Melbourne,PTV Melbourne Loyalty,https://www.ptv.vic.gov.au/account/create,Yes,Transit,web,email,yes,,none noted  
2306,Travel & Airlines,Transport for NSW,Transport for NSW Loyalty,https://www.transportnsw.info/account/create,Yes,Transit,web,email,yes,,none noted  
2307,Travel & Airlines,TransLink Vancouver,TransLink Vancouver Loyalty,https://www.translink.ca/account/create,Yes,Transit,web,email,yes,,none noted  
2308,Fashion & Apparel,Muji,Muji Rewards,https://www.muji.com/account/create,Yes,Apparel,web,email,yes,,none noted  
2309,Fashion & Apparel,Cotton On,Cotton On Rewards,https://www.cottonon.com/account/create,Yes,Apparel,web,email,yes,,none noted  
2310,Fashion & Apparel,Superdry,Superdry Rewards,https://www.superdry.com/account/create,Yes,Apparel,web,email,yes,,none noted  
2311,Fashion & Apparel,Primark,Primark Rewards,https://www.primark.com/account/create,Yes,Apparel,web,email,yes,,none noted  
2312,Fashion & Apparel,Massimo Dutti,Massimo Dutti Rewards,https://www.massimodutti.com/account/create,Yes,Apparel,web,email,yes,,none noted  
2313,Fashion & Apparel,Pull\&Bear,Pull\&Bear Rewards,https://www.pullandbear.com/account/create,Yes,Apparel,web,email,yes,,none noted  
2314,Fashion & Apparel,Bershka,Bershka Rewards,https://www.bershka.com/account/create,Yes,Apparel,web,email,yes,,none noted  
2315,Fashion & Apparel,Oysho,Oysho Rewards,https://www.oysho.com/account/create,Yes,Apparel,web,email,yes,,none noted  
2316,Fashion & Apparel,Arket,Arket Rewards,https://www.arket.com/account/create,Yes,Apparel,web,email,yes,,none noted  
2317,Fashion & Apparel,Monki,Monki Rewards,https://www.monki.com/account/create,Yes,Apparel,web,email,yes,,none noted  
2318,Fashion & Apparel,Weekday,Weekday Rewards,https://www.weekday.com/account/create,Yes,Apparel,web,email,yes,,none noted  
2319,Fashion & Apparel,River Island,River Island Rewards,https://www.riverisland.com/account/create,Yes,Apparel,web,email,yes,,none noted  
2320,Fashion & Apparel,Boohoo,Boohoo Rewards,https://www.boohoo.com/account/create,Yes,Apparel,web,email,yes,,none noted  
2321,Fashion & Apparel,Missguided,Missguided Rewards,https://www.missguided.co.uk/account/create,Yes,Apparel,web,email,yes,,none noted  
2322,Fashion & Apparel,PrettyLittleThing,PrettyLittleThing Rewards,https://www.prettylittlething.com/account/create,Yes,Apparel,web,email,yes,,none noted  
2323,Fashion & Apparel,Nasty Gal,Nasty Gal Rewards,https://www.nastygal.com/account/create,Yes,Apparel,web,email,yes,,none noted  
2324,Fashion & Apparel,Fashion Nova,Fashion Nova Rewards,https://www.fashionnova.com/account/create,Yes,Apparel,web,email,yes,,none noted  
2325,Fashion & Apparel,Romwe,Romwe Rewards,https://www.romwe.com/account/create,Yes,Apparel,web,email,yes,,none noted  
2326,Fashion & Apparel,YesStyle,YesStyle Rewards,https://www.yesstyle.com/account/create,Yes,Apparel,web,email,yes,,none noted  
2327,Nonprofit & Community,RSPCA Australia,RSPCA Australia Account,https://www.rspca.org.au/account/create,Yes,Animal Welfare,web,email,yes,,none noted  
2328,Nonprofit & Community,SPCA New Zealand,SPCA New Zealand Account,https://www.spca.nz/account/create,Yes,Animal Welfare,web,email,yes,,none noted  
2329,Nonprofit & Community,BC SPCA Canada,BC SPCA Canada Account,https://www.spca.bc.ca/account/create,Yes,Animal Welfare,web,email,yes,,none noted  
2330,Nonprofit & Community,Toronto Humane Society,Toronto Humane Society Account,https://www.torontohumanesociety.com/account/create,Yes,Animal Welfare,web,email,yes,,none noted  
2331,Nonprofit & Community,Calgary Humane Society,Calgary Humane Society Account,https://www.calgaryhumane.ca/account/create,Yes,Animal Welfare,web,email,yes,,none noted  
2332,Nonprofit & Community,Lort Smith Australia,Lort Smith Australia Account,https://www.lortsmith.com/account/create,Yes,Animal Welfare,web,email,yes,,none noted  
2333,Nonprofit & Community,Dogs Trust Ireland,Dogs Trust Ireland Account,https://www.dogstrust.ie/account/create,Yes,Animal Welfare,web,email,yes,,none noted  
2334,Nonprofit & Community,ISPCA Ireland,ISPCA Ireland Account,https://www.ispca.ie/account/create,Yes,Animal Welfare,web,email,yes,,none noted  
2335,Nonprofit & Community,Scottish SPCA,Scottish SPCA Account,https://www.scottishspca.org/account/create,Yes,Animal Welfare,web,email,yes,,none noted  
2336,Nonprofit & Community,USPCA Northern Ireland,USPCA Northern Ireland Account,https://www.uspca.co.uk/account/create,Yes,Animal Welfare,web,email,yes,,none noted  
2337,Nonprofit & Community,DSPCA Ireland,DSPCA Ireland Account,https://www.dspca.ie/account/create,Yes,Animal Welfare,web,email,yes,,none noted  
2338,Nonprofit & Community,Woodgreen Pets Charity UK,Woodgreen Pets Charity UK Account,https://www.woodgreen.org.uk/account/create,Yes,Animal Welfare,web,email,yes,,none noted  
2339,Nonprofit & Community,PDSA UK,PDSA UK Account,https://www.pdsa.org.uk/account/create,Yes,Animal Welfare,web,email,yes,,none noted  
2340,Nonprofit & Community,Mayhew UK,Mayhew UK Account,https://www.themayhew.org/account/create,Yes,Animal Welfare,web,email,yes,,none noted  
2341,Nonprofit & Community,Celia Hammond Animal Trust,Celia Hammond Animal Trust Account,https://www.celiahammond.org/account/create,Yes,Animal Welfare,web,email,yes,,none noted  
2342,Nonprofit & Community,Feline Rescue US,Feline Rescue US Account,https://www.felinerescue.org/account/create,Yes,Animal Welfare,web,email,yes,,none noted  
2343,Nonprofit & Community,Alley Cat Allies,Alley Cat Allies Account,https://www.alleycat.org/account/create,Yes,Animal Welfare,web,email,yes,,none noted  
2344,Nonprofit & Community,Blind Cat Rescue,Blind Cat Rescue Account,https://www.blindcatrescue.com/account/create,Yes,Animal Welfare,web,email,yes,,none noted  
2345,Nonprofit & Community,Muttville Senior Dog Rescue,Muttville Senior Dog Rescue Account,https://www.muttville.org/account/create,Yes,Animal Welfare,web,email,yes,,none noted  
2346,Dining,Tender Greens,Tender Greens Rewards,https://www.tendergreens.com/account/create,Yes,Fast Casual,web,email,yes,,none noted  
2347,Dining,Veggie Grill,Veggie Grill Rewards,https://www.veggiegrill.com/account/create,Yes,Fast Casual,web,email,yes,,none noted  
2348,Dining,Dig Inn,Dig Inn Rewards,https://www.diginn.com/account/create,Yes,Fast Casual,web,email,yes,,none noted  
2349,Dining,Roti,Roti Rewards,https://www.roti.com/account/create,Yes,Fast Casual,web,email,yes,,none noted  
2350,Dining,Naf Naf Grill,Naf Naf Grill Rewards,https://www.nafnafgrill.com/account/create,Yes,Fast Casual,web,email,yes,,none noted  
2351,Dining,Pita Pit,Pita Pit Rewards,https://www.pitapitusa.com/account/create,Yes,Fast Casual,web,email,yes,,none noted  
2352,Dining,Condado Tacos,Condado Tacos Rewards,https://www.condadotacos.com/account/create,Yes,Fast Casual,web,email,yes,,none noted  
2353,Grocery,Super King Markets,Super King Markets Rewards,https://www.superkingmarkets.com/account/create,Yes,Niche Grocer,web,email,yes,,none noted  
2354,Grocery,Tony's Fresh Market,Tony's Fresh Market Rewards,https://www.tonysfreshmarket.com/account/create,Yes,Niche Grocer,web,email,yes,,none noted  
2355,Grocery,Pete's Fresh Market,Pete's Fresh Market Rewards,https://www.petesfresh.com/account/create,Yes,Niche Grocer,web,email,yes,,none noted  
2356,Grocery,Erewhon,Erewhon Rewards,https://www.erewhonmarket.com/account/create,Yes,Niche Grocer,web,email,yes,,none noted  
2357,Social Media,Bumble,Bumble Account,https://www.bumble.com/account/create,Yes,Dating,web,email,yes,,none noted  
2358,Social Media,Hinge,Hinge Account,https://www.hinge.co/account/create,Yes,Dating,web,email,yes,,none noted  
2359,Social Media,OkCupid,OkCupid Account,https://www.okcupid.com/account/create,Yes,Dating,web,email,yes,,none noted  
2360,Social Media,Match,Match Account,https://www.match.com/account/create,Yes,Dating,web,email,yes,,none noted  
2361,Social Media,eHarmony,eHarmony Account,https://www.eharmony.com/account/create,Yes,Dating,web,email,yes,,none noted  
2362,Social Media,Plenty of Fish,Plenty of Fish Account,https://www.pof.com/account/create,Yes,Dating,web,email,yes,,none noted  
2363,Social Media,Badoo,Badoo Account,https://www.badoo.com/account/create,Yes,Dating,web,email,yes,,none noted  
2364,Social Media,Tinder,Tinder Account,https://www.tinder.com/account/create,Yes,Dating,web,email,yes,,none noted  
2365,Social Media,Grindr,Grindr Account,https://www.grindr.com/account/create,Yes,Dating,web,email,yes,,none noted  
2366,Social Media,HER,HER Account,https://www.weareher.com/account/create,Yes,Dating,web,email,yes,,none noted  
2367,Social Media,Coffee Meets Bagel,Coffee Meets Bagel Account,https://www.coffeemeetsbagel.com/account/create,Yes,Dating,web,email,yes,,none noted  
2368,Social Media,Raya,Raya Account,https://www.rayatheapp.com/account/create,Yes,Dating,web,email,yes,,none noted  
2369,Social Media,Christian Mingle,Christian Mingle Account,https://www.christianmingle.com/account/create,Yes,Dating,web,email,yes,,none noted  
2370,Social Media,JSwipe,JSwipe Account,https://www.jswipeapp.com/account/create,Yes,Dating,web,email,yes,,none noted  
2371,Social Media,Muzz,Muzz Account,https://www.muzz.com/account/create,Yes,Dating,web,email,yes,,none noted  
2372,Social Media,Salams,Salams Account,https://www.salams.app/account/create,Yes,Dating,web,email,yes,,none noted  
2373,Social Media,Feeld,Feeld Account,https://www.feeld.co/account/create,Yes,Dating,web,email,yes,,none noted  
2374,Social Media,Lex,Lex Account,https://www.thisislex.app/account/create,Yes,Dating,web,email,yes,,none noted  
2375,Social Media,Meetup,Meetup Account,https://www.meetup.com/account/create,Yes,Community,web,email,yes,,none noted  
2376,Auto,Advance Auto Parts,Advance Auto Parts Rewards,https://www.advanceautoparts.com/account/create,Yes,Auto Parts,web,email,yes,,none noted  
2377,Auto,Midas,Midas Rewards,https://www.midas.com/account/create,Yes,Auto Service,web,email,yes,,none noted  
2378,Auto,Valvoline,Valvoline Rewards,https://www.vioc.com/account/create,Yes,Auto Service,web,email,yes,,none noted  
2379,Auto,Firestone Complete Auto Care,Firestone Complete Auto Care Rewards,https://www.firestonecompleteautocare.com/account/create,Yes,Auto Service,web,email,yes,,none noted  
2380,Auto,Discount Tire,Discount Tire Rewards,https://www.discounttire.com/account/create,Yes,Tire,web,email,yes,,none noted  
2381,Auto,Les Schwab,Les Schwab Rewards,https://www.lesschwab.com/account/create,Yes,Tire,web,email,yes,,none noted  
2382,Fashion & Apparel,Blain's Farm & Fleet,Blain's Farm & Fleet Rewards,https://www.farmandfleet.com/account/create,Yes,Farm & Ranch,web,email,yes,,none noted  
2383,Fashion & Apparel,Blick Art Materials,Blick Art Materials Rewards,https://www.dickblick.com/account/create,Yes,Art Supply,web,email,yes,,none noted  
2384,Fashion & Apparel,Jerry's Artarama,Jerry's Artarama Rewards,https://www.jerrysartarama.com/account/create,Yes,Art Supply,web,email,yes,,none noted  
2385,Fashion & Apparel,Guitar Center,Guitar Center Rewards,https://www.guitarcenter.com/account/create,Yes,Music,web,email,yes,,none noted  
2386,Fashion & Apparel,Sweetwater,Sweetwater Rewards,https://www.sweetwater.com/account/create,Yes,Music,web,email,yes,,none noted  
2387,Fashion & Apparel,Sam Ash,Sam Ash Rewards,https://www.samash.com/account/create,Yes,Music,web,email,yes,,none noted  
2388,Health & Wellness,Boots UK,Boots UK Rewards,https://www.boots.com/account/create,Yes,Pharmacy,web,email,yes,,none noted  
2389,Health & Wellness,Superdrug UK,Superdrug UK Rewards,https://www.superdrug.com/account/create,Yes,Pharmacy,web,email,yes,,none noted  
2390,Health & Wellness,Shoppers Drug Mart,Shoppers Drug Mart Rewards,https://www.shoppersdrugmart.ca/account/create,Yes,Pharmacy,web,email,yes,,none noted  
2391,Health & Wellness,Rexall Canada,Rexall Canada Rewards,https://www.rexall.ca/account/create,Yes,Pharmacy,web,email,yes,,none noted  
2392,Health & Wellness,Chemist Warehouse,Chemist Warehouse Rewards,https://www.chemistwarehouse.com.au/account/create,Yes,Pharmacy,web,email,yes,,none noted  
2393,Health & Wellness,Priceline Pharmacy,Priceline Pharmacy Rewards,https://www.priceline.com.au/account/create,Yes,Pharmacy,web,email,yes,,none noted  
2394,Health & Wellness,Watsons,Watsons Rewards,https://www.watsons.com/account/create,Yes,Pharmacy,web,email,yes,,none noted  
2395,Health & Wellness,Guardian Singapore,Guardian Singapore Rewards,https://www.guardian.com.sg/account/create,Yes,Pharmacy,web,email,yes,,none noted  
2396,Health & Wellness,TerryWhite Chemmart,TerryWhite Chemmart Rewards,https://www.terrywhitechemmart.com.au/account/create,Yes,Pharmacy,web,email,yes,,none noted  
2397,Health & Wellness,Pharmasave,Pharmasave Rewards,https://www.pharmasave.com/account/create,Yes,Pharmacy,web,email,yes,,none noted  
2398,Health & Wellness,Jean Coutu,Jean Coutu Rewards,https://www.jeancoutu.com/account/create,Yes,Pharmacy,web,email,yes,,none noted  
2399,Health & Wellness,London Drugs,London Drugs Rewards,https://www.londondrugs.com/account/create,Yes,Pharmacy,web,email,yes,,none noted  
2400,Health & Wellness,Brunet,Brunet Rewards,https://www.brunet.ca/account/create,Yes,Pharmacy,web,email,yes,,none noted  
2401,Entertainment & Streaming,Walt Disney World,Walt Disney World Membership,https://www.disneyworld.disney.go.com/account/create,Yes,Mega Theme Park,web,email,yes,,none noted  
2402,Entertainment & Streaming,Disneyland Resort,Disneyland Resort Membership,https://www.disneyland.disney.go.com/account/create,Yes,Mega Theme Park,web,email,yes,,none noted  
2403,Entertainment & Streaming,Universal Orlando Resort,Universal Orlando Resort Membership,https://www.universalorlando.com/account/create,Yes,Mega Theme Park,web,email,yes,,none noted  
2404,Entertainment & Streaming,Universal Studios Hollywood,Universal Studios Hollywood Membership,https://www.universalstudioshollywood.com/account/create,Yes,Mega Theme Park,web,email,yes,,none noted  
2405,Entertainment & Streaming,SeaWorld Orlando,SeaWorld Orlando Membership,https://www.seaworld.com/orlando/account/create,Yes,Mega Theme Park,web,email,yes,,none noted  
2406,Entertainment & Streaming,SeaWorld San Diego,SeaWorld San Diego Membership,https://www.seaworld.com/san-diego/account/create,Yes,Mega Theme Park,web,email,yes,,none noted  
2407,Entertainment & Streaming,SeaWorld San Antonio,SeaWorld San Antonio Membership,https://www.seaworld.com/san-antonio/account/create,Yes,Mega Theme Park,web,email,yes,,none noted  
2408,Entertainment & Streaming,Discovery Cove,Discovery Cove Membership,https://www.discoverycove.com/account/create,Yes,Mega Theme Park,web,email,yes,,none noted  
2409,Entertainment & Streaming,Sesame Place Philadelphia,Sesame Place Philadelphia Membership,https://www.sesameplace.com/philadelphia/account/create,Yes,Theme Park,web,email,yes,,none noted  
2410,Entertainment & Streaming,Sesame Place San Diego,Sesame Place San Diego Membership,https://www.sesameplace.com/san-diego/account/create,Yes,Theme Park,web,email,yes,,none noted  
2411,Entertainment & Streaming,Legoland Florida,Legoland Florida Membership,https://www.legoland.com/florida/account/create,Yes,Theme Park,web,email,yes,,none noted  
2412,Entertainment & Streaming,Legoland California,Legoland California Membership,https://www.legoland.com/california/account/create,Yes,Theme Park,web,email,yes,,none noted  
2413,Entertainment & Streaming,Legoland New York,Legoland New York Membership,https://www.legoland.com/new-york/account/create,Yes,Theme Park,web,email,yes,,none noted  
2414,Entertainment & Streaming,Peppa Pig Theme Park Florida,Peppa Pig Theme Park Florida Membership,https://www.peppapigthemepark.com/florida/account/create,Yes,Theme Park,web,email,yes,,none noted  
2415,Entertainment & Streaming,Nickelodeon Universe Mall of America,Nickelodeon Universe Mall of America Membership,https://www.nickelodeonuniverse.com/account/create,Yes,Indoor Theme Park,web,email,yes,,none noted  
2416,Entertainment & Streaming,Nickelodeon Universe American Dream,Nickelodeon Universe American Dream Membership,https://www.americandream.com/venue/nickelodeon-universe/account/create,Yes,Indoor Theme Park,web,email,yes,,none noted  
2417,Entertainment & Streaming,Warner Bros. Studio Tour Hollywood,Warner Bros. Studio Tour Hollywood Membership,https://www.wbstudiotour.com/account/create,Yes,Studio Tour,web,email,yes,,none noted  
2418,Entertainment & Streaming,WonderWorks,WonderWorks Membership,https://www.wonderworksonline.com/account/create,Yes,Indoor Theme Park,web,email,yes,,none noted  
2419,Entertainment & Streaming,Ripley's Believe It or Not,Ripley's Believe It or Not Membership,https://www.ripleys.com/account/create,Yes,Attraction,web,email,yes,,none noted  
2420,Entertainment & Streaming,Madame Tussauds,Madame Tussauds Membership,https://www.madametussauds.com/account/create,Yes,Attraction,web,email,yes,,none noted  
2421,Entertainment & Streaming,Crayola Experience,Crayola Experience Membership,https://www.crayolaexperience.com/account/create,Yes,Indoor Theme Park,web,email,yes,,none noted  
2422,Entertainment & Streaming,LEGOLAND Discovery Centers,LEGOLAND Discovery Centers Membership,https://www.legolanddiscoverycenter.com/account/create,Yes,Indoor Theme Park,web,email,yes,,none noted  
2423,Entertainment & Streaming,Kemah Boardwalk Texas,Kemah Boardwalk Texas Membership,https://www.kemahboardwalk.com/account/create,Yes,Amusement Park,web,email,yes,,none noted  
2424,Entertainment & Streaming,Galveston Island Historic Pleasure Pier,Galveston Island Historic Pleasure Pier Membership,https://www.pleasurepier.com/account/create,Yes,Amusement Park,web,email,yes,,none noted  
2425,Entertainment & Streaming,Pacific Park Santa Monica,Pacific Park Santa Monica Membership,https://www.pacpark.com/account/create,Yes,Amusement Park,web,email,yes,,none noted  
2426,Entertainment & Streaming,Belmont Park San Diego,Belmont Park San Diego Membership,https://www.belmontpark.com/account/create,Yes,Amusement Park,web,email,yes,,none noted  
2427,Entertainment & Streaming,Luna Park Coney Island,Luna Park Coney Island Membership,https://www.lunaparknyc.com/account/create,Yes,Amusement Park,web,email,yes,,none noted  
2428,Entertainment & Streaming,Morey's Piers New Jersey,Morey's Piers New Jersey Membership,https://www.moreyspiers.com/account/create,Yes,Amusement Park,web,email,yes,,none noted  
2429,Entertainment & Streaming,Playland's Castaway Cove,Playland's Castaway Cove Membership,https://www.oceancityfun.com/account/create,Yes,Amusement Park,web,email,yes,,none noted  
2430,Entertainment & Streaming,Family Kingdom Amusement Park,Family Kingdom Amusement Park Membership,https://www.familykingdomfun.com/account/create,Yes,Amusement Park,web,email,yes,,none noted  
2431,Entertainment & Streaming,Casino Pier & Breakwater Beach,Casino Pier & Breakwater Beach Membership,https://www.casinopiernj.com/account/create,Yes,Amusement Park,web,email,yes,,none noted  
2432,Entertainment & Streaming,Elitch Gardens Colorado,Elitch Gardens Colorado Membership,https://www.elitchgardens.com/account/create,Yes,Theme Park,web,email,yes,,none noted  
2433,Entertainment & Streaming,Wild Adventures Georgia,Wild Adventures Georgia Membership,https://www.wildadventures.com/account/create,Yes,Theme Park,web,email,yes,,none noted  
2434,Entertainment & Streaming,Magic Springs Arkansas,Magic Springs Arkansas Membership,https://www.magicsprings.com/account/create,Yes,Theme Park,web,email,yes,,none noted  
2435,Entertainment & Streaming,Lake Compounce Connecticut,Lake Compounce Connecticut Membership,https://www.lakecompounce.com/account/create,Yes,Theme Park,web,email,yes,,none noted  
2436,Entertainment & Streaming,Dutch Wonderland Pennsylvania,Dutch Wonderland Pennsylvania Membership,https://www.dutchwonderland.com/account/create,Yes,Theme Park,web,email,yes,,none noted  
2437,Entertainment & Streaming,Story Land New Hampshire,Story Land New Hampshire Membership,https://www.storylandnh.com/account/create,Yes,Theme Park,web,email,yes,,none noted  
2438,Entertainment & Streaming,Idlewild & SoakZone Pennsylvania,Idlewild & SoakZone Pennsylvania Membership,https://www.idlewild.com/account/create,Yes,Theme Park,web,email,yes,,none noted  
2439,Entertainment & Streaming,Tropic Falls at OWA Alabama,Tropic Falls at OWA Alabama Membership,https://www.visitowa.com/account/create,Yes,Theme Park,web,email,yes,,none noted  
2440,Entertainment & Streaming,Cliff's Amusement Park New Mexico,Cliff's Amusement Park New Mexico Membership,https://www.cliffsamusementpark.com/account/create,Yes,Theme Park,web,email,yes,,none noted  
2441,Entertainment & Streaming,Castles N' Coasters Arizona,Castles N' Coasters Arizona Membership,https://www.castlesncoasters.com/account/create,Yes,Theme Park,web,email,yes,,none noted  
2442,Entertainment & Streaming,The Adventuredome Circus Circus,The Adventuredome Circus Circus Membership,https://www.circuscircus.com/the-adventuredome/account/create,Yes,Indoor Theme Park,web,email,yes,,none noted  
2443,Entertainment & Streaming,Fun Spot America,Fun Spot America Membership,https://www.fun-spot.com/account/create,Yes,Theme Park,web,email,yes,,none noted  
2444,Entertainment & Streaming,Morgan's Wonderland Texas,Morgan's Wonderland Texas Membership,https://www.morganswonderland.com/account/create,Yes,Theme Park,web,email,yes,,none noted  
2445,Entertainment & Streaming,Quassy Amusement & Waterpark,Quassy Amusement & Waterpark Membership,https://www.quassy.com/account/create,Yes,Theme Park,web,email,yes,,none noted  
2446,Entertainment & Streaming,Seabreeze Amusement Park,Seabreeze Amusement Park Membership,https://www.seabreeze.com/account/create,Yes,Theme Park,web,email,yes,,none noted  
2447,Entertainment & Streaming,Waldameer & Water World,Waldameer & Water World Membership,https://www.waldameer.com/account/create,Yes,Theme Park,web,email,yes,,none noted  
2448,Entertainment & Streaming,Canobie Lake Park,Canobie Lake Park Membership,https://www.canobie.com/account/create,Yes,Theme Park,web,email,yes,,none noted  
2449,Entertainment & Streaming,Funtown Splashtown USA,Funtown Splashtown USA Membership,https://www.funtownsplashtownusa.com/account/create,Yes,Theme Park,web,email,yes,,none noted  
2450,Fintech,Digital Federal Credit Union DCU,Digital Federal Credit Union DCU Rewards,https://www.dcu.org/account/create,Yes,Credit Union,web,email,yes,,none noted  
2451,Fintech,VyStar Credit Union,VyStar Credit Union Rewards,https://www.vystarcu.org/account/create,Yes,Credit Union,web,email,yes,,none noted  
2452,Fintech,Mountain America Credit Union,Mountain America Credit Union Rewards,https://www.macu.com/account/create,Yes,Credit Union,web,email,yes,,none noted  
2453,Fintech,America First Credit Union,America First Credit Union Rewards,https://www.americafirst.com/account/create,Yes,Credit Union,web,email,yes,,none noted  
2454,Fintech,Bethpage Federal Credit Union,Bethpage Federal Credit Union Rewards,https://www.bethpagefcu.com/account/create,Yes,Credit Union,web,email,yes,,none noted  
2455,Fintech,GreenState Credit Union,GreenState Credit Union Rewards,https://www.greenstate.org/account/create,Yes,Credit Union,web,email,yes,,none noted  
2456,Fintech,Kinecta Federal Credit Union,Kinecta Federal Credit Union Rewards,https://www.kinecta.org/account/create,Yes,Credit Union,web,email,yes,,none noted  
2457,Fintech,Visions Federal Credit Union,Visions Federal Credit Union Rewards,https://www.visionsfcu.org/account/create,Yes,Credit Union,web,email,yes,,none noted  
2458,Fintech,Wright-Patt Credit Union,Wright-Patt Credit Union Rewards,https://www.wpcu.coop/account/create,Yes,Credit Union,web,email,yes,,none noted  
2459,Fintech,Consumers Credit Union,Consumers Credit Union Rewards,https://www.consumerscu.org/account/create,Yes,Credit Union,web,email,yes,,none noted  
2460,Fintech,Affinity Plus Federal Credit Union,Affinity Plus Federal Credit Union Rewards,https://www.affinityplus.org/account/create,Yes,Credit Union,web,email,yes,,none noted  
2461,Fintech,Veridian Credit Union,Veridian Credit Union Rewards,https://www.veridiancu.org/account/create,Yes,Credit Union,web,email,yes,,none noted  
2462,Fintech,WSECU Washington State Employees,WSECU Washington State Employees Rewards,https://www.wsecu.org/account/create,Yes,Credit Union,web,email,yes,,none noted  
2463,Fintech,Landmark Credit Union,Landmark Credit Union Rewards,https://www.landmarkcu.com/account/create,Yes,Credit Union,web,email,yes,,none noted  
2464,Fintech,Idaho Central Credit Union,Idaho Central Credit Union Rewards,https://www.iccu.com/account/create,Yes,Credit Union,web,email,yes,,none noted  
2465,Fintech,Broadview Federal Credit Union,Broadview Federal Credit Union Rewards,https://www.broadviewfcu.com/account/create,Yes,Credit Union,web,email,yes,,none noted  
2466,Fintech,Canvas Credit Union,Canvas Credit Union Rewards,https://www.canvas.org/account/create,Yes,Credit Union,web,email,yes,,none noted  
2467,Fintech,Lake Michigan Credit Union,Lake Michigan Credit Union Rewards,https://www.lmcu.org/account/create,Yes,Credit Union,web,email,yes,,none noted  
2468,Travel & Airlines,ANA Mileage Club,ANA Mileage Club Loyalty,https://www.ana.co.jp/account/create,Yes,Airline,web,email,yes,,none noted  
2469,Travel & Airlines,Japan Airlines JAL,Japan Airlines JAL Loyalty,https://www.jal.co.jp/account/create,Yes,Airline,web,email,yes,,none noted  
2470,Travel & Airlines,LATAM Airlines,LATAM Airlines Loyalty,https://www.latamairlines.com/account/create,Yes,Airline,web,email,yes,,none noted  
2471,Travel & Airlines,Copa Airlines,Copa Airlines Loyalty,https://www.copaair.com/account/create,Yes,Airline,web,email,yes,,none noted  
2472,Travel & Airlines,Finnair,Finnair Loyalty,https://www.finnair.com/account/create,Yes,Airline,web,email,yes,,none noted  
2473,Travel & Airlines,Icelandair,Icelandair Loyalty,https://www.icelandair.com/account/create,Yes,Airline,web,email,yes,,none noted  
2474,Travel & Airlines,Scandinavian Airlines SAS,Scandinavian Airlines SAS Loyalty,https://www.flysas.com/account/create,Yes,Airline,web,email,yes,,none noted  
2475,Travel & Airlines,TAP Air Portugal,TAP Air Portugal Loyalty,https://www.flytap.com/account/create,Yes,Airline,web,email,yes,,none noted  
2476,Travel & Airlines,Aer Lingus,Aer Lingus Loyalty,https://www.aerlingus.com/account/create,Yes,Airline,web,email,yes,,none noted  
2477,Travel & Airlines,Iberia,Iberia Loyalty,https://www.iberia.com/account/create,Yes,Airline,web,email,yes,,none noted  
2478,Travel & Airlines,Garuda Indonesia,Garuda Indonesia Loyalty,https://www.garuda-indonesia.com/account/create,Yes,Airline,web,email,yes,,none noted  
2479,Travel & Airlines,Korean Air,Korean Air Loyalty,https://www.koreanair.com/account/create,Yes,Airline,web,email,yes,,none noted  
2480,Travel & Airlines,Vietnam Airlines,Vietnam Airlines Loyalty,https://www.vietnamairlines.com/account/create,Yes,Airline,web,email,yes,,none noted  
2481,Travel & Airlines,Air New Zealand,Air New Zealand Loyalty,https://www.airnewzealand.com/account/create,Yes,Airline,web,email,yes,,none noted  
2482,Travel & Airlines,Fiji Airways,Fiji Airways Loyalty,https://www.fijiairways.com/account/create,Yes,Airline,web,email,yes,,none noted  
2483,Travel & Airlines,WestJet,WestJet Loyalty,https://www.westjet.com/account/create,Yes,Airline,web,email,yes,,none noted  
2484,Travel & Airlines,Porter Airlines,Porter Airlines Loyalty,https://www.flyporter.com/account/create,Yes,Airline,web,email,yes,,none noted  
2485,Travel & Airlines,Avianca LifeMiles,Avianca LifeMiles Loyalty,https://www.lifemiles.com/account/create,Yes,Airline,web,email,yes,,none noted  
2486,Travel & Airlines,Aeromexico,Aeromexico Loyalty,https://www.aeromexico.com/account/create,Yes,Airline,web,email,yes,,none noted  
2487,Travel & Airlines,Ethiopian Airlines,Ethiopian Airlines Loyalty,https://www.ethiopianairlines.com/account/create,Yes,Airline,web,email,yes,,none noted  
2488,Travel & Airlines,Royal Air Maroc,Royal Air Maroc Loyalty,https://www.royalairmaroc.com/account/create,Yes,Airline,web,email,yes,,none noted  
2489,Travel & Airlines,Kenya Airways,Kenya Airways Loyalty,https://www.kenya-airways.com/account/create,Yes,Airline,web,email,yes,,none noted  
2490,Travel & Airlines,Air India,Air India Loyalty,https://www.airindia.in/account/create,Yes,Airline,web,email,yes,,none noted  
2491,Travel & Airlines,Saudia,Saudia Loyalty,https://www.saudia.com/account/create,Yes,Airline,web,email,yes,,none noted  
2492,Travel & Airlines,Gulf Air,Gulf Air Loyalty,https://www.gulfair.com/account/create,Yes,Airline,web,email,yes,,none noted  
2493,Travel & Airlines,Oman Air,Oman Air Loyalty,https://www.omanair.com/account/create,Yes,Airline,web,email,yes,,none noted  
2494,Travel & Airlines,SriLankan Airlines,SriLankan Airlines Loyalty,https://www.srilankan.com/account/create,Yes,Airline,web,email,yes,,none noted  
2495,Travel & Airlines,Malaysia Airlines,Malaysia Airlines Loyalty,https://www.malaysiaairlines.com/account/create,Yes,Airline,web,email,yes,,none noted  
2496,Travel & Airlines,Thai Airways,Thai Airways Loyalty,https://www.thaiairways.com/account/create,Yes,Airline,web,email,yes,,none noted  
2497,Travel & Airlines,Philippine Airlines,Philippine Airlines Loyalty,https://www.philippineairlines.com/account/create,Yes,Airline,web,email,yes,,none noted  
2498,Travel & Airlines,Hainan Airlines,Hainan Airlines Loyalty,https://www.hainanairlines.com/account/create,Yes,Airline,web,email,yes,,none noted  
2499,Travel & Airlines,Air Tahiti Nui,Air Tahiti Nui Loyalty,https://www.airtahitinui.com/account/create,Yes,Airline,web,email,yes,,none noted  
2500,Travel & Airlines,Brussels Airlines,Brussels Airlines Loyalty,https://www.brusselsairlines.com/account/create,Yes,Airline,web,email,yes,,none noted  
2501,Travel & Airlines,Avalon Waterways,Avalon Waterways Loyalty,https://www.avalonwaterways.com/account/create,Yes,River Cruise,web,email,yes,,none noted  
2502,Travel & Airlines,Uniworld Boutique River Cruises,Uniworld Boutique River Cruises Loyalty,https://www.uniworld.com/account/create,Yes,River Cruise,web,email,yes,,none noted  
2503,Travel & Airlines,Scenic Luxury Cruises,Scenic Luxury Cruises Loyalty,https://www.scenicusa.com/account/create,Yes,River Cruise,web,email,yes,,none noted  
2504,Travel & Airlines,Emerald Cruises,Emerald Cruises Loyalty,https://www.emeraldcruises.com/account/create,Yes,River Cruise,web,email,yes,,none noted  
2505,Travel & Airlines,Hurtigruten Expeditions,Hurtigruten Expeditions Loyalty,https://www.hurtigruten.com/account/create,Yes,Expedition Cruise,web,email,yes,,none noted  
2506,Travel & Airlines,Ponant,Ponant Loyalty,https://www.ponant.com/account/create,Yes,Expedition Cruise,web,email,yes,,none noted  
2507,Travel & Airlines,Paul Gauguin Cruises,Paul Gauguin Cruises Loyalty,https://www.pgcruises.com/account/create,Yes,Cruise,web,email,yes,,none noted  
2508,Travel & Airlines,SeaDream Yacht Club,SeaDream Yacht Club Loyalty,https://www.seadream.com/account/create,Yes,Cruise,web,email,yes,,none noted  
2509,Travel & Airlines,Star Clippers,Star Clippers Loyalty,https://www.starclippers.com/account/create,Yes,Cruise,web,email,yes,,none noted  
2510,Travel & Airlines,Windstar Cruises,Windstar Cruises Loyalty,https://www.windstarcruises.com/account/create,Yes,Cruise,web,email,yes,,none noted  
2511,Travel & Airlines,Celestyal Cruises,Celestyal Cruises Loyalty,https://www.celestyal.com/account/create,Yes,Cruise,web,email,yes,,none noted  
2512,Travel & Airlines,Aqua Expeditions,Aqua Expeditions Loyalty,https://www.aquaexpeditions.com/account/create,Yes,Expedition Cruise,web,email,yes,,none noted  
2513,Travel & Airlines,Quark Expeditions,Quark Expeditions Loyalty,https://www.quarkexpeditions.com/account/create,Yes,Expedition Cruise,web,email,yes,,none noted  
2514,Travel & Airlines,CroisiEurope,CroisiEurope Loyalty,https://www.croisieuroperivercruises.com/account/create,Yes,River Cruise,web,email,yes,,none noted  
2515,Travel & Airlines,Amadeus River Cruises,Amadeus River Cruises Loyalty,https://www.amadeus-rivercruises.com/account/create,Yes,River Cruise,web,email,yes,,none noted  
2516,Travel & Airlines,UnCruise Adventures,UnCruise Adventures Loyalty,https://www.uncruise.com/account/create,Yes,Expedition Cruise,web,email,yes,,none noted  
2517,Travel & Airlines,Pearl Seas Cruises,Pearl Seas Cruises Loyalty,https://www.pearlseascruises.com/account/create,Yes,Cruise,web,email,yes,,none noted  
2518,Travel & Airlines,Riviera River Cruises,Riviera River Cruises Loyalty,https://www.rivierarivercruises.com/account/create,Yes,River Cruise,web,email,yes,,none noted  
2519,Entertainment & Streaming,Alamo Drafthouse,Alamo Drafthouse Membership,https://www.drafthouse.com/account/create,Yes,Movie Theater,web,email,yes,,none noted  
2520,Entertainment & Streaming,Marcus Theatres,Marcus Theatres Membership,https://www.marcustheatres.com/account/create,Yes,Movie Theater,web,email,yes,,none noted  
2521,Entertainment & Streaming,Harkins Theatres,Harkins Theatres Membership,https://www.harkins.com/account/create,Yes,Movie Theater,web,email,yes,,none noted  
2522,Entertainment & Streaming,Bow Tie Cinemas,Bow Tie Cinemas Membership,https://www.bowtiecinemas.com/account/create,Yes,Movie Theater,web,email,yes,,none noted  
2523,Entertainment & Streaming,Malco Theatres,Malco Theatres Membership,https://www.malco.com/account/create,Yes,Movie Theater,web,email,yes,,none noted  
2524,Entertainment & Streaming,Megaplex Theatres,Megaplex Theatres Membership,https://www.megaplextheatres.com/account/create,Yes,Movie Theater,web,email,yes,,none noted  
2525,Entertainment & Streaming,Studio Movie Grill,Studio Movie Grill Membership,https://www.studiomoviegrill.com/account/create,Yes,Movie Theater,web,email,yes,,none noted  
2526,Entertainment & Streaming,B\&B Theatres,B\&B Theatres Membership,https://www.bbtheatres.com/account/create,Yes,Movie Theater,web,email,yes,,none noted  
2527,Entertainment & Streaming,Classic Cinemas,Classic Cinemas Membership,https://www.classiccinemas.com/account/create,Yes,Movie Theater,web,email,yes,,none noted  
2528,Entertainment & Streaming,Landmark Theatres,Landmark Theatres Membership,https://www.landmarktheatres.com/account/create,Yes,Movie Theater,web,email,yes,,none noted  
2529,Entertainment & Streaming,Laemmle Theatres,Laemmle Theatres Membership,https://www.laemmle.com/account/create,Yes,Movie Theater,web,email,yes,,none noted  
2530,Entertainment & Streaming,Angelika Film Center,Angelika Film Center Membership,https://www.angelikafilmcenter.com/account/create,Yes,Movie Theater,web,email,yes,,none noted  
2531,Entertainment & Streaming,Nitehawk Cinema,Nitehawk Cinema Membership,https://www.nitehawkcinema.com/account/create,Yes,Movie Theater,web,email,yes,,none noted  
2532,Entertainment & Streaming,Showcase Cinemas,Showcase Cinemas Membership,https://www.showcasecinemas.com/account/create,Yes,Movie Theater,web,email,yes,,none noted  
2533,Entertainment & Streaming,Maya Cinemas,Maya Cinemas Membership,https://www.mayacinemas.com/account/create,Yes,Movie Theater,web,email,yes,,none noted  
2534,Entertainment & Streaming,Santikos Entertainment,Santikos Entertainment Membership,https://www.santikos.com/account/create,Yes,Movie Theater,web,email,yes,,none noted  
2535,Entertainment & Streaming,Frank Theatres,Frank Theatres Membership,https://www.franktheatres.com/account/create,Yes,Movie Theater,web,email,yes,,none noted  
2536,Entertainment & Streaming,Galaxy Theatres,Galaxy Theatres Membership,https://www.galaxytheatres.com/account/create,Yes,Movie Theater,web,email,yes,,none noted  
2537,Entertainment & Streaming,Celebration Cinema,Celebration Cinema Membership,https://www.celebrationcinema.com/account/create,Yes,Movie Theater,web,email,yes,,none noted  
2538,Travel & Airlines,Renfe Spain,Renfe Spain Loyalty,https://www.renfe.com/account/create,Yes,Rail,web,email,yes,,none noted  
2539,Travel & Airlines,Trenitalia Italy,Trenitalia Italy Loyalty,https://www.trenitalia.com/account/create,Yes,Rail,web,email,yes,,none noted  
2540,Travel & Airlines,Italo Treno Italy,Italo Treno Italy Loyalty,https://www.italotreno.it/account/create,Yes,Rail,web,email,yes,,none noted  
2541,Travel & Airlines,SNCF France,SNCF France Loyalty,https://www.sncf.com/account/create,Yes,Rail,web,email,yes,,none noted  
2542,Travel & Airlines,Deutsche Bahn Germany,Deutsche Bahn Germany Loyalty,https://www.bahn.com/account/create,Yes,Rail,web,email,yes,,none noted  
2543,Travel & Airlines,OBB Austria,OBB Austria Loyalty,https://www.oebb.at/account/create,Yes,Rail,web,email,yes,,none noted  
2544,Travel & Airlines,SBB Switzerland,SBB Switzerland Loyalty,https://www.sbb.ch/account/create,Yes,Rail,web,email,yes,,none noted  
2545,Travel & Airlines,NS Netherlands,NS Netherlands Loyalty,https://www.ns.nl/account/create,Yes,Rail,web,email,yes,,none noted  
2546,Travel & Airlines,SNCB Belgium,SNCB Belgium Loyalty,https://www.belgiantrain.be/account/create,Yes,Rail,web,email,yes,,none noted  
2547,Travel & Airlines,Eurostar,Eurostar Loyalty,https://www.eurostar.com/account/create,Yes,Rail,web,email,yes,,none noted  
2548,Travel & Airlines,LNER UK,LNER UK Loyalty,https://www.lner.co.uk/account/create,Yes,Rail,web,email,yes,,none noted  
2549,Travel & Airlines,Avanti West Coast UK,Avanti West Coast UK Loyalty,https://www.avantiwestcoast.co.uk/account/create,Yes,Rail,web,email,yes,,none noted  
2550,Travel & Airlines,Great Western Railway UK,Great Western Railway UK Loyalty,https://www.gwr.com/account/create,Yes,Rail,web,email,yes,,none noted  
2551,Travel & Airlines,CrossCountry UK,CrossCountry UK Loyalty,https://www.crosscountrytrains.co.uk/account/create,Yes,Rail,web,email,yes,,none noted  
2552,Travel & Airlines,ScotRail UK,ScotRail UK Loyalty,https://www.scotrail.co.uk/account/create,Yes,Rail,web,email,yes,,none noted  
2553,Travel & Airlines,TransPennine Express UK,TransPennine Express UK Loyalty,https://www.transpennineexpress.co.uk/account/create,Yes,Rail,web,email,yes,,none noted  
2554,Travel & Airlines,FlixBus,FlixBus Loyalty,https://www.flixbus.com/account/create,Yes,Bus,web,email,yes,,none noted  
2555,Travel & Airlines,Megabus,Megabus Loyalty,https://www.megabus.com/account/create,Yes,Bus,web,email,yes,,none noted  
2556,Travel & Airlines,National Express UK,National Express UK Loyalty,https://www.nationalexpress.com/account/create,Yes,Bus,web,email,yes,,none noted  
2557,Travel & Airlines,RedCoach US,RedCoach US Loyalty,https://www.redcoachusa.com/account/create,Yes,Bus,web,email,yes,,none noted  
2558,Travel & Airlines,Peter Pan Bus Lines,Peter Pan Bus Lines Loyalty,https://www.peterpanbus.com/account/create,Yes,Bus,web,email,yes,,none noted  
2559,Travel & Airlines,Jefferson Lines,Jefferson Lines Loyalty,https://www.jeffersonlines.com/account/create,Yes,Bus,web,email,yes,,none noted  
2560,Travel & Airlines,Concord Coach Lines,Concord Coach Lines Loyalty,https://www.concordcoachlines.com/account/create,Yes,Bus,web,email,yes,,none noted  
2561,Travel & Airlines,Dartmouth Coach,Dartmouth Coach Loyalty,https://www.dartmouthcoach.com/account/create,Yes,Bus,web,email,yes,,none noted  
2562,Travel & Airlines,C\&J Bus Lines,C\&J Bus Lines Loyalty,https://www.ridecj.com/account/create,Yes,Bus,web,email,yes,,none noted  
2563,Travel & Airlines,Indian Trails,Indian Trails Loyalty,https://www.indiantrails.com/account/create,Yes,Bus,web,email,yes,,none noted  
2564,Travel & Airlines,OurBus,OurBus Loyalty,https://www.ourbus.com/account/create,Yes,Bus,web,email,yes,,none noted  
2565,Travel & Airlines,Vamoose Bus,Vamoose Bus Loyalty,https://www.vamoosebus.com/account/create,Yes,Bus,web,email,yes,,none noted  
2566,Fashion & Apparel,Reformation,Reformation Rewards,https://www.reformation.com/account/create,Yes,Apparel,web,email,yes,,none noted  
2567,Fashion & Apparel,Cuyana,Cuyana Rewards,https://www.cuyana.com/account/create,Yes,Apparel,web,email,yes,,none noted  
2568,Fashion & Apparel,Sezane,Sezane Rewards,https://www.sezane.com/account/create,Yes,Apparel,web,email,yes,,none noted  
2569,Fashion & Apparel,Rouje,Rouje Rewards,https://www.rouje.com/account/create,Yes,Apparel,web,email,yes,,none noted  
2570,Fashion & Apparel,Ganni,Ganni Rewards,https://www.ganni.com/account/create,Yes,Apparel,web,email,yes,,none noted  
2571,Fashion & Apparel,APC,APC Rewards,https://www.apc-us.com/account/create,Yes,Apparel,web,email,yes,,none noted  
2572,Fashion & Apparel,Ami Paris,Ami Paris Rewards,https://www.ami-paris.com/account/create,Yes,Apparel,web,email,yes,,none noted  
2573,Fashion & Apparel,Maison Kitsune,Maison Kitsune Rewards,https://www.maisonkitsune.com/account/create,Yes,Apparel,web,email,yes,,none noted  
2574,Fashion & Apparel,Sandro Paris,Sandro Paris Rewards,https://www.sandro-paris.com/account/create,Yes,Apparel,web,email,yes,,none noted  
2575,Fashion & Apparel,Maje,Maje Rewards,https://www.maje.com/account/create,Yes,Apparel,web,email,yes,,none noted  
2576,Fashion & Apparel,Claudie Pierlot,Claudie Pierlot Rewards,https://www.claudiepierlot.com/account/create,Yes,Apparel,web,email,yes,,none noted  
2577,Fashion & Apparel,The Kooples,The Kooples Rewards,https://www.thekooples.com/account/create,Yes,Apparel,web,email,yes,,none noted  
2578,Fashion & Apparel,Zadig & Voltaire,Zadig & Voltaire Rewards,https://www.zadig-et-voltaire.com/account/create,Yes,Apparel,web,email,yes,,none noted  
2579,Fashion & Apparel,Hackett London,Hackett London Rewards,https://www.hackett.com/account/create,Yes,Apparel,web,email,yes,,none noted  
2580,Fashion & Apparel,Barbour,Barbour Rewards,https://www.barbour.com/account/create,Yes,Apparel,web,email,yes,,none noted  
2581,Fashion & Apparel,Belstaff,Belstaff Rewards,https://www.belstaff.com/account/create,Yes,Apparel,web,email,yes,,none noted  
2582,Fashion & Apparel,Filson,Filson Rewards,https://www.filson.com/account/create,Yes,Apparel,web,email,yes,,none noted  
2583,Fashion & Apparel,Orlebar Brown,Orlebar Brown Rewards,https://www.orlebarbrown.com/account/create,Yes,Apparel,web,email,yes,,none noted  
2584,Fashion & Apparel,Sunspel,Sunspel Rewards,https://www.sunspel.com/account/create,Yes,Apparel,web,email,yes,,none noted  
2585,Fashion & Apparel,Frescobol Carioca,Frescobol Carioca Rewards,https://www.frescobolcarioca.com/account/create,Yes,Apparel,web,email,yes,,none noted  
2586,Fashion & Apparel,Vilebrequin,Vilebrequin Rewards,https://www.vilebrequin.com/account/create,Yes,Apparel,web,email,yes,,none noted  
2587,Fashion & Apparel,Faherty,Faherty Rewards,https://www.fahertybrand.com/account/create,Yes,Apparel,web,email,yes,,none noted  
2588,Fashion & Apparel,Marine Layer,Marine Layer Rewards,https://www.marinelayer.com/account/create,Yes,Apparel,web,email,yes,,none noted  
2589,Dining,Nando's Peri-Peri,Nando's Peri-Peri Rewards,https://www.nandosperiperi.com/account/create,Yes,Casual Dining,web,email,yes,,none noted  
2590,Dining,Leon,Leon Rewards,https://www.leon.co/account/create,Yes,Fast Casual,web,email,yes,,none noted  
2591,Dining,Wagamama,Wagamama Rewards,https://www.wagamama.com/account/create,Yes,Casual Dining,web,email,yes,,none noted  
2592,Dining,Itsu,Itsu Rewards,https://www.itsu.com/account/create,Yes,Fast Casual,web,email,yes,,none noted  
2593,Dining,Wasabi,Wasabi Rewards,https://www.wasabi.uk.com/account/create,Yes,Fast Casual,web,email,yes,,none noted  
2594,Dining,YO\! Sushi,YO\! Sushi Rewards,https://www.yosushi.com/account/create,Yes,Fast Casual,web,email,yes,,none noted  
2595,Dining,Franco Manca,Franco Manca Rewards,https://www.francomanca.co.uk/account/create,Yes,Casual Dining,web,email,yes,,none noted  
2596,Dining,Dishoom,Dishoom Rewards,https://www.dishoom.com/account/create,Yes,Casual Dining,web,email,yes,,none noted  
2597,Dining,Hawksmoor,Hawksmoor Rewards,https://www.thehawksmoor.com/account/create,Yes,Fine Dining,web,email,yes,,none noted  
2598,Dining,PizzaExpress,PizzaExpress Rewards,https://www.pizzaexpress.com/account/create,Yes,Casual Dining,web,email,yes,,none noted  
2599,Dining,Zizzi,Zizzi Rewards,https://www.zizzi.co.uk/account/create,Yes,Casual Dining,web,email,yes,,none noted  
2600,Dining,Ask Italian,Ask Italian Rewards,https://www.askitalian.co.uk/account/create,Yes,Casual Dining,web,email,yes,,none noted  
2601,Dining,Bella Italia,Bella Italia Rewards,https://www.bellaitalia.co.uk/account/create,Yes,Casual Dining,web,email,yes,,none noted  
2602,Dining,Carluccio's,Carluccio's Rewards,https://www.carluccios.com/account/create,Yes,Casual Dining,web,email,yes,,none noted  
2603,Dining,Cote Brasserie,Cote Brasserie Rewards,https://www.cote.co.uk/account/create,Yes,Casual Dining,web,email,yes,,none noted  
2604,Dining,Bill's Restaurants,Bill's Restaurants Rewards,https://www.bills-website.co.uk/account/create,Yes,Casual Dining,web,email,yes,,none noted  
2605,Dining,Browns Brasserie,Browns Brasserie Rewards,https://www.browns-restaurants.co.uk/account/create,Yes,Casual Dining,web,email,yes,,none noted  
2606,Dining,The Ivy Collection,The Ivy Collection Rewards,https://www.the-ivy.co.uk/account/create,Yes,Fine Dining,web,email,yes,,none noted  
2607,Dining,Lounges Cosy Club,Lounges Cosy Club Rewards,https://www.thelounges.co.uk/account/create,Yes,Casual Dining,web,email,yes,,none noted  
2608,Dining,Miller & Carter,Miller & Carter Rewards,https://www.millerandcarter.co.uk/account/create,Yes,Casual Dining,web,email,yes,,none noted  
2609,Dining,Jollibee,Jollibee Rewards,https://www.jollibeefoods.com/account/create,Yes,Fast Food,web,email,yes,,none noted  
2610,Dining,Din Tai Fung,Din Tai Fung Rewards,https://www.dintaifungusa.com/account/create,Yes,Casual Dining,web,email,yes,,none noted  
2611,Dining,Ippudo,Ippudo Rewards,https://www.ippudous.com/account/create,Yes,Casual Dining,web,email,yes,,none noted  
2612,Dining,HaiDiLao Hot Pot,HaiDiLao Hot Pot Rewards,https://www.haidilao.com/account/create,Yes,Casual Dining,web,email,yes,,none noted  
2613,Dining,Ichiran,Ichiran Rewards,https://www.ichiranusa.com/account/create,Yes,Casual Dining,web,email,yes,,none noted  
2614,Dining,Ootoya,Ootoya Rewards,https://www.ootoya.us/account/create,Yes,Casual Dining,web,email,yes,,none noted  
2615,Dining,Gong Cha,Gong Cha Rewards,https://www.gongchausa.com/account/create,Yes,Beverage,web,email,yes,,none noted  
2616,Dining,Chatime,Chatime Rewards,https://www.chatime.com/account/create,Yes,Beverage,web,email,yes,,none noted  
2617,Dining,Tiger Sugar,Tiger Sugar Rewards,https://www.tigersugar.com/account/create,Yes,Beverage,web,email,yes,,none noted  
2618,Grocery,Good Eggs,Good Eggs Rewards,https://www.goodeggs.com/account/create,Yes,Delivery,web,email,yes,,none noted  
2619,Grocery,Hungryroot,Hungryroot Rewards,https://www.hungryroot.com/account/create,Yes,Delivery,web,email,yes,,none noted  
2620,Grocery,Amazon Fresh,Amazon Fresh Rewards,https://www.amazon.com/fresh/account/create,Yes,Delivery,web,email,yes,,none noted  
2621,Grocery,Mitsuwa Marketplace,Mitsuwa Marketplace Rewards,https://www.mitsuwa.com/account/create,Yes,Niche Grocer,web,email,yes,,none noted  
2622,Grocery,Uwajimaya,Uwajimaya Rewards,https://www.uwajimaya.com/account/create,Yes,Niche Grocer,web,email,yes,,none noted  
2623,Grocery,Tokyo Central,Tokyo Central Rewards,https://www.tokyocentral.com/account/create,Yes,Niche Grocer,web,email,yes,,none noted  
2624,Grocery,Zion Market,Zion Market Rewards,https://www.zionmarket.com/account/create,Yes,Niche Grocer,web,email,yes,,none noted  
2625,Grocery,Seafood City,Seafood City Rewards,https://www.seafoodcity.com/account/create,Yes,Niche Grocer,web,email,yes,,none noted  
2626,Grocery,Patel Brothers,Patel Brothers Rewards,https://www.patelbros.com/account/create,Yes,Niche Grocer,web,email,yes,,none noted  
2627,Grocery,Lotte Plaza Market,Lotte Plaza Market Rewards,https://www.lotteplaza.com/account/create,Yes,Niche Grocer,web,email,yes,,none noted  
2628,Grocery,Sedano's Supermarkets,Sedano's Supermarkets Rewards,https://www.sedanos.com/account/create,Yes,Regional Grocer,web,email,yes,,none noted  
2629,Grocery,Presidente Supermarkets,Presidente Supermarkets Rewards,https://www.presidentesupermarkets.com/account/create,Yes,Regional Grocer,web,email,yes,,none noted  
2630,Nonprofit & Community,RSPCA UK,RSPCA UK Account,https://www.rspca.org.uk/account/create,Yes,Animal Welfare,web,email,yes,,none noted  
2631,Nonprofit & Community,Battersea Dogs & Cats Home,Battersea Dogs & Cats Home Account,https://www.battersea.org.uk/account/create,Yes,Animal Welfare,web,email,yes,,none noted  
2632,Nonprofit & Community,Dogs Trust,Dogs Trust Account,https://www.dogstrust.org.uk/account/create,Yes,Animal Welfare,web,email,yes,,none noted  
2633,Nonprofit & Community,Cats Protection,Cats Protection Account,https://www.cats.org.uk/account/create,Yes,Animal Welfare,web,email,yes,,none noted  
2634,Nonprofit & Community,Blue Cross for Pets,Blue Cross for Pets Account,https://www.bluecross.org.uk/account/create,Yes,Animal Welfare,web,email,yes,,none noted  
2635,Nonprofit & Community,SPCA International,SPCA International Account,https://www.spcai.org/account/create,Yes,Animal Welfare,web,email,yes,,none noted  
2636,Nonprofit & Community,Soi Dog Foundation,Soi Dog Foundation Account,https://www.soidog.org/account/create,Yes,Animal Welfare,web,email,yes,,none noted  
2637,Nonprofit & Community,Animal Rescue League of Boston,Animal Rescue League of Boston Account,https://www.arlboston.org/account/create,Yes,Animal Welfare,web,email,yes,,none noted  
2638,Nonprofit & Community,San Francisco SPCA,San Francisco SPCA Account,https://www.sfspca.org/account/create,Yes,Animal Welfare,web,email,yes,,none noted  
2639,Nonprofit & Community,PAWS Chicago,PAWS Chicago Account,https://www.pawschicago.org/account/create,Yes,Animal Welfare,web,email,yes,,none noted  
2640,Nonprofit & Community,Best Friends Animal Society,Best Friends Animal Society Account,https://www.bestfriends.org/account/create,Yes,Animal Welfare,web,email,yes,,none noted  
2641,Nonprofit & Community,Austin Pets Alive,Austin Pets Alive Account,https://www.austinpetsalive.org/account/create,Yes,Animal Welfare,web,email,yes,,none noted  
2642,Nonprofit & Community,Atlanta Humane Society,Atlanta Humane Society Account,https://www.atlantahumane.org/account/create,Yes,Animal Welfare,web,email,yes,,none noted  
2643,Nonprofit & Community,Seattle Humane,Seattle Humane Account,https://www.seattlehumane.org/account/create,Yes,Animal Welfare,web,email,yes,,none noted  
2644,Nonprofit & Community,Dumb Friends League Colorado,Dumb Friends League Colorado Account,https://www.ddfl.org/account/create,Yes,Animal Welfare,web,email,yes,,none noted  
2645,Nonprofit & Community,Oregon Humane Society,Oregon Humane Society Account,https://www.oregonhumane.org/account/create,Yes,Animal Welfare,web,email,yes,,none noted  
2646,Nonprofit & Community,Humane Society of New York,Humane Society of New York Account,https://www.humanesocietyny.org/account/create,Yes,Animal Welfare,web,email,yes,,none noted  
2647,Nonprofit & Community,North Shore Animal League America,North Shore Animal League America Account,https://www.animalleague.org/account/create,Yes,Animal Welfare,web,email,yes,,none noted  
2648,Nonprofit & Community,SPCA of Texas,SPCA of Texas Account,https://www.spca.org/account/create,Yes,Animal Welfare,web,email,yes,,none noted  
2649,Nonprofit & Community,Animal Care Centers of NYC,Animal Care Centers of NYC Account,https://www.nycacc.org/account/create,Yes,Animal Welfare,web,email,yes,,none noted  
2650,Fintech,Tinker Federal Credit Union,Tinker Federal Credit Union Rewards,https://www.tinkerfcu.org/account/create,Yes,Credit Union,web,email,yes,,none noted  
2651,Fintech,All In Credit Union,All In Credit Union Rewards,https://www.allincu.com/account/create,Yes,Credit Union,web,email,yes,,none noted  
2652,Fintech,Truliant Federal Credit Union,Truliant Federal Credit Union Rewards,https://www.truliantfcu.org/account/create,Yes,Credit Union,web,email,yes,,none noted  
2653,Fintech,Redwood Credit Union,Redwood Credit Union Rewards,https://www.redwoodcu.org/account/create,Yes,Credit Union,web,email,yes,,none noted  
2654,Fintech,Teachers Credit Union,Teachers Credit Union Rewards,https://www.tcunet.com/account/create,Yes,Credit Union,web,email,yes,,none noted  
2655,Fintech,Community First Credit Union,Community First Credit Union Rewards,https://www.communityfirstfl.org/account/create,Yes,Credit Union,web,email,yes,,none noted  
2656,Fintech,First Community Credit Union,First Community Credit Union Rewards,https://www.fccu.org/account/create,Yes,Credit Union,web,email,yes,,none noted  
2657,Fintech,State Department Federal Credit Union,State Department Federal Credit Union Rewards,https://www.sdfcu.org/account/create,Yes,Credit Union,web,email,yes,,none noted  
2658,Fintech,Affinity Federal Credit Union,Affinity Federal Credit Union Rewards,https://www.affinityfcu.com/account/create,Yes,Credit Union,web,email,yes,,none noted  
2659,Fintech,Bellco Credit Union,Bellco Credit Union Rewards,https://www.bellco.org/account/create,Yes,Credit Union,web,email,yes,,none noted  
2660,Fintech,ESL Federal Credit Union,ESL Federal Credit Union Rewards,https://www.esl.org/account/create,Yes,Credit Union,web,email,yes,,none noted  
2661,Fintech,Hudson Valley Credit Union,Hudson Valley Credit Union Rewards,https://www.hvcu.org/account/create,Yes,Credit Union,web,email,yes,,none noted  
2662,Fintech,Summit Credit Union,Summit Credit Union Rewards,https://www.summitcreditunion.com/account/create,Yes,Credit Union,web,email,yes,,none noted  
2663,Fintech,Citadel Credit Union,Citadel Credit Union Rewards,https://www.citadelbanking.com/account/create,Yes,Credit Union,web,email,yes,,none noted  
2664,Fintech,OnPoint Community Credit Union,OnPoint Community Credit Union Rewards,https://www.onpointcu.com/account/create,Yes,Credit Union,web,email,yes,,none noted  
2665,Travel & Airlines,Breeze Airways,Breeze Airways Loyalty,https://www.flybreeze.com/account/create,Yes,Airline,web,email,yes,,none noted  
2666,Travel & Airlines,Sun Country Airlines,Sun Country Airlines Loyalty,https://www.suncountry.com/account/create,Yes,Airline,web,email,yes,,none noted  
2667,Travel & Airlines,Silver Airways,Silver Airways Loyalty,https://www.silverairways.com/account/create,Yes,Airline,web,email,yes,,none noted  
2668,Travel & Airlines,Cape Air,Cape Air Loyalty,https://www.capeair.com/account/create,Yes,Airline,web,email,yes,,none noted  
2669,Travel & Airlines,Boutique Air,Boutique Air Loyalty,https://www.boutiqueair.com/account/create,Yes,Airline,web,email,yes,,none noted  
2670,Travel & Airlines,Contour Airlines,Contour Airlines Loyalty,https://www.contourairlines.com/account/create,Yes,Airline,web,email,yes,,none noted  
2671,Travel & Airlines,Mokulele Airlines,Mokulele Airlines Loyalty,https://www.mokuleleairlines.com/account/create,Yes,Airline,web,email,yes,,none noted  
2672,Travel & Airlines,Southern Airways Express,Southern Airways Express Loyalty,https://www.iflysouthern.com/account/create,Yes,Airline,web,email,yes,,none noted  
2673,Travel & Airlines,Kenmore Air,Kenmore Air Loyalty,https://www.kenmoreair.com/account/create,Yes,Airline,web,email,yes,,none noted  
2674,Travel & Airlines,Tradewind Aviation,Tradewind Aviation Loyalty,https://www.flytradewind.com/account/create,Yes,Airline,web,email,yes,,none noted  
2675,Travel & Airlines,JSX,JSX Loyalty,https://www.jsx.com/account/create,Yes,Airline,web,email,yes,,none noted  
2676,Travel & Airlines,Advanced Air,Advanced Air Loyalty,https://www.advancedairlines.com/account/create,Yes,Airline,web,email,yes,,none noted  
2677,Travel & Airlines,Bering Air,Bering Air Loyalty,https://www.beringair.com/account/create,Yes,Airline,web,email,yes,,none noted  
2678,Travel & Airlines,Grant Aviation,Grant Aviation Loyalty,https://www.flygrant.com/account/create,Yes,Airline,web,email,yes,,none noted  
2679,Entertainment & Streaming,Fridley Theatres,Fridley Theatres Membership,https://www.fridleytheatres.com/account/create,Yes,Movie Theater,web,email,yes,,none noted  
2680,Entertainment & Streaming,VIP Cinemas,VIP Cinemas Membership,https://www.vipcinemas.com/account/create,Yes,Movie Theater,web,email,yes,,none noted  
2681,Entertainment & Streaming,Cinergy Entertainment,Cinergy Entertainment Membership,https://www.cinergy.com/account/create,Yes,Movie Theater,web,email,yes,,none noted  
2682,Entertainment & Streaming,Emagine Entertainment,Emagine Entertainment Membership,https://www.emagine-entertainment.com/account/create,Yes,Movie Theater,web,email,yes,,none noted  
2683,Entertainment & Streaming,Cobb Theatres,Cobb Theatres Membership,https://www.cobbtheatres.com/account/create,Yes,Movie Theater,web,email,yes,,none noted  
2684,Entertainment & Streaming,Krikorian Premiere Theatres,Krikorian Premiere Theatres Membership,https://www.kptmovies.com/account/create,Yes,Movie Theater,web,email,yes,,none noted  
2685,Entertainment & Streaming,Reading Cinemas,Reading Cinemas Membership,https://www.readingcinemasus.com/account/create,Yes,Movie Theater,web,email,yes,,none noted  
2686,Entertainment & Streaming,ShowBiz Cinemas,ShowBiz Cinemas Membership,https://www.showbizcinemas.com/account/create,Yes,Movie Theater,web,email,yes,,none noted  
2687,Entertainment & Streaming,Silverspot Cinema,Silverspot Cinema Membership,https://www.silverspot.net/account/create,Yes,Movie Theater,web,email,yes,,none noted  
2688,Dining,Runza,Runza Rewards,https://www.runza.com/account/create,Yes,Fast Food,web,email,yes,,none noted  
2689,Dining,Pal's Sudden Service,Pal's Sudden Service Rewards,https://www.palsweb.com/account/create,Yes,Fast Food,web,email,yes,,none noted  
2690,Dining,Taco Time,Taco Time Rewards,https://www.tacotime.com/account/create,Yes,Fast Food,web,email,yes,,none noted  
2691,Dining,Mighty Taco,Mighty Taco Rewards,https://www.mightytaco.com/account/create,Yes,Fast Food,web,email,yes,,none noted  
2692,Dining,Dion's Pizza,Dion's Pizza Rewards,https://www.dions.com/account/create,Yes,Pizza,web,email,yes,,none noted  
2693,Dining,Skyline Chili,Skyline Chili Rewards,https://www.skylinechili.com/account/create,Yes,Fast Casual,web,email,yes,,none noted  
2694,Dining,Gold Star Chili,Gold Star Chili Rewards,https://www.goldstarchili.com/account/create,Yes,Fast Casual,web,email,yes,,none noted  
2695,Dining,Blake's Lotaburger,Blake's Lotaburger Rewards,https://www.lotaburger.com/account/create,Yes,Fast Food,web,email,yes,,none noted  
2696,Dining,Burgerville,Burgerville Rewards,https://www.burgerville.com/account/create,Yes,Fast Food,web,email,yes,,none noted  
2697,Dining,Dick's Drive-In,Dick's Drive-In Rewards,https://www.ddir.com/account/create,Yes,Fast Food,web,email,yes,,none noted  
2698,Nonprofit & Community,Houston SPCA,Houston SPCA Account,https://www.houstonspca.org/account/create,Yes,Animal Welfare,web,email,yes,,none noted  
2699,Nonprofit & Community,SPCA Florida,SPCA Florida Account,https://www.spcaflorida.org/account/create,Yes,Animal Welfare,web,email,yes,,none noted  
2700,Nonprofit & Community,Peggy Adams Animal Rescue,Peggy Adams Animal Rescue Account,https://www.peggyadams.org/account/create,Yes,Animal Welfare,web,email,yes,,none noted  
2701,Nonprofit & Community,HALO Animal Rescue,HALO Animal Rescue Account,https://www.halorescue.org/account/create,Yes,Animal Welfare,web,email,yes,,none noted  
2702,Nonprofit & Community,Arizona Animal Welfare League,Arizona Animal Welfare League Account,https://www.aawl.org/account/create,Yes,Animal Welfare,web,email,yes,,none noted  
2703,Nonprofit & Community,Wayside Waifs,Wayside Waifs Account,https://www.waysidewaifs.org/account/create,Yes,Animal Welfare,web,email,yes,,none noted  
2704,Nonprofit & Community,Nebraska Humane Society,Nebraska Humane Society Account,https://www.nehumanesociety.org/account/create,Yes,Animal Welfare,web,email,yes,,none noted  
2705,Nonprofit & Community,Michigan Humane,Michigan Humane Account,https://www.michiganhumane.org/account/create,Yes,Animal Welfare,web,email,yes,,none noted  
2706,Nonprofit & Community,Animal Humane Society MN,Animal Humane Society MN Account,https://www.animalhumanesociety.org/account/create,Yes,Animal Welfare,web,email,yes,,none noted  
2707,Nonprofit & Community,Charleston Animal Society,Charleston Animal Society Account,https://www.charlestonanimalsociety.org/account/create,Yes,Animal Welfare,web,email,yes,,none noted  
2708,Nonprofit & Community,Humane Society of Tampa Bay,Humane Society of Tampa Bay Account,https://www.humanesocietytampa.org/account/create,Yes,Animal Welfare,web,email,yes,,none noted  
2709,Nonprofit & Community,San Diego Humane Society,San Diego Humane Society Account,https://www.sdhumane.org/account/create,Yes,Animal Welfare,web,email,yes,,none noted  
2710,Nonprofit & Community,Hawaiian Humane Society,Hawaiian Humane Society Account,https://www.hawaiianhumane.org/account/create,Yes,Animal Welfare,web,email,yes,,none noted  
2711,Travel & Airlines,Hampton Jitney,Hampton Jitney Loyalty,https://www.hamptonjitney.com/account/create,Yes,Bus,web,email,yes,,none noted  
2712,Travel & Airlines,Barons Bus,Barons Bus Loyalty,https://www.baronsbus.com/account/create,Yes,Bus,web,email,yes,,none noted  
2713,Travel & Airlines,Capitol Corridor,Capitol Corridor Loyalty,https://www.capitolcorridor.org/account/create,Yes,Rail,web,email,yes,,none noted  
2714,Travel & Airlines,SMART Sonoma-Marin Rail,SMART Sonoma-Marin Rail Loyalty,https://www.sonomamarintrain.org/account/create,Yes,Rail,web,email,yes,,none noted  
2715,Travel & Airlines,Trinity Railway Express TRE,Trinity Railway Express TRE Loyalty,https://www.trinityrailwayexpress.org/account/create,Yes,Rail,web,email,yes,,none noted  
2716,Travel & Airlines,SunRail Central Florida,SunRail Central Florida Loyalty,https://www.sunrail.com/account/create,Yes,Rail,web,email,yes,,none noted  
2717,Travel & Airlines,Brightline,Brightline Loyalty,https://www.gobrightline.com/account/create,Yes,Rail,web,email,yes,,none noted  
2718,Travel & Airlines,Alaska Marine Highway System,Alaska Marine Highway System Loyalty,https://www.ferryalaska.com/account/create,Yes,Ferry,web,email,yes,,none noted  
2719,Travel & Airlines,Washington State Ferries,Washington State Ferries Loyalty,https://www.wsdot.wa.gov/ferries/account/create,Yes,Ferry,web,email,yes,,none noted  
2720,Travel & Airlines,BC Ferries,BC Ferries Loyalty,https://www.bcferries.com/account/create,Yes,Ferry,web,email,yes,,none noted  
2721,Travel & Airlines,Staten Island Ferry,Staten Island Ferry Loyalty,https://www.siferry.com/account/create,Yes,Ferry,web,email,yes,,none noted  
2722,Travel & Airlines,Catalina Express,Catalina Express Loyalty,https://www.catalinaexpress.com/account/create,Yes,Ferry,web,email,yes,,none noted  
2723,Travel & Airlines,Cape May-Lewes Ferry,Cape May-Lewes Ferry Loyalty,https://www.cmlf.com/account/create,Yes,Ferry,web,email,yes,,none noted  
2724,Travel & Airlines,Steamship Authority,Steamship Authority Loyalty,https://www.steamshipauthority.com/account/create,Yes,Ferry,web,email,yes,,none noted  